customerID,gender,SeniorCitizen,Partner,Dependents,tenure,PhoneService,MultipleLines,InternetService,OnlineSecurity,OnlineBackup,DeviceProtection,TechSupport,StreamingTV,StreamingMovies,Contract,PaperlessBilling,PaymentMethod,MonthlyCharges,TotalCharges,Churn
4623-TR02091,Female,0,Yes,Yes,38,Yes,No,DSL,Yes,No,No,Yes,Yes,Yes,One year,Yes,Credit card (automatic),73.67,2819.83,No
9440-TR02245,Female,0,No,No,48,Yes,Yes,Fiber optic,No,No,No,No,No,Yes,Month-to-month,Yes,Electronic check,83.97,3965.38,No
3759-TR01883,Male,0,No,No,1,No,No phone service,DSL,No,No,No,No,No,Yes,Month-to-month,Yes,Electronic check,39.14,40.2,Yes
5909-TR00604,Female,0,Yes,Yes,34,Yes,No,No,No internet service,No internet service,No internet service,No internet service,No internet service,No internet service,Two year,Yes,Mailed check,18.0,635.39,No
1131-QQZEB,Male,1,Yes,No,71,Yes,Yes,No,No internet service,No internet service,No internet service,No internet service,No internet service,No internet service,Two year,No,Bank transfer (automatic),23.95,1756.2,No
1090-TR02087,Female,0,No,No,17,Yes,No,Fiber optic,Yes,No,Yes,Yes,Yes,Yes,Month-to-month,Yes,Electronic check,107.37,1731.23,Yes
7516-TR02421,Male,0,No,Yes,19,Yes,No,DSL,No,No,No,No,No,No,One year,No,Mailed check,47.87,904.22,No
4227-TR02283,Female,0,Yes,Yes,40,Yes,No,DSL,Yes,Yes,No,Yes,Yes,Yes,One year,No,Credit card (automatic),83.47,3338.85,Yes
9058-HRZSV,Female,1,Yes,No,65,Yes,No,Fiber optic,Yes,Yes,Yes,No,No,Yes,Month-to-month,No,Electronic check,94.4,6126.15,No
7841-TZDMQ,Male,0,No,No,2,Yes,No,DSL,No,No,No,No,No,No,Month-to-month,Yes,Credit card (automatic),46.0,84.5,Yes
8282-TR01154,Female,0,No,No,28,No,No phone service,DSL,Yes,No,No,No,No,No,One year,No,Mailed check,28.31,793.29,No
8665-UTDHZ,Male,0,Yes,Yes,1,No,No phone service,DSL,No,Yes,No,No,No,No,Month-to-month,No,Electronic check,30.2,30.2,Yes
5991-TR00483,Male,0,Yes,Yes,33,Yes,Yes,DSL,Yes,No,Yes,Yes,No,No,Two year,Yes,Credit card (automatic),60.75,2101.07,No
9013-TR00943,Male,0,Yes,Yes,23,Yes,No,No,No internet service,No internet service,No internet service,No internet service,No internet service,No internet service,One year,No,Mailed check,18.0,404.75,No
2583-TR02289,Male,1,Yes,No,55,Yes,Yes,Fiber optic,No,Yes,No,No,No,Yes,Month-to-month,Yes,Electronic check,86.46,4658.67,No
4091-TVOCN,Male,0,No,Yes,48,Yes,Yes,DSL,Yes,No,Yes,No,Yes,Yes,One year,Yes,Credit card (automatic),78.75,3682.45,No
8560-TR00834,Female,1,No,No,10,Yes,No,Fiber optic,No,No,No,No,Yes,Yes,Month-to-month,Yes,Electronic check,90.15,919.51,No
5176-LMJXE,Female,0,No,No,47,Yes,No,No,No internet service,No internet service,No internet service,No internet service,No internet service,No internet service,Two year,Yes,Mailed check,20.55,945.7,No
3660-TR01954,Male,0,Yes,Yes,28,Yes,Yes,Fiber optic,No,Yes,No,Yes,No,No,Month-to-month,Yes,Credit card (automatic),87.5,2424.79,No
8908-TR00798,Male,0,No,No,55,Yes,Yes,DSL,No,Yes,Yes,Yes,No,Yes,Two year,Yes,Bank transfer (automatic),72.96,4100.46,No
4518-TR00312,Female,0,No,No,44,Yes,No,Fiber optic,No,No,Yes,No,No,No,Month-to-month,Yes,Credit card (automatic),73.07,3361.46,No
5682-TR01164,Male,0,Yes,No,63,Yes,Yes,Fiber optic,No,Yes,No,Yes,Yes,Yes,Two year,Yes,Electronic check,106.56,6490.86,No
4070-TR01712,Male,0,No,No,68,No,No phone service,DSL,Yes,Yes,No,Yes,Yes,Yes,Two year,Yes,Bank transfer (automatic),58.65,4001.19,No
2314-TR02602,Female,0,Yes,Yes,58,Yes,Yes,Fiber optic,Yes,Yes,Yes,Yes,Yes,Yes,Two year,No,Credit card (automatic),118.18,6793.89,No
4578-TR02559,Female,1,No,No,8,Yes,No,Fiber optic,No,No,No,No,Yes,Yes,Month-to-month,Yes,Electronic check,92.09,754.38,No
2166-TR02352,Female,1,No,No,29,Yes,Yes,Fiber optic,No,No,Yes,No,No,No,Month-to-month,Yes,Electronic check,79.69,2289.68,Yes
3887-PBQAO,Female,0,Yes,Yes,45,Yes,Yes,No,No internet service,No internet service,No internet service,No internet service,No internet service,No internet service,One year,Yes,Credit card (automatic),25.9,1216.6,No
9818-TR00193,Female,0,Yes,Yes,12,Yes,No,DSL,Yes,No,No,No,No,No,One year,No,Mailed check,49.96,603.92,No
8139-TR01892,Male,0,No,No,66,No,No phone service,DSL,Yes,Yes,No,Yes,Yes,Yes,Two year,Yes,Bank transfer (automatic),65.1,4241.36,No
5252-TR01128,Male,0,Yes,Yes,46,Yes,Yes,Fiber optic,Yes,No,No,No,Yes,Yes,One year,No,Electronic check,101.7,4630.07,No
7346-TR01518,Male,1,Yes,No,32,Yes,Yes,Fiber optic,No,No,Yes,No,Yes,Yes,Month-to-month,Yes,Electronic check,99.07,3146.78,No
7572-TR00202,Female,0,Yes,Yes,6,Yes,No,DSL,No,No,Yes,Yes,No,No,Month-to-month,No,Credit card (automatic),56.65,345.24,Yes
7408-TR00801,Female,0,Yes,Yes,7,Yes,Yes,Fiber optic,Yes,No,No,No,Yes,Yes,Month-to-month,Yes,Electronic check,98.38,683.88,Yes
5418-TR02821,Female,0,No,No,48,Yes,Yes,Fiber optic,No,No,No,No,No,Yes,Month-to-month,Yes,Electronic check,85.6,4183.68,No
7052-TR01776,Male,1,Yes,No,1,No,No phone service,DSL,No,Yes,No,No,Yes,No,Month-to-month,No,Electronic check,39.04,39.04,Yes
6782-TR00039,Female,0,Yes,No,46,Yes,Yes,Fiber optic,No,No,Yes,No,Yes,Yes,Month-to-month,Yes,Electronic check,101.27,4796.57,No
4208-TR01910,Female,0,Yes,Yes,71,Yes,Yes,Fiber optic,Yes,Yes,Yes,Yes,Yes,Yes,Two year,No,Credit card (automatic),113.14,7991.63,No
8895-TR01198,Male,0,No,No,45,Yes,No,Fiber optic,No,No,No,No,No,No,Month-to-month,No,Credit card (automatic),70.32,3183.19,No
1098-TDVUQ,Female,0,No,No,1,Yes,No,No,No internet service,No internet service,No internet service,No internet service,No internet service,No internet service,Month-to-month,Yes,Bank transfer (automatic),19.25,19.25,No
5014-TR00607,Female,0,No,No,9,Yes,No,No,No internet service,No internet service,No internet service,No internet service,No internet service,No internet service,One year,No,Electronic check,18.17,158.13,No
7522-TR02734,Female,0,Yes,Yes,69,Yes,Yes,Fiber optic,Yes,Yes,No,Yes,Yes,No,Two year,No,Bank transfer (automatic),99.55,6783.01,No
1110-TR00245,Male,0,Yes,No,62,No,No phone service,DSL,Yes,Yes,Yes,Yes,Yes,No,Two year,Yes,Bank transfer (automatic),54.24,3458.3,No
2603-TR00996,Female,0,Yes,Yes,21,Yes,No,DSL,No,No,Yes,Yes,No,No,One year,Yes,Credit card (automatic),55.18,1175.76,No
5450-TR01455,Male,0,No,No,70,Yes,Yes,Fiber optic,No,Yes,Yes,Yes,Yes,Yes,Two year,No,Bank transfer (automatic),110.83,7879.81,No
2624-TR02675,Male,0,No,No,22,Yes,No,DSL,No,No,No,No,Yes,Yes,One year,Yes,Bank transfer (automatic),66.25,1469.73,No
8848-TR00349,Male,0,No,No,26,Yes,No,Fiber optic,Yes,No,Yes,Yes,Yes,Yes,Month-to-month,Yes,Electronic check,107.99,2756.21,No
4062-TR02021,Male,0,No,No,49,Yes,No,Fiber optic,Yes,Yes,No,Yes,No,Yes,Month-to-month,Yes,Credit card (automatic),93.08,4705.4,No
2089-TR01297,Female,0,No,No,5,Yes,No,No,No internet service,No internet service,No internet service,No internet service,No internet service,No internet service,One year,Yes,Mailed check,19.51,95.7,No
8319-TR01066,Male,0,No,No,2,No,No phone service,DSL,No,No,No,Yes,No,No,Month-to-month,No,Electronic check,29.25,60.84,No
7918-TR01895,Male,0,No,No,7,Yes,No,No,No internet service,No internet service,No internet service,No internet service,No internet service,No internet service,One year,No,Mailed check,20.91,156.96,No
3558-TR01118,Female,0,No,No,7,Yes,Yes,Fiber optic,No,No,No,No,Yes,Yes,Month-to-month,No,Electronic check,94.14,657.35,Yes
9589-TR02750,Male,0,No,No,4,Yes,No,No,No internet service,No internet service,No internet service,No internet service,No internet service,No internet service,Month-to-month,No,Bank transfer (automatic),22.03,92.18,No
4953-TR00028,Male,0,Yes,Yes,25,Yes,No,Fiber optic,No,Yes,Yes,Yes,No,No,One year,No,Mailed check,88.58,2134.83,No
8310-TR00842,Female,1,Yes,No,30,No,No phone service,DSL,Yes,No,Yes,No,No,Yes,Month-to-month,Yes,Electronic check,46.66,1400.34,No
1492-TR01510,Male,1,Yes,No,1,No,No phone service,DSL,No,Yes,No,No,Yes,No,Month-to-month,No,Electronic check,38.04,39.57,Yes
9617-TR01266,Female,0,Yes,Yes,72,No,No phone service,DSL,No,Yes,Yes,Yes,Yes,Yes,Two year,No,Credit card (automatic),61.26,4267.1,No
7224-TR00274,Male,1,Yes,No,56,Yes,Yes,Fiber optic,No,Yes,No,No,No,Yes,Month-to-month,Yes,Electronic check,93.81,5106.9,No
1660-TR00218,Male,0,No,Yes,35,Yes,Yes,Fiber optic,No,Yes,No,No,No,No,Month-to-month,Yes,Mailed check,84.26,2946.21,No
6317-YPKDH,Female,0,No,No,1,No,No phone service,DSL,No,Yes,No,No,No,No,Month-to-month,No,Bank transfer (automatic),29.95,29.95,Yes
8626-PTQGE,Male,0,No,No,69,No,No phone service,DSL,Yes,Yes,No,Yes,Yes,Yes,Two year,Yes,Bank transfer (automatic),60.05,4176.7,No
9684-TR00239,Male,0,Yes,Yes,63,Yes,No,DSL,Yes,Yes,Yes,Yes,Yes,Yes,Two year,No,Electronic check,87.16,5668.16,No
6390-TR01179,Male,0,No,No,0,Yes,No,DSL,No,No,No,Yes,No,No,Month-to-month,No,Mailed check,45.76,0.0,No
1436-TR01504,Female,1,No,No,58,Yes,Yes,DSL,Yes,Yes,No,Yes,Yes,Yes,One year,No,Bank transfer (automatic),81.86,4866.75,Yes
4973-TR02842,Female,0,No,No,40,Yes,No,Fiber optic,No,Yes,No,Yes,Yes,Yes,Two year,Yes,Bank transfer (automatic),96.56,4038.65,No
1891-TR00271,Female,0,Yes,Yes,28,No,No phone service,DSL,Yes,Yes,Yes,No,Yes,Yes,Month-to-month,Yes,Credit card (automatic),55.85,1575.03,Yes
4308-TR01505,Male,0,No,No,1,Yes,No,No,No internet service,No internet service,No internet service,No internet service,No internet service,No internet service,Month-to-month,No,Bank transfer (automatic),25.2,27.28,No
2280-TR01132,Female,0,No,No,3,Yes,No,DSL,No,Yes,No,No,No,No,Month-to-month,No,Bank transfer (automatic),51.33,154.37,No
5117-TR00917,Male,0,Yes,Yes,1,No,No phone service,DSL,No,Yes,No,No,No,No,Month-to-month,No,Electronic check,35.19,35.19,Yes
5933-TR01544,Female,0,No,No,0,Yes,No,DSL,No,No,No,No,No,No,Month-to-month,No,Mailed check,46.33,0.0,No
8314-TR00574,Male,0,No,No,5,Yes,No,Fiber optic,No,No,No,No,No,No,Month-to-month,No,Mailed check,70.49,357.23,Yes
1744-JHKYS,Female,0,Yes,No,34,Yes,Yes,No,No internet service,No internet service,No internet service,No internet service,No internet service,No internet service,Month-to-month,No,Electronic check,24.7,780.2,No
7892-POOKP,Female,0,Yes,No,28,Yes,Yes,Fiber optic,No,No,Yes,Yes,Yes,Yes,Month-to-month,Yes,Electronic check,104.8,3046.05,Yes
7426-TR00971,Male,1,Yes,No,54,Yes,Yes,Fiber optic,No,Yes,No,No,No,Yes,Month-to-month,Yes,Electronic check,95.08,5186.45,No
3924-TR00596,Female,0,Yes,Yes,63,Yes,Yes,DSL,Yes,Yes,Yes,No,No,No,Month-to-month,Yes,Bank transfer (automatic),67.67,4111.04,No
2697-TR02558,Female,0,No,No,2,Yes,No,Fiber optic,No,No,No,No,Yes,Yes,Month-to-month,Yes,Electronic check,90.52,196.52,Yes
6149-TR01138,Female,0,Yes,Yes,33,Yes,Yes,No,No internet service,No internet service,No internet service,No internet service,No internet service,No internet service,Two year,No,Credit card (automatic),25.01,839.31,No
5779-TR00006,Male,1,No,No,5,Yes,No,Fiber optic,No,Yes,No,No,No,No,Month-to-month,Yes,Electronic check,72.33,342.27,Yes
4318-TR01718,Male,0,No,No,3,Yes,Yes,Fiber optic,No,No,No,No,Yes,Yes,Month-to-month,No,Mailed check,95.52,297.11,Yes
8704-TR02471,Male,0,Yes,No,31,No,No phone service,DSL,No,No,No,No,Yes,No,Month-to-month,No,Mailed check,33.75,1031.92,No
7948-TR01430,Male,0,No,No,2,Yes,No,DSL,No,Yes,No,No,No,No,Month-to-month,No,Mailed check,47.63,97.28,No
3023-TR00137,Female,0,No,No,0,Yes,No,Fiber optic,No,No,No,No,Yes,Yes,Month-to-month,Yes,Electronic check,92.01,0.0,Yes
1157-TR01194,Female,0,Yes,Yes,22,Yes,No,DSL,No,No,Yes,Yes,No,No,One year,Yes,Credit card (automatic),53.57,1190.89,No
3107-TR01209,Female,0,No,No,68,Yes,Yes,DSL,Yes,No,No,No,No,No,Month-to-month,No,Mailed check,58.64,4029.93,No
4475-TR02612,Male,0,No,Yes,63,Yes,No,DSL,Yes,Yes,No,No,No,No,One year,No,Bank transfer (automatic),52.9,3333.71,No
9537-TR02022,Male,0,No,No,0,Yes,No,DSL,No,No,No,No,No,No,Month-to-month,Yes,Credit card (automatic),49.38,1.44,Yes
5531-TR01969,Female,0,No,No,53,Yes,No,DSL,Yes,No,Yes,Yes,No,No,One year,No,Credit card (automatic),54.3,2918.09,No
4579-TR01092,Female,1,No,No,60,Yes,Yes,Fiber optic,Yes,Yes,Yes,No,Yes,Yes,One year,No,Electronic check,112.71,7028.52,No
2676-TR01071,Male,0,No,No,43,Yes,Yes,Fiber optic,No,No,No,No,Yes,Yes,One year,No,Mailed check,94.21,4119.33,No
6320-TR01005,Female,0,No,No,22,Yes,No,Fiber optic,Yes,No,No,Yes,No,Yes,Month-to-month,Yes,Electronic check,88.91,1854.7,No
2656-TR01574,Female,0,No,Yes,4,Yes,No,DSL,Yes,No,No,Yes,No,Yes,Month-to-month,Yes,Bank transfer (automatic),64.39,254.73,No
4573-TR00636,Male,1,Yes,No,22,Yes,Yes,Fiber optic,No,No,No,No,No,Yes,Month-to-month,No,Electronic check,86.36,1907.94,No
1416-TR00075,Female,0,No,No,18,Yes,No,Fiber optic,Yes,Yes,No,No,Yes,Yes,Month-to-month,Yes,Credit card (automatic),98.59,1694.83,Yes
5588-TR01495,Male,0,No,No,13,Yes,No,No,No internet service,No internet service,No internet service,No internet service,No internet service,No internet service,Month-to-month,Yes,Mailed check,18.0,237.87,No
2560-TR02835,Male,0,Yes,Yes,23,Yes,No,Fiber optic,No,Yes,Yes,Yes,No,No,One year,No,Mailed check,87.94,1975.29,No
2952-TR02707,Female,0,No,No,29,No,No phone service,DSL,Yes,No,No,No,No,No,One year,No,Mailed check,29.18,914.14,No
5760-TR00787,Female,0,Yes,Yes,72,Yes,Yes,Fiber optic,Yes,Yes,Yes,No,Yes,Yes,Two year,No,Credit card (automatic),105.23,7475.17,No
7868-TR00301,Female,0,Yes,Yes,38,Yes,No,No,No internet service,No internet service,No internet service,No internet service,No internet service,No internet service,Two year,Yes,Mailed check,21.09,810.59,No
3202-TR00676,Female,0,No,No,51,Yes,No,No,No internet service,No internet service,No internet service,No internet service,No internet service,No internet service,Two year,Yes,Mailed check,22.53,1092.1,No
1395-TR01245,Male,0,No,No,47,Yes,Yes,Fiber optic,No,Yes,Yes,No,Yes,Yes,Month-to-month,Yes,Bank transfer (automatic),100.14,4659.93,Yes
6473-TR02030,Male,0,Yes,Yes,38,Yes,Yes,Fiber optic,Yes,No,No,No,Yes,Yes,One year,No,Electronic check,97.95,3887.67,No
3163-TR02594,Female,0,No,No,32,No,No phone service,DSL,Yes,No,No,No,No,No,One year,No,Mailed check,27.63,833.19,No
9935-TR00061,Female,1,No,No,20,No,No phone service,DSL,Yes,No,No,No,Yes,No,Month-to-month,Yes,Electronic check,42.5,891.81,Yes
0895-LMRSF,Male,0,No,No,23,Yes,No,DSL,No,No,No,No,Yes,Yes,One year,Yes,Bank transfer (automatic),64.9,1509.8,No
7086-TR01109,Male,0,Yes,Yes,72,Yes,No,No,No internet service,No internet service,No internet service,No internet service,No internet service,No internet service,Two year,No,Credit card (automatic),23.49,1736.22,No
9571-TR00213,Female,0,Yes,Yes,68,Yes,Yes,Fiber optic,Yes,Yes,No,Yes,Yes,No,Two year,No,Bank transfer (automatic),96.84,6815.23,No
7699-TR02529,Female,0,Yes,Yes,70,Yes,Yes,DSL,Yes,Yes,Yes,No,No,No,Month-to-month,Yes,Bank transfer (automatic),71.43,4868.6,No
7658-TR01263,Male,0,Yes,Yes,8,Yes,No,DSL,No,Yes,No,No,No,No,One year,No,Mailed check,49.08,419.68,No
3798-TR01404,Male,1,Yes,Yes,39,Yes,Yes,Fiber optic,No,Yes,No,No,Yes,Yes,Month-to-month,No,Electronic check,103.49,4084.11,No
9892-TR00279,Male,0,Yes,No,62,No,No phone service,DSL,Yes,Yes,Yes,Yes,Yes,No,Two year,Yes,Bank transfer (automatic),56.46,3624.1,No
7869-TR01279,Female,0,Yes,Yes,66,Yes,No,No,No internet service,No internet service,No internet service,No internet service,No internet service,No internet service,Two year,No,Mailed check,23.58,1574.98,No
1962-TR00778,Female,0,No,No,35,Yes,No,No,No internet service,No internet service,No internet service,No internet service,No internet service,No internet service,One year,No,Bank transfer (automatic),19.61,687.88,No
1433-TR02714,Male,1,No,No,15,Yes,Yes,Fiber optic,No,Yes,Yes,No,Yes,Yes,Month-to-month,Yes,Electronic check,109.58,1590.34,Yes
8158-TR00094,Female,0,Yes,No,28,Yes,Yes,Fiber optic,No,No,Yes,Yes,Yes,Yes,Month-to-month,Yes,Electronic check,103.64,3111.02,Yes
3015-TR01698,Female,0,Yes,No,0,Yes,No,DSL,No,No,No,No,Yes,No,Month-to-month,No,Mailed check,55.39,0.0,Yes
9777-TR02637,Female,0,Yes,Yes,38,Yes,Yes,No,No internet service,No internet service,No internet service,No internet service,No internet service,No internet service,Two year,No,Credit card (automatic),24.8,909.19,No
6227-TR01153,Female,1,Yes,No,25,No,No phone service,DSL,Yes,No,Yes,No,No,Yes,Month-to-month,Yes,Electronic check,47.17,1212.08,No
7986-TR02545,Female,0,Yes,Yes,4,Yes,No,No,No internet service,No internet service,No internet service,No internet service,No internet service,No internet service,Month-to-month,No,Mailed check,18.0,70.58,No
8769-KKTPH,Female,0,Yes,Yes,63,Yes,Yes,Fiber optic,Yes,No,No,No,Yes,Yes,One year,Yes,Credit card (automatic),99.65,6311.2,No
9367-WXLCH,Male,0,No,No,8,Yes,Yes,Fiber optic,No,No,No,No,No,Yes,Month-to-month,No,Bank transfer (automatic),84.5,662.65,Yes
9157-TR00214,Female,0,Yes,Yes,70,Yes,Yes,Fiber optic,Yes,Yes,No,No,Yes,Yes,One year,Yes,Electronic check,105.07,7484.14,No
7073-TR00149,Male,0,No,Yes,45,Yes,Yes,DSL,Yes,No,Yes,No,Yes,Yes,One year,Yes,Credit card (automatic),75.26,3453.97,No
6351-TR00652,Female,0,No,No,11,Yes,No,Fiber optic,No,Yes,Yes,No,No,No,Month-to-month,Yes,Electronic check,79.66,874.73,Yes
4099-TR01437,Female,0,No,No,9,Yes,Yes,Fiber optic,Yes,No,No,No,No,No,Month-to-month,Yes,Electronic check,76.71,729.72,Yes
6333-TR00516,Female,0,Yes,Yes,68,Yes,Yes,DSL,Yes,Yes,No,No,Yes,No,Two year,Yes,Credit card (automatic),68.38,4296.34,No
3543-TR00021,Female,0,No,No,10,Yes,No,Fiber optic,No,Yes,No,Yes,No,No,Month-to-month,Yes,Credit card (automatic),76.41,754.75,No
9267-TR00338,Female,0,No,No,10,Yes,No,Fiber optic,No,Yes,Yes,No,No,No,Month-to-month,Yes,Electronic check,82.08,874.79,Yes
7364-TR00913,Female,0,Yes,No,36,Yes,Yes,DSL,No,Yes,No,No,No,No,Month-to-month,No,Credit card (automatic),60.06,2175.44,No
4549-ZDQYY,Female,0,No,No,52,Yes,No,DSL,Yes,No,Yes,Yes,No,No,One year,No,Credit card (automatic),57.95,3042.25,No
9479-TR02122,Female,0,No,No,48,Yes,No,No,No internet service,No internet service,No internet service,No internet service,No internet service,No internet service,Two year,Yes,Mailed check,20.23,942.34,No
7265-TR00303,Female,0,No,No,41,Yes,No,No,No internet service,No internet service,No internet service,No internet service,No internet service,No internet service,Two year,No,Mailed check,21.7,924.53,No
9420-LOJKX,Female,0,No,No,15,Yes,No,Fiber optic,Yes,Yes,No,No,Yes,Yes,Month-to-month,Yes,Credit card (automatic),99.1,1426.4,Yes
7634-TR00858,Female,0,No,No,20,Yes,No,Fiber optic,Yes,No,No,No,No,No,Month-to-month,Yes,Bank transfer (automatic),75.55,1521.87,No
5349-TR02229,Female,0,Yes,No,39,Yes,Yes,DSL,No,Yes,No,No,No,No,Month-to-month,No,Credit card (automatic),59.35,2385.3,No
9741-TR02032,Female,1,No,No,7,Yes,No,Fiber optic,No,Yes,No,No,Yes,Yes,Month-to-month,Yes,Electronic check,94.61,684.17,Yes
3962-TR02426,Female,1,No,No,4,Yes,No,Fiber optic,Yes,No,No,No,No,No,Month-to-month,No,Bank transfer (automatic),76.99,314.73,Yes
1197-TR02301,Male,0,No,No,5,Yes,No,DSL,Yes,Yes,No,No,No,No,Month-to-month,Yes,Mailed check,54.48,271.98,Yes
5352-TR01647,Female,0,No,No,15,Yes,No,Fiber optic,Yes,No,Yes,Yes,Yes,Yes,Month-to-month,Yes,Electronic check,107.34,1637.23,Yes
9629-TR00121,Male,1,No,No,25,Yes,Yes,Fiber optic,No,No,No,No,No,No,Month-to-month,Yes,Electronic check,76.84,1842.04,Yes
7220-TR01959,Male,0,Yes,Yes,15,Yes,No,DSL,No,Yes,Yes,Yes,No,Yes,Month-to-month,Yes,Mailed check,66.7,1014.97,No
5569-TR00412,Male,0,No,No,23,Yes,No,DSL,No,Yes,No,No,No,No,Month-to-month,Yes,Mailed check,49.41,1187.21,No
4635-TR02569,Male,0,No,No,0,No,No phone service,DSL,No,No,No,Yes,No,No,Month-to-month,No,Electronic check,33.03,0.0,No
3133-TR02894,Female,0,Yes,Yes,68,Yes,Yes,Fiber optic,Yes,Yes,No,Yes,Yes,No,Two year,Yes,Credit card (automatic),104.27,6930.53,No
4049-TR01425,Male,0,Yes,Yes,72,No,No phone service,DSL,Yes,Yes,Yes,Yes,No,Yes,Two year,Yes,Credit card (automatic),56.95,4032.42,No
8210-TR02149,Female,1,No,No,10,Yes,No,Fiber optic,No,No,No,No,Yes,Yes,Month-to-month,Yes,Electronic check,89.64,906.92,No
1129-TR00594,Male,0,Yes,Yes,0,Yes,Yes,Fiber optic,No,Yes,Yes,No,No,No,Month-to-month,Yes,Bank transfer (automatic),82.35,0.0,Yes
9490-TR02450,Female,1,No,No,55,Yes,Yes,Fiber optic,Yes,Yes,Yes,No,Yes,Yes,One year,No,Electronic check,109.96,6152.3,No
3715-TR00400,Male,0,Yes,Yes,48,Yes,Yes,No,No internet service,No internet service,No internet service,No internet service,No internet service,No internet service,Two year,No,Mailed check,21.47,977.32,No
8861-TR02331,Female,1,Yes,No,11,Yes,Yes,Fiber optic,No,Yes,No,No,No,No,Month-to-month,Yes,Credit card (automatic),79.82,900.94,Yes
5725-TR01726,Female,1,No,No,20,Yes,Yes,Fiber optic,No,No,Yes,No,No,No,Month-to-month,Yes,Credit card (automatic),75.56,1466.86,No
1257-TR02171,Female,1,No,No,20,No,No phone service,DSL,Yes,No,No,No,Yes,No,Month-to-month,Yes,Electronic check,41.88,856.21,Yes
9873-TR02635,Male,0,No,No,1,Yes,No,DSL,No,No,No,Yes,No,No,Month-to-month,No,Mailed check,49.15,52.65,No
6569-TR01917,Male,0,Yes,Yes,63,Yes,No,No,No internet service,No internet service,No internet service,No internet service,No internet service,No internet service,Two year,No,Credit card (automatic),18.4,1108.78,No
3024-TR01413,Female,0,No,No,7,Yes,No,DSL,No,Yes,No,No,No,No,Month-to-month,No,Bank transfer (automatic),51.73,392.18,No
4831-TR00186,Male,0,No,No,24,Yes,No,Fiber optic,Yes,No,Yes,Yes,Yes,Yes,Month-to-month,Yes,Electronic check,104.91,2494.37,No
4437-TR01144,Male,1,Yes,No,2,No,No phone service,DSL,No,Yes,No,No,Yes,No,Month-to-month,No,Electronic check,41.65,78.48,Yes
4443-EMBNA,Female,0,Yes,No,71,Yes,Yes,No,No internet service,No internet service,No internet service,No internet service,No internet service,No internet service,Two year,No,Bank transfer (automatic),24.75,1836.9,No
8012-SOUDQ,Female,1,No,No,43,Yes,Yes,Fiber optic,No,Yes,No,No,Yes,No,Month-to-month,Yes,Electronic check,90.25,3838.75,No
5154-TR02356,Female,0,No,No,6,Yes,No,No,No internet service,No internet service,No internet service,No internet service,No internet service,No internet service,Month-to-month,No,Mailed check,20.82,125.51,No
3167-SNQPL,Male,1,Yes,Yes,38,Yes,Yes,Fiber optic,No,Yes,No,No,Yes,Yes,Month-to-month,No,Electronic check,101.15,3741.85,No
1387-TR01670,Female,0,No,No,44,Yes,No,Fiber optic,No,Yes,No,Yes,Yes,Yes,Two year,Yes,Bank transfer (automatic),96.56,4342.12,No
0691-JVSYA,Female,0,Yes,No,53,Yes,No,Fiber optic,No,No,Yes,No,Yes,Yes,One year,Yes,Bank transfer (automatic),94.85,5000.2,Yes
8634-TR02705,Male,0,Yes,No,2,Yes,No,Fiber optic,No,Yes,Yes,No,No,Yes,Month-to-month,Yes,Electronic check,88.4,177.86,Yes
7825-ECJRF,Female,0,No,No,19,Yes,No,Fiber optic,Yes,No,Yes,Yes,Yes,Yes,Month-to-month,Yes,Electronic check,106.6,1934.45,Yes
5337-TR00156,Male,0,No,No,14,Yes,No,No,No internet service,No internet service,No internet service,No internet service,No internet service,No internet service,Two year,No,Credit card (automatic),20.76,304.46,No
2793-TR02147,Male,0,Yes,No,71,Yes,Yes,DSL,Yes,Yes,Yes,Yes,Yes,Yes,Two year,Yes,Bank transfer (automatic),88.68,6034.84,No
8651-TR01174,Male,0,No,No,2,Yes,No,Fiber optic,No,No,No,No,No,No,Month-to-month,No,Mailed check,69.32,138.15,Yes
4665-TR01051,Female,0,Yes,Yes,6,Yes,No,DSL,Yes,No,No,No,No,No,One year,No,Mailed check,41.86,261.77,No
3445-HXXGF,Male,1,Yes,No,58,No,No phone service,DSL,No,Yes,Yes,No,No,Yes,Month-to-month,Yes,Electronic check,45.3,2651.2,Yes
1755-TR01367,Female,0,Yes,Yes,12,No,No phone service,DSL,Yes,No,No,No,Yes,Yes,Month-to-month,No,Electronic check,54.09,665.61,No
2928-HLDBA,Female,0,No,No,6,Yes,No,No,No internet service,No internet service,No internet service,No internet service,No internet service,No internet service,Month-to-month,No,Mailed check,20.7,112.75,No
1545-TR01873,Female,0,No,Yes,14,Yes,No,DSL,Yes,Yes,No,No,No,No,Month-to-month,Yes,Electronic check,53.22,762.37,No
2651-TR00031,Female,0,Yes,Yes,44,Yes,No,No,No internet service,No internet service,No internet service,No internet service,No internet service,No internet service,Two year,Yes,Mailed check,19.84,927.27,No
9610-TR00669,Female,0,No,No,31,No,No phone service,DSL,Yes,Yes,No,Yes,No,Yes,Two year,Yes,Bank transfer (automatic),45.99,1423.92,No
7866-TR00005,Female,0,No,No,3,No,No phone service,DSL,No,Yes,No,No,No,No,Month-to-month,No,Bank transfer (automatic),31.81,94.38,Yes
1862-QRWPE,Female,0,Yes,Yes,48,Yes,No,No,No internet service,No internet service,No internet service,No internet service,No internet service,No internet service,Two year,No,Bank transfer (automatic),20.65,1057.0,No
9959-TR00840,Female,0,Yes,No,17,Yes,No,Fiber optic,Yes,Yes,No,Yes,Yes,No,Month-to-month,Yes,Electronic check,94.92,1624.58,No
9224-TR00383,Female,0,Yes,Yes,45,Yes,No,No,No internet service,No internet service,No internet service,No internet service,No internet service,No internet service,Two year,No,Bank transfer (automatic),24.24,1141.05,No
4919-TR00845,Female,0,No,No,11,Yes,Yes,Fiber optic,No,No,No,No,No,No,Month-to-month,Yes,Electronic check,74.73,850.24,Yes
8515-TR01487,Male,0,No,No,35,Yes,Yes,Fiber optic,No,No,Yes,Yes,Yes,No,One year,No,Bank transfer (automatic),94.91,3178.25,No
1066-JKSGK,Male,0,No,No,1,Yes,No,No,No internet service,No internet service,No internet service,No internet service,No internet service,No internet service,Month-to-month,No,Mailed check,20.15,20.15,Yes
4322-RCYMT,Male,0,Yes,Yes,68,Yes,Yes,DSL,No,Yes,Yes,Yes,No,Yes,One year,Yes,Bank transfer (automatic),75.8,5293.95,Yes
6042-TR02041,Female,0,Yes,No,1,No,No phone service,DSL,No,Yes,No,No,No,No,Month-to-month,Yes,Electronic check,29.32,29.32,No
5378-TR00571,Male,0,No,No,4,Yes,Yes,Fiber optic,No,No,No,No,Yes,Yes,Month-to-month,No,Mailed check,94.62,368.3,Yes
7954-TR02628,Female,0,Yes,Yes,53,Yes,Yes,Fiber optic,No,No,Yes,No,Yes,Yes,One year,Yes,Credit card (automatic),97.94,5287.0,No
8433-TR01024,Female,1,No,No,44,Yes,Yes,Fiber optic,No,Yes,No,No,Yes,No,Month-to-month,Yes,Electronic check,91.6,4028.93,No
9763-GRSKD,Male,0,Yes,Yes,13,Yes,No,DSL,Yes,No,No,No,No,No,Month-to-month,Yes,Mailed check,49.95,587.45,No
1900-TR00978,Female,1,Yes,No,63,Yes,No,Fiber optic,Yes,Yes,Yes,No,No,Yes,Month-to-month,No,Electronic check,95.58,6124.79,No
3977-TR02686,Male,0,No,No,5,Yes,No,No,No internet service,No internet service,No internet service,No internet service,No internet service,No internet service,Month-to-month,No,Bank transfer (automatic),25.3,121.7,No
6861-TR01700,Male,1,No,No,3,Yes,No,DSL,No,No,No,No,No,No,Month-to-month,No,Bank transfer (automatic),47.03,142.39,No
8179-TR01507,Female,0,Yes,No,4,Yes,No,Fiber optic,No,No,Yes,No,No,No,Month-to-month,Yes,Bank transfer (automatic),76.23,309.53,Yes
4173-TR00710,Male,0,No,No,6,Yes,No,No,No internet service,No internet service,No internet service,No internet service,No internet service,No internet service,Month-to-month,No,Mailed check,20.58,129.63,Yes
2888-TR02520,Female,0,No,No,6,Yes,Yes,Fiber optic,No,No,Yes,No,Yes,Yes,Month-to-month,Yes,Electronic check,101.08,616.8,Yes
5582-TR00164,Male,1,Yes,No,53,Yes,Yes,Fiber optic,No,Yes,No,No,No,Yes,Month-to-month,Yes,Electronic check,91.4,4674.33,No
8653-TR00234,Male,1,Yes,No,35,Yes,Yes,Fiber optic,No,No,Yes,No,Yes,Yes,Month-to-month,Yes,Electronic check,101.3,3598.04,No
3379-TR01655,Female,0,No,No,2,Yes,No,DSL,No,No,No,No,No,No,Month-to-month,No,Mailed check,46.25,87.36,No
8142-TR02313,Female,1,No,No,11,Yes,Yes,Fiber optic,No,No,No,No,No,No,Month-to-month,Yes,Mailed check,73.78,798.56,Yes
1052-TR02461,Female,0,Yes,No,53,Yes,No,Fiber optic,No,No,Yes,No,Yes,Yes,One year,Yes,Bank transfer (automatic),96.23,5166.75,Yes
5342-TR00633,Female,0,Yes,No,49,Yes,Yes,Fiber optic,Yes,Yes,Yes,Yes,Yes,Yes,One year,No,Mailed check,115.74,6199.82,No
4209-TR01902,Female,0,No,No,10,Yes,No,DSL,No,Yes,No,No,No,No,Month-to-month,No,Electronic check,51.32,532.57,No
2343-TR00385,Male,0,No,No,22,No,No phone service,DSL,Yes,No,No,No,Yes,Yes,One year,Yes,Mailed check,53.43,1141.32,No
0623-IIHUG,Female,1,No,No,21,No,No phone service,DSL,Yes,No,No,No,Yes,No,Month-to-month,Yes,Electronic check,41.9,840.1,Yes
7604-TR01961,Female,0,Yes,Yes,49,Yes,Yes,No,No internet service,No internet service,No internet service,No internet service,No internet service,No internet service,One year,Yes,Credit card (automatic),23.48,1133.68,No
9839-TR01214,Female,0,Yes,Yes,67,Yes,Yes,Fiber optic,Yes,Yes,Yes,Yes,Yes,Yes,Two year,No,Credit card (automatic),115.31,7286.69,No
6715-TR02174,Male,1,Yes,No,19,Yes,Yes,Fiber optic,No,No,No,No,No,Yes,Month-to-month,No,Electronic check,90.6,1660.65,No
9963-TR00117,Male,1,Yes,No,21,Yes,No,DSL,Yes,Yes,No,No,No,Yes,Month-to-month,Yes,Bank transfer (automatic),64.59,1305.66,No
8568-TR00053,Female,1,Yes,No,7,Yes,No,Fiber optic,No,No,No,No,No,No,Month-to-month,Yes,Electronic check,69.32,462.63,No
1186-TR01473,Female,0,Yes,Yes,59,Yes,Yes,DSL,Yes,Yes,Yes,Yes,Yes,Yes,Two year,No,Mailed check,87.48,5193.32,No
4090-TR00949,Male,0,No,No,17,Yes,No,DSL,No,Yes,No,No,No,No,Month-to-month,Yes,Mailed check,49.68,816.94,No
2969-TR00434,Male,0,Yes,Yes,72,Yes,Yes,Fiber optic,Yes,No,Yes,No,Yes,Yes,Two year,No,Electronic check,106.31,7628.18,No
2475-TR01369,Female,0,Yes,No,46,Yes,Yes,Fiber optic,No,No,Yes,No,Yes,Yes,Month-to-month,Yes,Electronic check,98.69,4504.82,No
2634-TR00029,Female,0,No,No,11,Yes,Yes,Fiber optic,No,No,Yes,No,Yes,Yes,Month-to-month,Yes,Electronic check,98.09,1123.21,Yes
1960-TR02759,Female,0,No,Yes,18,Yes,No,DSL,No,No,No,No,Yes,Yes,Month-to-month,Yes,Mailed check,65.12,1172.26,Yes
5716-EZXZN,Female,0,Yes,Yes,65,Yes,Yes,Fiber optic,Yes,Yes,No,Yes,Yes,No,Two year,Yes,Credit card (automatic),99.05,6416.7,No
2395-TR01566,Female,0,Yes,No,58,Yes,Yes,DSL,No,Yes,No,Yes,No,No,Two year,Yes,Credit card (automatic),53.42,3291.47,No
2006-TR00821,Male,1,No,No,28,Yes,Yes,Fiber optic,No,No,No,No,No,No,Month-to-month,Yes,Electronic check,77.89,2102.29,Yes
4693-TR00743,Female,0,No,No,35,Yes,No,No,No internet service,No internet service,No internet service,No internet service,No internet service,No internet service,One year,No,Bank transfer (automatic),23.62,842.98,No
6851-WEFYX,Male,1,Yes,No,35,Yes,Yes,Fiber optic,No,No,Yes,No,Yes,Yes,Month-to-month,Yes,Electronic check,100.8,3437.5,No
9167-APMXZ,Female,0,No,No,22,Yes,Yes,Fiber optic,No,No,No,No,Yes,No,Month-to-month,Yes,Bank transfer (automatic),84.15,1821.95,No
9644-TR00139,Male,0,Yes,Yes,72,Yes,Yes,Fiber optic,Yes,No,Yes,No,Yes,Yes,Two year,No,Electronic check,104.98,7728.76,No
5386-THSLQ,Female,1,Yes,No,66,No,No phone service,DSL,No,Yes,Yes,No,Yes,No,One year,No,Bank transfer (automatic),45.55,3027.25,No
6181-TR02761,Male,0,No,No,14,Yes,No,No,No internet service,No internet service,No internet service,No internet service,No internet service,No internet service,Month-to-month,Yes,Mailed check,18.0,256.52,No
4608-TR02405,Female,0,Yes,Yes,38,Yes,No,No,No internet service,No internet service,No internet service,No internet service,No internet service,No internet service,Two year,Yes,Mailed check,18.0,643.91,No
9687-TR01474,Female,0,No,No,0,No,No phone service,DSL,No,No,No,No,No,No,Month-to-month,No,Electronic check,26.28,0.0,No
2155-TR02896,Male,0,No,No,47,Yes,No,Fiber optic,Yes,Yes,No,Yes,No,Yes,Month-to-month,Yes,Credit card (automatic),93.73,4572.11,No
6834-TR02660,Male,0,Yes,Yes,68,Yes,Yes,Fiber optic,Yes,No,Yes,No,Yes,Yes,Two year,No,Electronic check,105.74,6999.81,No
9972-TR01585,Male,0,Yes,Yes,2,Yes,Yes,Fiber optic,No,Yes,Yes,No,No,No,Month-to-month,Yes,Bank transfer (automatic),85.23,175.91,Yes
4327-TR02258,Male,0,No,No,35,Yes,Yes,Fiber optic,No,No,Yes,Yes,Yes,No,One year,No,Bank transfer (automatic),96.62,3274.17,No
2364-TR01043,Female,0,No,No,39,Yes,No,Fiber optic,No,Yes,Yes,Yes,Yes,Yes,Month-to-month,Yes,Bank transfer (automatic),103.46,4044.08,No
0104-PPXDV,Male,0,Yes,No,58,Yes,No,DSL,No,No,Yes,No,No,No,One year,No,Credit card (automatic),50.3,2878.55,No
3160-TR02659,Female,1,Yes,No,37,Yes,Yes,Fiber optic,No,No,No,No,No,No,Month-to-month,Yes,Electronic check,75.32,2860.39,Yes
1611-TR01747,Male,0,Yes,No,71,Yes,Yes,No,No internet service,No internet service,No internet service,No internet service,No internet service,No internet service,Two year,Yes,Bank transfer (automatic),20.85,1477.58,No
7544-TR00649,Male,0,No,No,4,No,No phone service,DSL,No,No,No,No,No,Yes,Month-to-month,Yes,Electronic check,36.5,150.44,Yes
1887-TR01640,Female,0,No,No,11,Yes,Yes,Fiber optic,No,No,No,No,Yes,Yes,Month-to-month,No,Electronic check,91.54,948.53,Yes
4993-TR00940,Male,0,Yes,Yes,22,Yes,Yes,No,No internet service,No internet service,No internet service,No internet service,No internet service,No internet service,Two year,Yes,Bank transfer (automatic),23.8,546.65,No
4581-TR00472,Male,0,No,No,7,Yes,No,No,No internet service,No internet service,No internet service,No internet service,No internet service,No internet service,Month-to-month,Yes,Mailed check,20.6,147.8,No
5557-TR02774,Male,0,Yes,Yes,25,Yes,No,Fiber optic,No,Yes,Yes,Yes,No,No,One year,No,Mailed check,85.41,2162.87,No
7123-WQUHX,Male,0,No,No,38,Yes,Yes,Fiber optic,No,No,Yes,Yes,Yes,No,One year,No,Bank transfer (automatic),95.0,3605.6,No
4656-TR02045,Male,1,No,No,1,Yes,No,Fiber optic,No,No,No,Yes,No,No,Month-to-month,No,Electronic check,77.04,77.04,No
9165-TR02185,Female,0,Yes,No,21,Yes,No,Fiber optic,Yes,Yes,No,Yes,Yes,No,Month-to-month,Yes,Electronic check,94.87,1999.43,No
6222-TR01652,Female,1,No,No,13,Yes,Yes,Fiber optic,No,No,No,No,No,No,Month-to-month,Yes,Mailed check,73.36,983.74,Yes
7119-TR00501,Female,0,No,No,12,Yes,Yes,Fiber optic,Yes,No,No,No,No,No,Month-to-month,Yes,Electronic check,75.95,926.81,Yes
8190-TR01134,Male,0,No,Yes,0,Yes,No,No,No internet service,No internet service,No internet service,No internet service,No internet service,No internet service,Month-to-month,No,Mailed check,22.2,0.0,No
5399-TR01181,Male,0,No,No,7,No,No phone service,DSL,No,No,No,Yes,No,No,Month-to-month,No,Electronic check,33.04,236.71,No
3701-TR02363,Female,0,No,No,50,Yes,No,Fiber optic,No,No,Yes,No,No,No,Month-to-month,Yes,Credit card (automatic),76.62,3677.08,No
9202-TR00496,Female,0,No,No,42,Yes,No,Fiber optic,No,No,Yes,No,No,No,Month-to-month,Yes,Credit card (automatic),73.14,3010.19,No
5562-TR00208,Male,1,No,No,0,Yes,No,DSL,No,No,No,No,No,No,Month-to-month,No,Bank transfer (automatic),44.09,1.0,No
6067-TR01929,Female,0,Yes,Yes,72,Yes,No,Fiber optic,No,No,Yes,No,No,No,Two year,No,Electronic check,80.55,5948.43,No
4394-TR00944,Male,0,No,No,16,Yes,No,No,No internet service,No internet service,No internet service,No internet service,No internet service,No internet service,Two year,No,Credit card (automatic),19.94,339.66,No
9910-TR00651,Female,0,No,No,10,Yes,Yes,Fiber optic,Yes,No,No,No,No,No,Month-to-month,Yes,Electronic check,82.1,807.56,Yes
5745-TR02327,Male,1,Yes,Yes,62,Yes,Yes,Fiber optic,Yes,No,Yes,Yes,Yes,Yes,Two year,Yes,Bank transfer (automatic),115.36,7395.66,No
5698-BQJOH,Female,0,No,No,9,Yes,Yes,Fiber optic,No,No,No,No,Yes,Yes,Month-to-month,No,Electronic check,94.4,857.25,Yes
4445-ZJNMU,Male,0,No,No,9,Yes,Yes,Fiber optic,No,Yes,No,No,Yes,Yes,Month-to-month,Yes,Credit card (automatic),99.3,918.75,No
7455-TR00586,Female,0,Yes,Yes,72,Yes,Yes,Fiber optic,Yes,Yes,Yes,No,Yes,Yes,Two year,No,Credit card (automatic),111.09,8161.51,No
3666-TR02295,Female,0,Yes,Yes,27,Yes,No,DSL,Yes,No,Yes,Yes,Yes,Yes,One year,Yes,Mailed check,80.12,2178.02,No
4385-GZQXV,Female,1,No,No,16,Yes,No,Fiber optic,No,No,No,Yes,Yes,Yes,Month-to-month,Yes,Electronic check,94.45,1511.2,Yes
0219-YTZUE,Male,0,Yes,Yes,4,Yes,Yes,Fiber optic,No,Yes,Yes,No,No,No,Month-to-month,Yes,Bank transfer (automatic),84.8,371.9,Yes
1429-TR01988,Male,0,No,No,45,Yes,Yes,Fiber optic,No,No,No,No,Yes,Yes,One year,No,Mailed check,97.22,4383.44,No
5872-TR02224,Male,0,Yes,Yes,53,Yes,No,DSL,Yes,Yes,No,Yes,No,No,Month-to-month,No,Credit card (automatic),60.11,3267.22,No
0621-JFHOL,Female,0,No,No,10,No,No phone service,DSL,No,No,No,Yes,No,No,Two year,Yes,Mailed check,29.6,299.05,No
6661-TR00016,Female,0,No,No,17,Yes,No,No,No internet service,No internet service,No internet service,No internet service,No internet service,No internet service,One year,No,Electronic check,18.0,310.68,No
1189-TR00492,Female,0,No,No,42,Yes,No,Fiber optic,No,Yes,Yes,No,Yes,No,Month-to-month,Yes,Electronic check,93.88,4032.71,No
2266-TR01732,Male,0,No,No,53,Yes,Yes,No,No internet service,No internet service,No internet service,No internet service,No internet service,No internet service,Two year,No,Bank transfer (automatic),27.83,1429.24,No
6987-TR01730,Female,0,Yes,Yes,59,Yes,Yes,Fiber optic,Yes,Yes,Yes,Yes,Yes,Yes,Two year,No,Credit card (automatic),115.08,6433.49,No
8415-TR01377,Female,0,No,No,44,Yes,No,Fiber optic,No,Yes,Yes,No,Yes,No,Month-to-month,Yes,Electronic check,94.91,3981.43,No
3765-TR01685,Male,0,Yes,No,56,Yes,No,DSL,No,No,Yes,No,No,No,One year,No,Credit card (automatic),54.02,3113.63,No
2648-TR00398,Female,1,No,No,18,Yes,No,Fiber optic,Yes,Yes,No,Yes,Yes,Yes,Month-to-month,Yes,Mailed check,105.51,1967.53,No
3605-TR00130,Female,1,Yes,Yes,26,No,No phone service,DSL,No,No,No,No,Yes,No,Month-to-month,Yes,Electronic check,35.14,902.0,No
8543-TR01106,Male,0,No,No,3,Yes,No,No,No internet service,No internet service,No internet service,No internet service,No internet service,No internet service,Month-to-month,No,Bank transfer (automatic),21.26,62.76,No
6462-TR01451,Female,0,No,No,24,Yes,Yes,Fiber optic,No,No,No,No,No,No,One year,Yes,Credit card (automatic),76.08,1902.38,No
8238-TR02614,Male,0,No,No,2,Yes,Yes,Fiber optic,No,No,No,No,No,No,Month-to-month,Yes,Electronic check,79.81,153.49,Yes
3357-TR01273,Female,0,Yes,No,51,Yes,Yes,Fiber optic,No,Yes,No,Yes,Yes,Yes,Month-to-month,Yes,Credit card (automatic),98.57,4991.4,No
6298-TR00387,Female,0,No,No,47,Yes,Yes,Fiber optic,No,No,No,No,No,Yes,Month-to-month,Yes,Electronic check,90.18,4320.47,No
4679-TR01058,Female,0,Yes,Yes,17,Yes,No,No,No internet service,No internet service,No internet service,No internet service,No internet service,No internet service,Month-to-month,No,Electronic check,20.7,316.38,No
8347-TR02009,Female,0,Yes,No,51,Yes,Yes,Fiber optic,No,No,Yes,No,Yes,Yes,Month-to-month,Yes,Electronic check,98.64,5088.67,No
7267-TR00261,Male,1,Yes,Yes,62,Yes,Yes,Fiber optic,Yes,No,Yes,Yes,Yes,Yes,Two year,Yes,Bank transfer (automatic),112.03,6557.19,No
9853-TR02722,Female,0,Yes,No,5,Yes,No,DSL,No,No,No,No,No,No,Month-to-month,Yes,Credit card (automatic),45.76,233.83,Yes
5827-TR02621,Male,0,No,No,36,Yes,Yes,Fiber optic,No,Yes,Yes,No,Yes,Yes,Month-to-month,Yes,Electronic check,105.09,3736.37,Yes
4233-TR02346,Female,0,Yes,Yes,41,Yes,No,DSL,Yes,No,No,Yes,Yes,Yes,One year,Yes,Credit card (automatic),73.02,3039.11,No
6217-KDYWC,Male,0,No,Yes,57,Yes,No,No,No internet service,No internet service,No internet service,No internet service,No internet service,No internet service,Two year,Yes,Mailed check,19.6,1170.55,No
7710-TR00866,Female,1,No,No,39,Yes,Yes,Fiber optic,No,Yes,No,No,Yes,No,Month-to-month,Yes,Electronic check,88.55,3559.27,No
4948-TR01111,Male,1,Yes,No,20,Yes,Yes,Fiber optic,No,No,No,No,No,Yes,Month-to-month,No,Electronic check,84.53,1687.97,No
1741-TR02407,Male,0,No,Yes,24,Yes,Yes,Fiber optic,No,Yes,No,No,Yes,No,Month-to-month,Yes,Credit card (automatic),93.28,2115.63,No
5148-TR01567,Male,0,Yes,No,55,Yes,No,DSL,Yes,Yes,No,Yes,No,No,Two year,Yes,Electronic check,64.88,3411.81,No
7937-TR00118,Male,0,No,No,0,Yes,No,No,No internet service,No internet service,No internet service,No internet service,No internet service,No internet service,Month-to-month,No,Bank transfer (automatic),18.0,2.81,No
6286-TR00928,Male,1,Yes,No,56,Yes,Yes,Fiber optic,No,Yes,No,No,No,Yes,Month-to-month,Yes,Electronic check,84.6,4625.15,No
8056-TR00729,Male,0,No,No,0,Yes,No,DSL,No,No,No,No,No,No,Month-to-month,Yes,Credit card (automatic),44.0,0.0,Yes
5612-TR01133,Female,0,No,No,43,Yes,No,Fiber optic,No,Yes,No,Yes,Yes,Yes,Two year,Yes,Bank transfer (automatic),95.5,4107.98,No
3966-TR00985,Female,0,No,No,16,Yes,Yes,Fiber optic,Yes,No,No,No,No,No,Month-to-month,Yes,Electronic check,79.97,1299.97,Yes
2673-CXQEU,Female,1,No,No,56,Yes,Yes,Fiber optic,Yes,Yes,Yes,No,Yes,Yes,One year,No,Electronic check,110.5,6139.5,No
4053-TR00392,Female,1,No,No,35,Yes,No,DSL,No,Yes,No,Yes,No,No,Month-to-month,No,Bank transfer (automatic),57.14,2004.95,No
6863-TR01282,Male,0,Yes,No,59,Yes,Yes,Fiber optic,Yes,Yes,No,No,Yes,No,Month-to-month,Yes,Electronic check,92.78,5384.54,Yes
2925-TR02805,Female,0,Yes,No,57,Yes,Yes,DSL,No,Yes,No,Yes,No,No,Two year,Yes,Credit card (automatic),60.93,3274.9,No
4733-TR00517,Male,0,No,No,72,Yes,Yes,Fiber optic,No,Yes,Yes,Yes,Yes,Yes,Two year,No,Bank transfer (automatic),106.65,7801.71,No
3694-TR00264,Female,0,Yes,Yes,44,Yes,Yes,No,No internet service,No internet service,No internet service,No internet service,No internet service,No internet service,One year,Yes,Credit card (automatic),27.41,1246.23,No
9151-TR02473,Female,0,Yes,Yes,62,Yes,Yes,DSL,Yes,Yes,Yes,Yes,Yes,Yes,Two year,No,Mailed check,83.78,5291.28,No
7874-TR01269,Female,1,No,No,12,Yes,No,Fiber optic,No,No,No,Yes,Yes,Yes,Month-to-month,Yes,Electronic check,95.27,1163.37,Yes
8313-TR00656,Female,0,No,No,70,Yes,Yes,DSL,No,Yes,Yes,Yes,Yes,Yes,Two year,No,Bank transfer (automatic),82.76,5534.99,No
4560-TR02425,Female,1,Yes,No,68,Yes,Yes,Fiber optic,Yes,Yes,Yes,Yes,No,No,Two year,Yes,Credit card (automatic),98.97,6597.64,No
7805-TR00970,Male,0,No,No,5,Yes,No,Fiber optic,No,No,No,No,No,Yes,Month-to-month,No,Electronic check,79.93,399.65,Yes
9025-TR00146,Male,0,Yes,No,61,Yes,Yes,Fiber optic,No,Yes,Yes,No,Yes,Yes,Month-to-month,Yes,Electronic check,101.8,6253.12,Yes
5175-TR01532,Female,1,Yes,No,0,Yes,No,Fiber optic,No,No,No,No,No,No,Month-to-month,Yes,Mailed check,70.32,1.3,Yes
5129-TR01002,Female,0,No,Yes,2,Yes,No,Fiber optic,Yes,No,No,No,No,No,Month-to-month,Yes,Mailed check,70.43,140.61,Yes
1579-TR02515,Female,1,No,No,42,Yes,Yes,Fiber optic,No,Yes,No,No,Yes,No,Month-to-month,Yes,Electronic check,86.43,3473.28,No
5337-TR00328,Female,0,No,Yes,1,Yes,No,Fiber optic,No,No,No,No,Yes,No,Month-to-month,Yes,Electronic check,76.45,76.45,Yes
5739-TR01625,Male,1,No,No,0,Yes,No,Fiber optic,No,No,No,Yes,No,No,Month-to-month,No,Electronic check,75.3,0.0,No
6251-TR02067,Male,0,No,No,36,Yes,No,Fiber optic,Yes,No,No,Yes,Yes,No,Two year,Yes,Electronic check,87.32,3168.89,No
9141-TR02552,Female,0,Yes,No,55,Yes,No,Fiber optic,No,No,Yes,No,Yes,Yes,One year,Yes,Bank transfer (automatic),93.92,5267.81,Yes
4154-TR01841,Female,0,Yes,No,38,Yes,No,DSL,Yes,No,No,No,Yes,No,One year,Yes,Bank transfer (automatic),59.52,2235.98,No
5464-TR01436,Female,0,No,Yes,19,Yes,No,DSL,No,No,No,No,Yes,Yes,Month-to-month,Yes,Mailed check,68.53,1357.0,Yes
5020-ZSTTY,Female,1,No,No,54,Yes,Yes,DSL,Yes,Yes,No,Yes,Yes,Yes,One year,No,Bank transfer (automatic),82.45,4350.1,Yes
8488-TR00289,Male,0,Yes,Yes,19,Yes,No,No,No internet service,No internet service,No internet service,No internet service,No internet service,No internet service,One year,No,Mailed check,18.78,333.6,No
5426-TR00038,Male,0,No,No,16,Yes,No,DSL,No,Yes,No,No,No,No,Month-to-month,Yes,Mailed check,46.46,757.74,No
6163-TR01935,Female,1,Yes,No,34,Yes,Yes,Fiber optic,No,No,No,No,No,No,Month-to-month,Yes,Electronic check,75.64,2533.59,Yes
4913-TR01861,Female,0,No,No,0,Yes,No,Fiber optic,No,No,No,No,No,No,Month-to-month,Yes,Electronic check,73.97,1.85,No
5957-TR01364,Male,0,Yes,Yes,43,Yes,Yes,Fiber optic,Yes,No,No,No,Yes,Yes,One year,No,Electronic check,97.77,4069.21,No
6868-TR00813,Male,0,Yes,No,9,Yes,No,Fiber optic,No,Yes,Yes,No,No,Yes,Month-to-month,Yes,Electronic check,90.65,807.73,Yes
8115-TR02085,Male,0,No,No,1,Yes,No,DSL,No,No,No,No,No,No,Month-to-month,Yes,Credit card (automatic),47.87,47.87,Yes
6595-TR01439,Female,0,Yes,Yes,69,Yes,No,Fiber optic,No,No,Yes,No,No,No,Two year,No,Electronic check,81.55,5669.19,No
2565-TR00564,Female,0,Yes,Yes,9,Yes,No,DSL,No,No,No,Yes,Yes,Yes,Month-to-month,Yes,Electronic check,71.87,633.43,No
9660-TR02818,Male,0,No,No,17,Yes,No,No,No internet service,No internet service,No internet service,No internet service,No internet service,No internet service,Two year,No,Credit card (automatic),18.0,315.11,No
9019-TR01936,Female,0,No,No,46,Yes,No,Fiber optic,No,Yes,Yes,Yes,Yes,Yes,Month-to-month,Yes,Bank transfer (automatic),107.27,5000.65,No
2132-TR02527,Female,1,Yes,No,25,Yes,Yes,DSL,Yes,No,No,Yes,Yes,No,Month-to-month,Yes,Credit card (automatic),72.88,1897.11,No
3622-TR01664,Female,0,No,No,0,Yes,No,Fiber optic,No,No,No,No,No,No,Month-to-month,Yes,Bank transfer (automatic),70.99,0.0,Yes
9179-TR02753,Female,0,No,No,47,Yes,Yes,Fiber optic,No,Yes,Yes,No,Yes,Yes,Two year,Yes,Electronic check,107.8,5364.25,Yes
6711-TR02360,Female,0,No,No,41,Yes,Yes,Fiber optic,No,Yes,Yes,No,Yes,Yes,Two year,Yes,Electronic check,107.04,4376.86,Yes
2970-TR02564,Female,0,No,No,8,Yes,No,Fiber optic,No,No,No,No,No,No,Month-to-month,Yes,Electronic check,71.2,556.3,Yes
9863-TR01378,Female,0,No,No,68,Yes,No,No,No internet service,No internet service,No internet service,No internet service,No internet service,No internet service,Two year,No,Credit card (automatic),19.23,1291.42,No
7509-TR01527,Male,1,Yes,No,18,Yes,No,DSL,Yes,Yes,No,No,No,Yes,Month-to-month,Yes,Bank transfer (automatic),61.33,1146.3,No
1108-TR02262,Female,0,No,No,3,Yes,No,Fiber optic,No,No,No,No,Yes,Yes,Month-to-month,Yes,Electronic check,89.79,273.4,Yes
2851-TR00505,Female,0,Yes,Yes,7,No,No phone service,DSL,Yes,No,No,No,Yes,Yes,Month-to-month,No,Electronic check,48.75,343.77,No
1537-TR00386,Male,0,No,No,71,Yes,Yes,Fiber optic,No,Yes,Yes,Yes,Yes,Yes,Two year,No,Bank transfer (automatic),110.3,7404.34,No
6045-TR02288,Male,0,Yes,No,71,Yes,Yes,DSL,Yes,Yes,Yes,Yes,Yes,Yes,Two year,Yes,Bank transfer (automatic),91.32,6401.44,No
4774-TR01778,Female,0,No,No,62,Yes,Yes,DSL,Yes,Yes,Yes,Yes,Yes,No,Two year,Yes,Credit card (automatic),83.89,5041.55,No
5321-TR01719,Male,0,Yes,No,64,Yes,Yes,Fiber optic,No,Yes,No,Yes,Yes,Yes,Two year,Yes,Electronic check,106.19,7056.58,No
5046-NUHWD,Female,1,Yes,No,29,No,No phone service,DSL,Yes,No,Yes,No,No,Yes,Month-to-month,Yes,Electronic check,45.0,1228.65,No
3680-TR02281,Male,0,No,No,57,Yes,Yes,Fiber optic,Yes,Yes,No,Yes,Yes,Yes,Two year,Yes,Credit card (automatic),105.95,6272.28,No
7850-VWJUU,Female,0,No,No,23,Yes,No,Fiber optic,Yes,No,No,No,No,No,Month-to-month,Yes,Bank transfer (automatic),75.0,1778.5,No
9990-TR02105,Male,1,Yes,No,29,No,No phone service,DSL,Yes,No,No,No,No,No,Month-to-month,No,Credit card (automatic),30.03,885.31,Yes
5299-RULOA,Female,0,Yes,Yes,10,Yes,Yes,Fiber optic,Yes,No,No,No,Yes,Yes,Month-to-month,Yes,Electronic check,100.25,1064.65,Yes
7043-TR02216,Female,0,Yes,Yes,9,No,No phone service,DSL,Yes,No,No,No,Yes,Yes,Month-to-month,No,Electronic check,46.34,422.53,No
8452-TR02789,Female,0,No,No,0,Yes,No,DSL,No,Yes,No,Yes,Yes,Yes,Month-to-month,Yes,Electronic check,78.66,0.0,No
1635-TR00902,Male,0,Yes,No,58,Yes,No,No,No internet service,No internet service,No internet service,No internet service,No internet service,No internet service,One year,Yes,Credit card (automatic),25.18,1444.68,No
7881-TR01493,Male,1,Yes,No,5,No,No phone service,DSL,No,Yes,No,No,Yes,No,Month-to-month,No,Electronic check,42.15,210.59,Yes
3317-TR00659,Female,0,Yes,No,24,Yes,No,Fiber optic,Yes,Yes,No,Yes,Yes,No,Month-to-month,Yes,Electronic check,97.11,2353.68,No
3019-TR00466,Male,0,No,No,24,Yes,No,Fiber optic,Yes,No,Yes,Yes,Yes,Yes,Month-to-month,Yes,Electronic check,103.05,2408.87,No
7503-TR00170,Male,0,No,No,54,Yes,Yes,DSL,Yes,No,No,Yes,Yes,Yes,Two year,Yes,Credit card (automatic),74.95,4185.51,No
5855-TR00536,Male,1,No,No,2,No,No phone service,DSL,No,No,Yes,No,No,Yes,Month-to-month,Yes,Electronic check,38.6,77.59,Yes
6640-TR00150,Female,1,No,No,5,Yes,No,Fiber optic,No,No,No,No,Yes,Yes,Month-to-month,Yes,Electronic check,92.88,479.69,No
1204-TR01525,Male,0,Yes,Yes,72,Yes,No,No,No internet service,No internet service,No internet service,No internet service,No internet service,No internet service,Two year,No,Credit card (automatic),18.0,1313.02,No
3488-PGMQJ,Male,1,No,No,8,Yes,No,Fiber optic,No,Yes,No,No,No,No,Month-to-month,Yes,Electronic check,74.5,606.55,Yes
5171-TR00462,Female,1,No,No,0,Yes,Yes,Fiber optic,No,No,No,No,No,No,Month-to-month,Yes,Electronic check,71.83,0.0,No
8239-TR00979,Female,1,Yes,Yes,27,No,No phone service,DSL,No,No,No,No,Yes,No,Month-to-month,Yes,Electronic check,40.49,1052.95,No
9449-TR01800,Female,0,Yes,Yes,64,No,No phone service,DSL,No,Yes,Yes,Yes,Yes,Yes,Two year,No,Credit card (automatic),60.18,4057.62,No
2124-TR01991,Female,0,No,No,4,Yes,No,Fiber optic,No,No,No,No,No,No,Month-to-month,Yes,Electronic check,68.94,266.18,Yes
3406-TR01161,Female,0,No,No,8,Yes,No,No,No internet service,No internet service,No internet service,No internet service,No internet service,No internet service,One year,Yes,Bank transfer (automatic),19.59,149.95,No
2489-TR00744,Male,0,Yes,Yes,40,Yes,Yes,DSL,Yes,No,Yes,Yes,No,No,Two year,Yes,Credit card (automatic),65.78,2579.02,No
1564-TR01943,Male,1,No,No,6,No,No phone service,DSL,No,No,Yes,No,No,Yes,Month-to-month,Yes,Electronic check,39.72,236.79,Yes
7130-TR02163,Male,0,Yes,Yes,71,Yes,Yes,DSL,Yes,Yes,No,Yes,No,No,One year,Yes,Credit card (automatic),68.42,5040.53,No
1874-TR00192,Female,0,No,No,32,Yes,No,Fiber optic,No,Yes,No,Yes,No,No,One year,Yes,Bank transfer (automatic),77.93,2390.64,No
1231-TR02011,Male,0,Yes,No,58,Yes,Yes,Fiber optic,Yes,Yes,No,No,Yes,No,Month-to-month,Yes,Electronic check,94.84,5503.67,Yes
4930-TR01737,Male,0,Yes,No,29,No,No phone service,DSL,No,No,No,No,Yes,No,Month-to-month,No,Mailed check,32.63,951.03,No
3439-TR02749,Female,0,No,No,19,No,No phone service,DSL,No,No,No,No,Yes,Yes,Month-to-month,Yes,Electronic check,47.04,896.77,No
6582-OIVSP,Female,0,No,No,1,Yes,No,DSL,No,No,No,No,No,No,Month-to-month,No,Mailed check,45.3,45.3,No
5196-TR02585,Male,0,Yes,Yes,44,Yes,Yes,Fiber optic,Yes,No,No,No,Yes,Yes,One year,No,Electronic check,99.18,4426.9,No
1749-TR00275,Male,0,No,No,0,Yes,No,No,No internet service,No internet service,No internet service,No internet service,No internet service,No internet service,Month-to-month,No,Mailed check,20.1,0.0,No
1913-TR00436,Male,0,No,Yes,29,Yes,No,DSL,No,Yes,Yes,No,Yes,No,One year,No,Credit card (automatic),64.15,1864.19,No
7639-LIAYI,Male,0,No,No,52,Yes,Yes,DSL,Yes,No,No,Yes,Yes,Yes,Two year,Yes,Credit card (automatic),79.75,4217.8,No
5264-TR00425,Female,0,Yes,Yes,0,Yes,No,No,No internet service,No internet service,No internet service,No internet service,No internet service,No internet service,Month-to-month,No,Electronic check,18.9,1.0,No
6603-TR01130,Male,0,Yes,No,35,Yes,Yes,Fiber optic,No,No,No,Yes,Yes,No,Month-to-month,Yes,Credit card (automatic),88.24,3081.71,No
4248-TR02027,Female,1,No,No,19,Yes,Yes,Fiber optic,No,No,Yes,No,No,No,Month-to-month,Yes,Credit card (automatic),83.18,1640.81,No
4072-TR00685,Female,0,Yes,Yes,32,Yes,No,DSL,Yes,No,Yes,Yes,Yes,Yes,One year,Yes,Mailed check,81.74,2540.73,No
6121-TR02754,Male,1,No,No,0,Yes,No,Fiber optic,No,No,No,Yes,No,No,Month-to-month,No,Electronic check,75.27,0.0,No
5036-TR00815,Male,0,No,No,48,Yes,No,No,No internet service,No internet service,No internet service,No internet service,No internet service,No internet service,Two year,No,Bank transfer (automatic),25.63,1233.5,No
3679-XASPY,Female,0,Yes,Yes,1,Yes,No,No,No internet service,No internet service,No internet service,No internet service,No internet service,No internet service,Month-to-month,No,Electronic check,19.45,19.45,No
7769-TR02672,Male,0,No,No,3,Yes,No,No,No internet service,No internet service,No internet service,No internet service,No internet service,No internet service,One year,No,Mailed check,18.95,57.34,No
4079-TR00050,Male,0,No,Yes,20,Yes,No,DSL,No,No,No,No,No,No,One year,No,Mailed check,42.25,828.27,No
8463-TR01514,Male,0,Yes,No,17,Yes,Yes,Fiber optic,No,No,No,No,No,No,Month-to-month,Yes,Electronic check,72.41,1221.77,No
3550-TR00736,Male,1,Yes,No,71,Yes,Yes,No,No internet service,No internet service,No internet service,No internet service,No internet service,No internet service,Two year,No,Bank transfer (automatic),23.85,1726.77,No
6440-DKQGE,Male,0,No,Yes,30,Yes,No,DSL,No,Yes,Yes,No,Yes,No,One year,No,Credit card (automatic),64.5,1929.95,No
1159-WFSGR,Female,0,Yes,Yes,16,Yes,No,No,No internet service,No internet service,No internet service,No internet service,No internet service,No internet service,Month-to-month,No,Electronic check,20.4,321.4,No
7772-TR02232,Male,0,Yes,No,72,Yes,Yes,DSL,Yes,Yes,Yes,Yes,Yes,Yes,Two year,Yes,Bank transfer (automatic),92.21,6943.7,No
6262-TR02340,Female,0,Yes,Yes,16,Yes,No,No,No internet service,No internet service,No internet service,No internet service,No internet service,No internet service,Month-to-month,No,Electronic check,20.47,348.34,No
3790-TR00178,Female,0,Yes,No,24,Yes,Yes,Fiber optic,No,No,Yes,Yes,Yes,Yes,Month-to-month,Yes,Electronic check,102.92,2401.8,Yes
8073-TR00610,Female,0,No,No,7,Yes,No,DSL,No,Yes,No,Yes,Yes,Yes,Month-to-month,Yes,Electronic check,74.09,527.67,No
1880-TR00306,Female,0,Yes,Yes,7,Yes,Yes,Fiber optic,Yes,No,No,No,Yes,Yes,Month-to-month,Yes,Electronic check,102.75,698.88,Yes
5371-TR01217,Male,1,Yes,No,71,Yes,Yes,No,No internet service,No internet service,No internet service,No internet service,No internet service,No internet service,Two year,No,Bank transfer (automatic),22.02,1484.31,No
6168-TR00305,Female,0,No,Yes,0,Yes,No,Fiber optic,No,No,No,No,Yes,No,Month-to-month,Yes,Electronic check,73.8,1.47,Yes
7565-TR01470,Female,0,Yes,No,29,Yes,Yes,Fiber optic,No,No,Yes,Yes,Yes,Yes,Month-to-month,Yes,Electronic check,102.98,3110.96,Yes
7490-TR02470,Female,0,Yes,No,0,No,No phone service,DSL,No,Yes,No,No,No,No,Month-to-month,Yes,Electronic check,30.94,0.13,No
4325-TR02499,Female,0,No,No,36,Yes,No,Fiber optic,No,Yes,No,No,Yes,Yes,Month-to-month,Yes,Credit card (automatic),93.49,3562.83,No
7016-TR00835,Female,0,Yes,Yes,5,Yes,No,DSL,Yes,No,No,No,No,No,Month-to-month,No,Mailed check,46.89,232.59,No
4394-TR01619,Male,1,No,No,2,Yes,No,Fiber optic,No,No,No,Yes,No,No,Month-to-month,No,Electronic check,76.86,153.16,No
4379-TR01105,Male,0,No,Yes,64,Yes,No,DSL,Yes,Yes,No,No,No,No,One year,No,Bank transfer (automatic),56.82,3716.33,No
5171-TR02860,Female,1,No,No,9,Yes,No,DSL,No,Yes,Yes,No,No,No,Month-to-month,Yes,Electronic check,56.41,503.46,No
4010-TR00820,Male,0,No,No,4,Yes,No,DSL,No,No,No,Yes,No,No,Month-to-month,No,Mailed check,48.03,194.79,No
2159-TR01674,Female,0,No,No,7,Yes,No,DSL,No,Yes,No,No,No,No,Month-to-month,No,Electronic check,51.17,380.68,No
3077-TR01354,Male,0,Yes,No,58,Yes,No,No,No internet service,No internet service,No internet service,No internet service,No internet service,No internet service,One year,Yes,Credit card (automatic),23.45,1330.51,No
7633-MVPUY,Male,0,Yes,No,57,Yes,No,DSL,Yes,Yes,No,Yes,No,No,Two year,Yes,Electronic check,59.75,3450.15,No
6556-TR00115,Male,0,No,Yes,31,Yes,No,DSL,No,Yes,Yes,No,Yes,No,One year,No,Credit card (automatic),64.68,1933.15,No
2093-TR00402,Male,0,Yes,Yes,4,Yes,Yes,Fiber optic,No,Yes,Yes,No,No,No,Month-to-month,Yes,Bank transfer (automatic),83.1,332.32,Yes
6487-TR02235,Male,0,No,No,20,Yes,No,No,No internet service,No internet service,No internet service,No internet service,No internet service,No internet service,Two year,No,Mailed check,20.81,401.56,No
4722-TR01014,Male,0,Yes,No,57,Yes,No,DSL,No,No,Yes,No,No,No,One year,No,Credit card (automatic),52.42,2949.61,No
3208-TR02758,Female,0,Yes,No,0,Yes,No,DSL,No,No,No,No,Yes,No,Month-to-month,No,Mailed check,59.88,0.73,Yes
7772-TR02173,Female,0,No,No,72,Yes,Yes,DSL,No,Yes,Yes,Yes,Yes,Yes,Two year,No,Bank transfer (automatic),85.15,6288.3,No
6374-TR01472,Female,0,Yes,Yes,72,Yes,Yes,Fiber optic,Yes,Yes,No,Yes,Yes,No,Two year,No,Bank transfer (automatic),97.42,7097.13,No
9997-TR00951,Female,0,No,No,32,No,No phone service,DSL,Yes,No,No,No,No,No,One year,No,Mailed check,31.4,985.26,No
9057-MSWCO,Male,1,Yes,No,27,No,No phone service,DSL,Yes,No,No,No,No,No,Month-to-month,No,Credit card (automatic),30.75,805.1,Yes
3874-TR01934,Male,0,No,No,1,Yes,No,DSL,Yes,Yes,No,No,No,No,Month-to-month,Yes,Mailed check,58.33,58.33,Yes
1128-TR00938,Female,0,No,No,11,Yes,Yes,Fiber optic,No,No,Yes,No,Yes,Yes,Month-to-month,Yes,Bank transfer (automatic),100.66,1095.5,Yes
8689-TR02079,Male,0,No,No,33,Yes,No,DSL,Yes,Yes,Yes,No,No,No,One year,No,Mailed check,63.33,2089.44,No
2690-TR01616,Female,0,No,No,6,Yes,No,DSL,No,Yes,No,No,No,No,Month-to-month,No,Bank transfer (automatic),50.6,311.27,No
5172-TR01794,Female,0,Yes,No,9,Yes,No,Fiber optic,No,No,Yes,No,No,No,Month-to-month,Yes,Bank transfer (automatic),74.23,682.72,Yes
4634-TR02563,Male,0,Yes,No,39,Yes,Yes,Fiber optic,No,No,No,Yes,Yes,No,Month-to-month,Yes,Credit card (automatic),91.03,3641.98,No
5892-TR00157,Female,0,No,Yes,3,Yes,No,Fiber optic,Yes,No,No,No,No,No,Month-to-month,Yes,Mailed check,73.85,206.2,Yes
4564-TR02729,Female,0,No,No,11,Yes,Yes,Fiber optic,No,No,Yes,No,Yes,Yes,Month-to-month,Yes,Bank transfer (automatic),97.85,1055.28,Yes
3967-TR01771,Male,0,Yes,No,71,Yes,Yes,No,No internet service,No internet service,No internet service,No internet service,No internet service,No internet service,Two year,Yes,Bank transfer (automatic),20.09,1408.92,No
1725-TR00140,Female,0,Yes,No,38,Yes,Yes,DSL,No,Yes,No,No,No,No,Month-to-month,No,Credit card (automatic),53.81,2070.63,No
6424-TR00918,Female,0,Yes,No,55,Yes,Yes,Fiber optic,No,Yes,Yes,No,Yes,Yes,Month-to-month,Yes,Electronic check,104.06,5974.49,Yes
3869-TR01715,Male,0,No,No,70,No,No phone service,DSL,Yes,Yes,No,Yes,Yes,Yes,Two year,Yes,Bank transfer (automatic),56.41,3811.65,No
5545-TR00077,Female,0,Yes,Yes,44,Yes,No,No,No internet service,No internet service,No internet service,No internet service,No internet service,No internet service,Two year,Yes,Mailed check,20.08,880.24,No
7201-TR00109,Male,0,No,No,0,Yes,No,DSL,Yes,No,No,No,No,No,Month-to-month,Yes,Mailed check,52.24,0.51,Yes
4393-TR02625,Female,0,Yes,Yes,66,Yes,Yes,DSL,Yes,Yes,Yes,No,No,No,Month-to-month,Yes,Bank transfer (automatic),67.75,4738.32,No
7421-TR00718,Female,0,No,No,5,Yes,No,Fiber optic,No,No,No,No,Yes,No,Month-to-month,Yes,Electronic check,80.02,397.35,Yes
7336-TR01443,Male,0,No,No,11,Yes,No,No,No internet service,No internet service,No internet service,No internet service,No internet service,No internet service,Month-to-month,Yes,Mailed check,20.93,231.55,No
9644-TR01444,Male,1,Yes,No,25,Yes,No,DSL,Yes,Yes,No,No,No,Yes,Month-to-month,Yes,Bank transfer (automatic),67.12,1517.21,No
9624-TR02650,Female,0,Yes,Yes,71,Yes,Yes,DSL,Yes,Yes,No,No,Yes,No,Two year,Yes,Credit card (automatic),68.88,4867.78,No
2394-TR01668,Male,0,No,Yes,15,Yes,No,Fiber optic,No,No,No,No,Yes,No,Month-to-month,Yes,Credit card (automatic),78.66,1115.33,No
5198-TR01330,Female,0,Yes,Yes,69,Yes,Yes,Fiber optic,Yes,Yes,No,Yes,Yes,No,Two year,No,Bank transfer (automatic),100.09,7093.03,No
6766-TR01749,Female,0,No,No,11,Yes,No,DSL,No,Yes,No,No,No,No,Month-to-month,No,Electronic check,51.12,582.05,No
8729-TR00254,Male,0,No,No,49,Yes,No,Fiber optic,Yes,Yes,No,Yes,No,Yes,Month-to-month,Yes,Credit card (automatic),90.46,4477.43,No
3799-TR01328,Female,0,Yes,No,55,Yes,Yes,Fiber optic,No,Yes,No,Yes,Yes,Yes,Month-to-month,Yes,Credit card (automatic),102.71,5952.81,No
8289-TR01809,Male,1,Yes,Yes,67,Yes,Yes,Fiber optic,No,Yes,Yes,Yes,Yes,Yes,One year,Yes,Electronic check,108.61,7698.14,No
6380-ARCEH,Male,0,No,No,1,Yes,No,No,No internet service,No internet service,No internet service,No internet service,No internet service,No internet service,Month-to-month,No,Mailed check,20.2,20.2,No
9053-TR00948,Female,1,Yes,No,21,Yes,Yes,DSL,Yes,No,No,Yes,Yes,No,Month-to-month,Yes,Credit card (automatic),69.3,1483.92,No
6958-TR01751,Female,0,Yes,Yes,7,Yes,No,DSL,No,No,No,Yes,Yes,Yes,Month-to-month,Yes,Electronic check,74.58,528.6,No
3543-TR02316,Male,1,No,No,12,Yes,No,Fiber optic,No,Yes,No,No,No,No,Month-to-month,Yes,Electronic check,70.97,868.32,Yes
4903-TR02485,Female,0,Yes,No,0,Yes,No,DSL,No,No,No,No,Yes,No,Month-to-month,No,Mailed check,59.91,0.42,Yes
3711-TR01692,Male,0,No,No,0,Yes,No,DSL,No,No,No,No,No,No,Month-to-month,Yes,Credit card (automatic),50.05,0.0,Yes
3336-TR01629,Male,0,No,No,16,Yes,No,No,No internet service,No internet service,No internet service,No internet service,No internet service,No internet service,Two year,No,Credit card (automatic),20.14,318.8,No
9083-TR00251,Male,1,Yes,No,35,Yes,Yes,Fiber optic,No,No,Yes,No,Yes,Yes,Month-to-month,Yes,Electronic check,102.31,3716.08,No
5824-TR01556,Female,0,No,No,44,Yes,No,No,No internet service,No internet service,No internet service,No internet service,No internet service,No internet service,Two year,No,Mailed check,20.5,926.6,No
7125-TR00524,Male,0,Yes,Yes,4,Yes,Yes,Fiber optic,No,Yes,Yes,No,No,No,Month-to-month,Yes,Bank transfer (automatic),82.84,329.99,Yes
1041-TR00518,Female,0,No,No,12,Yes,No,Fiber optic,Yes,Yes,No,No,Yes,Yes,Month-to-month,Yes,Credit card (automatic),99.56,1266.6,Yes
9290-TR01321,Male,1,Yes,No,24,No,No phone service,DSL,Yes,No,No,No,No,No,Month-to-month,No,Credit card (automatic),32.01,767.52,Yes
1890-TR01833,Female,0,Yes,Yes,70,Yes,Yes,Fiber optic,Yes,Yes,Yes,Yes,Yes,Yes,Two year,No,Credit card (automatic),111.79,7859.93,No
8749-TR00235,Female,0,No,No,9,Yes,No,DSL,No,Yes,No,No,No,No,Month-to-month,No,Electronic check,51.36,463.84,No
3291-TR01884,Female,0,Yes,Yes,60,Yes,Yes,Fiber optic,No,No,Yes,No,Yes,Yes,One year,Yes,Credit card (automatic),100.04,6024.86,No
7557-TR02219,Female,1,No,No,14,Yes,No,DSL,No,Yes,Yes,No,No,No,Month-to-month,Yes,Electronic check,58.7,801.97,No
4112-TR00647,Male,0,No,Yes,12,Yes,No,Fiber optic,No,No,No,No,Yes,No,Month-to-month,Yes,Credit card (automatic),77.72,940.08,No
5631-TR00123,Male,0,Yes,Yes,18,Yes,No,No,No internet service,No internet service,No internet service,No internet service,No internet service,No internet service,One year,No,Mailed check,20.39,337.76,No
7674-YTAFD,Female,0,No,No,33,Yes,No,Fiber optic,No,Yes,No,Yes,No,No,One year,Yes,Bank transfer (automatic),79.95,2684.85,No
6648-TR00683,Male,0,No,No,55,Yes,Yes,Fiber optic,No,Yes,Yes,Yes,Yes,Yes,Month-to-month,Yes,Electronic check,107.4,6032.49,No
7818-TR01784,Male,0,No,No,6,No,No phone service,DSL,No,No,No,No,No,No,Month-to-month,No,Mailed check,27.1,159.16,No
3569-TR00782,Male,0,No,No,25,No,No phone service,DSL,Yes,No,No,No,Yes,Yes,One year,Yes,Mailed check,49.68,1178.23,No
4211-TR01333,Male,0,No,No,4,Yes,No,Fiber optic,No,No,Yes,Yes,No,Yes,Month-to-month,Yes,Electronic check,91.35,383.67,No
4223-TR01735,Male,0,Yes,Yes,33,Yes,Yes,DSL,Yes,No,Yes,Yes,No,No,Two year,Yes,Credit card (automatic),62.61,2103.01,No
8688-TR00508,Female,0,No,No,6,Yes,No,DSL,Yes,Yes,No,No,No,No,Month-to-month,No,Mailed check,54.37,318.17,No
7127-TR02088,Female,0,No,No,32,No,No phone service,DSL,Yes,No,No,No,No,No,One year,No,Mailed check,29.39,970.51,No
5107-TR02096,Female,0,No,Yes,16,Yes,No,DSL,Yes,Yes,No,No,No,No,Month-to-month,Yes,Electronic check,55.84,911.04,No
9073-ZZIAY,Male,0,Yes,Yes,62,Yes,No,DSL,Yes,Yes,Yes,Yes,Yes,Yes,Two year,No,Electronic check,86.1,5215.25,No
5031-TR00748,Male,0,No,No,3,Yes,No,No,No internet service,No internet service,No internet service,No internet service,No internet service,No internet service,Month-to-month,No,Mailed check,18.13,53.67,No
4146-TR01750,Female,0,No,No,38,Yes,No,Fiber optic,No,Yes,No,No,Yes,Yes,Month-to-month,Yes,Credit card (automatic),94.45,3470.73,No
4698-TR02522,Male,0,No,No,42,Yes,Yes,Fiber optic,No,No,No,No,Yes,Yes,One year,No,Mailed check,96.59,4095.07,No
9414-TR02620,Male,0,No,No,0,No,No phone service,DSL,No,No,No,No,No,Yes,Month-to-month,Yes,Electronic check,31.89,1.29,Yes
2812-TR02413,Male,0,Yes,No,54,Yes,No,DSL,Yes,Yes,No,Yes,No,No,Two year,Yes,Electronic check,61.1,3314.33,No
4386-TR02133,Male,0,Yes,Yes,45,Yes,No,DSL,Yes,Yes,No,Yes,No,No,Month-to-month,No,Credit card (automatic),58.15,2654.84,No
6831-TR01088,Female,0,No,No,45,Yes,Yes,Fiber optic,No,Yes,Yes,No,Yes,Yes,Two year,Yes,Electronic check,103.48,4677.07,Yes
9236-TR01765,Male,0,Yes,No,70,Yes,Yes,DSL,Yes,Yes,Yes,Yes,Yes,Yes,Two year,Yes,Bank transfer (automatic),87.25,6058.72,No
4401-TR00519,Male,0,No,No,24,Yes,No,DSL,No,No,No,No,Yes,Yes,One year,Yes,Bank transfer (automatic),64.83,1570.43,No
6776-TR02826,Female,0,Yes,Yes,12,Yes,No,DSL,Yes,No,No,No,No,No,One year,No,Mailed check,47.73,588.12,No
3213-TR00725,Female,0,No,No,43,Yes,No,Fiber optic,No,No,Yes,No,No,No,Month-to-month,Yes,Credit card (automatic),75.65,3271.29,No
7101-TR00100,Female,0,No,No,46,Yes,Yes,Fiber optic,No,No,No,No,No,Yes,Month-to-month,Yes,Electronic check,81.97,3785.07,No
3971-TR01250,Female,0,Yes,Yes,47,Yes,No,No,No internet service,No internet service,No internet service,No internet service,No internet service,No internet service,Two year,No,Bank transfer (automatic),21.68,1033.52,No
2053-TR01195,Female,0,Yes,No,49,Yes,Yes,Fiber optic,No,No,Yes,No,Yes,Yes,Month-to-month,Yes,Electronic check,96.97,4893.51,No
7209-TR00185,Male,0,No,Yes,36,Yes,Yes,Fiber optic,No,Yes,No,No,No,No,Month-to-month,Yes,Mailed check,81.63,2900.3,No
9783-TR00145,Female,1,No,No,8,Yes,No,Fiber optic,No,No,No,No,Yes,Yes,Month-to-month,Yes,Electronic check,86.55,684.03,No
9833-TGFHX,Male,0,Yes,Yes,42,Yes,Yes,Fiber optic,Yes,No,No,No,Yes,Yes,One year,No,Electronic check,97.1,4016.75,No
4191-TR02300,Female,0,No,No,10,Yes,No,DSL,Yes,Yes,No,No,No,No,Month-to-month,No,Mailed check,55.63,561.15,No
3989-TR01773,Male,0,Yes,No,53,Yes,Yes,Fiber optic,Yes,Yes,No,No,Yes,No,Month-to-month,Yes,Electronic check,100.48,5618.13,Yes
5864-TR02770,Male,0,No,No,54,Yes,No,Fiber optic,Yes,Yes,No,Yes,No,Yes,Month-to-month,Yes,Credit card (automatic),92.19,4896.0,No
4973-TR02677,Male,0,No,No,68,No,No phone service,DSL,Yes,Yes,No,Yes,Yes,Yes,Two year,Yes,Bank transfer (automatic),58.32,4012.02,No
6548-TR01529,Female,0,No,No,19,Yes,No,Fiber optic,Yes,No,No,Yes,No,Yes,Month-to-month,Yes,Electronic check,93.82,1849.12,No
3200-TR01224,Male,1,Yes,No,58,Yes,Yes,Fiber optic,No,Yes,No,No,No,Yes,Month-to-month,Yes,Electronic check,90.03,5227.16,No
6070-TR01855,Male,0,No,No,2,Yes,No,No,No internet service,No internet service,No internet service,No internet service,No internet service,No internet service,One year,No,Mailed check,19.89,40.2,No
8527-TR00377,Female,1,No,No,25,No,No phone service,DSL,Yes,No,No,No,Yes,No,Month-to-month,Yes,Electronic check,43.1,1091.09,Yes
4555-TR01080,Female,0,No,No,18,Yes,No,Fiber optic,Yes,No,No,Yes,No,Yes,Month-to-month,Yes,Electronic check,86.47,1472.52,No
1080-TR00831,Female,0,Yes,Yes,47,Yes,No,No,No internet service,No internet service,No internet service,No internet service,No internet service,No internet service,Two year,No,Bank transfer (automatic),18.0,808.71,No
8664-TR01270,Female,0,No,No,12,Yes,No,Fiber optic,No,Yes,No,Yes,No,No,Month-to-month,Yes,Credit card (automatic),82.39,990.87,No
4483-TR00809,Male,0,Yes,Yes,50,Yes,Yes,No,No internet service,No internet service,No internet service,No internet service,No internet service,No internet service,Two year,No,Mailed check,24.16,1239.81,No
4599-TR00708,Female,0,No,No,12,Yes,No,Fiber optic,Yes,Yes,No,No,Yes,Yes,Month-to-month,Yes,Credit card (automatic),103.02,1250.89,Yes
0404-SWRVG,Male,0,No,No,3,Yes,Yes,Fiber optic,No,No,No,No,No,No,Month-to-month,Yes,Electronic check,74.4,229.55,Yes
3965-TR01225,Male,0,Yes,Yes,29,Yes,Yes,Fiber optic,No,Yes,No,Yes,No,No,Month-to-month,Yes,Credit card (automatic),87.2,2453.75,No
3200-TR00262,Male,0,No,No,0,Yes,No,Fiber optic,No,No,No,No,No,Yes,Month-to-month,No,Electronic check,79.94,0.0,Yes
7979-TR00713,Female,0,No,No,44,Yes,No,Fiber optic,No,Yes,No,Yes,Yes,Yes,Two year,Yes,Bank transfer (automatic),99.24,4413.02,No
8173-TR01205,Female,0,No,Yes,0,Yes,Yes,No,No internet service,No internet service,No internet service,No internet service,No internet service,No internet service,Month-to-month,No,Mailed check,24.65,0.0,No
7554-NEWDD,Male,0,No,No,10,Yes,Yes,No,No internet service,No internet service,No internet service,No internet service,No internet service,No internet service,Two year,No,Bank transfer (automatic),25.7,251.6,No
1642-TR01791,Female,0,Yes,Yes,71,Yes,Yes,DSL,Yes,Yes,No,No,Yes,No,Two year,Yes,Credit card (automatic),67.25,4988.26,No
2567-TR00003,Female,0,No,No,1,Yes,No,Fiber optic,No,No,No,No,No,No,Month-to-month,Yes,Electronic check,73.65,74.23,Yes
7308-TR00032,Female,1,No,No,9,Yes,No,Fiber optic,No,Yes,No,No,Yes,Yes,Month-to-month,Yes,Electronic check,95.17,871.16,Yes
4876-TR01037,Male,0,No,No,46,Yes,Yes,Fiber optic,Yes,Yes,Yes,Yes,Yes,Yes,One year,No,Credit card (automatic),112.6,5430.07,No
4589-TR00995,Male,0,Yes,Yes,63,Yes,No,DSL,Yes,Yes,Yes,Yes,Yes,Yes,Two year,No,Electronic check,84.92,5136.07,No
6556-DBKZF,Female,0,Yes,Yes,71,Yes,No,Fiber optic,No,No,Yes,No,No,No,Two year,No,Electronic check,76.05,5436.45,No
7866-TR00319,Male,0,No,No,71,Yes,No,No,No internet service,No internet service,No internet service,No internet service,No internet service,No internet service,Two year,Yes,Credit card (automatic),18.0,1309.04,No
4059-TR00671,Female,0,Yes,Yes,59,Yes,Yes,Fiber optic,No,No,Yes,No,Yes,Yes,One year,Yes,Credit card (automatic),97.04,5736.68,No
4779-TR02588,Male,0,Yes,Yes,28,Yes,Yes,Fiber optic,No,Yes,No,Yes,No,No,Month-to-month,Yes,Credit card (automatic),86.19,2268.63,No
5785-TR01830,Male,0,No,No,52,Yes,Yes,Fiber optic,Yes,Yes,No,Yes,Yes,Yes,Two year,Yes,Credit card (automatic),112.12,6224.18,No
8987-TR01949,Female,0,Yes,Yes,65,Yes,Yes,DSL,Yes,No,Yes,Yes,No,No,Two year,Yes,Credit card (automatic),61.77,3835.41,No
5566-TR02872,Male,1,Yes,No,59,No,No phone service,DSL,No,Yes,Yes,No,No,Yes,Month-to-month,Yes,Electronic check,44.66,2607.73,Yes
2804-TR01129,Female,0,No,No,42,Yes,Yes,Fiber optic,No,Yes,Yes,No,Yes,Yes,Two year,Yes,Electronic check,104.01,4462.84,Yes
9908-TR02670,Female,0,No,No,1,Yes,No,DSL,No,Yes,No,No,No,No,Month-to-month,No,Bank transfer (automatic),52.45,55.89,No
9671-TR00911,Male,0,No,Yes,65,Yes,No,DSL,Yes,Yes,No,No,No,No,One year,No,Bank transfer (automatic),58.69,3726.36,No
4866-TR01723,Male,1,Yes,No,68,Yes,Yes,No,No internet service,No internet service,No internet service,No internet service,No internet service,No internet service,Two year,No,Bank transfer (automatic),23.15,1499.04,No
9789-TR00318,Female,0,No,Yes,13,Yes,No,DSL,Yes,Yes,No,No,No,No,Month-to-month,Yes,Electronic check,59.7,803.28,No
8098-LLAZX,Female,1,No,No,4,Yes,Yes,Fiber optic,No,No,No,No,Yes,Yes,Month-to-month,Yes,Electronic check,95.45,396.1,Yes
5129-JLPIS,Male,0,No,No,25,Yes,No,Fiber optic,Yes,No,Yes,Yes,Yes,Yes,Month-to-month,Yes,Electronic check,105.5,2686.05,No
1136-TR01702,Male,0,No,No,4,Yes,No,No,No internet service,No internet service,No internet service,No internet service,No internet service,No internet service,Month-to-month,No,Mailed check,20.93,76.33,Yes
3425-TR00308,Male,0,No,No,49,Yes,Yes,DSL,No,Yes,Yes,Yes,No,Yes,Two year,Yes,Bank transfer (automatic),74.11,3935.65,No
9516-TR02014,Male,0,No,No,5,Yes,Yes,DSL,No,Yes,No,No,No,No,Month-to-month,Yes,Mailed check,52.94,239.94,Yes
8430-TR01576,Female,0,Yes,Yes,71,No,No phone service,DSL,No,Yes,Yes,Yes,Yes,Yes,Two year,Yes,Electronic check,59.99,4225.52,No
9120-TR01244,Female,0,No,No,0,Yes,No,No,No internet service,No internet service,No internet service,No internet service,No internet service,No internet service,Month-to-month,Yes,Bank transfer (automatic),18.0,0.65,No
2651-TR00895,Male,0,No,Yes,5,Yes,No,No,No internet service,No internet service,No internet service,No internet service,No internet service,No internet service,Month-to-month,No,Mailed check,20.94,103.17,No
2074-TR00468,Male,0,No,Yes,58,Yes,No,DSL,Yes,Yes,No,No,No,No,One year,No,Bank transfer (automatic),52.71,2998.37,No
7603-TR01893,Male,0,No,Yes,19,Yes,Yes,Fiber optic,No,Yes,No,No,Yes,No,Month-to-month,Yes,Credit card (automatic),90.53,1758.27,No
5622-TR01313,Female,1,No,No,6,Yes,No,Fiber optic,No,No,No,No,Yes,Yes,Month-to-month,Yes,Electronic check,89.4,564.22,No
4901-TR02017,Male,0,Yes,Yes,51,Yes,Yes,Fiber optic,No,Yes,No,No,Yes,Yes,Month-to-month,Yes,Electronic check,98.78,4923.32,Yes
3632-TR01739,Female,0,No,No,12,Yes,No,Fiber optic,No,Yes,Yes,No,No,No,Month-to-month,Yes,Electronic check,79.96,940.25,Yes
8338-TR02143,Male,0,Yes,Yes,72,Yes,Yes,DSL,No,Yes,Yes,Yes,No,Yes,One year,Yes,Bank transfer (automatic),75.4,5362.11,Yes
2511-TR01951,Male,0,Yes,Yes,66,Yes,Yes,DSL,No,Yes,Yes,Yes,No,Yes,One year,Yes,Bank transfer (automatic),77.43,5100.27,Yes
7716-TR02866,Male,0,No,No,50,Yes,Yes,DSL,No,Yes,Yes,Yes,No,Yes,Two year,Yes,Bank transfer (automatic),72.77,3620.27,No
5023-TR01592,Male,0,Yes,No,72,Yes,Yes,DSL,Yes,Yes,Yes,Yes,Yes,Yes,Two year,Yes,Credit card (automatic),87.3,6246.86,No
9651-TR02208,Male,1,Yes,No,23,Yes,Yes,Fiber optic,No,No,No,No,No,Yes,Month-to-month,No,Electronic check,87.17,2000.47,No
4064-TR02309,Male,0,No,Yes,9,Yes,No,Fiber optic,No,No,No,No,Yes,No,Month-to-month,Yes,Credit card (automatic),80.4,700.75,No
9969-TR01163,Male,0,Yes,No,3,Yes,Yes,Fiber optic,No,Yes,No,Yes,No,No,Month-to-month,Yes,Electronic check,84.29,260.91,Yes
7958-TR01717,Female,0,Yes,No,46,Yes,Yes,Fiber optic,Yes,Yes,Yes,Yes,Yes,Yes,One year,No,Mailed check,115.18,5469.73,No
5627-TR02015,Male,0,Yes,Yes,7,Yes,Yes,Fiber optic,No,Yes,Yes,No,No,No,Month-to-month,Yes,Bank transfer (automatic),86.82,590.21,Yes
3386-TR01601,Female,0,Yes,Yes,11,Yes,No,No,No internet service,No internet service,No internet service,No internet service,No internet service,No internet service,One year,No,Mailed check,18.0,198.25,No
2243-TR02197,Female,1,Yes,No,9,Yes,Yes,Fiber optic,No,Yes,No,No,No,No,Month-to-month,Yes,Credit card (automatic),80.59,732.54,Yes
6693-TR01083,Male,0,Yes,Yes,46,Yes,Yes,Fiber optic,Yes,No,No,No,Yes,Yes,One year,No,Electronic check,95.92,4331.57,No
5608-TR00800,Female,0,No,No,5,Yes,No,Fiber optic,No,No,No,No,No,No,Month-to-month,Yes,Electronic check,72.8,363.41,Yes
9287-TR01546,Female,0,Yes,Yes,72,Yes,Yes,Fiber optic,Yes,Yes,Yes,No,Yes,Yes,Two year,No,Credit card (automatic),107.25,7960.69,No
2418-TR01418,Female,1,Yes,No,7,Yes,Yes,Fiber optic,No,Yes,No,No,No,No,Month-to-month,Yes,Credit card (automatic),73.72,531.5,Yes
9284-TR02119,Male,0,Yes,No,69,No,No phone service,DSL,Yes,Yes,Yes,No,No,No,Two year,No,Bank transfer (automatic),43.47,2811.45,No
3827-TR01434,Male,0,Yes,Yes,2,Yes,Yes,Fiber optic,No,Yes,Yes,No,No,No,Month-to-month,Yes,Bank transfer (automatic),83.47,178.33,Yes
2845-TR01120,Male,0,No,No,47,Yes,Yes,Fiber optic,Yes,Yes,Yes,Yes,Yes,Yes,One year,No,Credit card (automatic),111.72,4973.66,No
2424-TR01482,Female,0,Yes,No,16,Yes,No,Fiber optic,Yes,Yes,No,Yes,Yes,No,Month-to-month,Yes,Electronic check,96.04,1447.6,No
4210-TR01239,Male,1,No,No,14,Yes,No,Fiber optic,No,Yes,No,No,No,No,Month-to-month,Yes,Electronic check,74.06,1038.01,Yes
6326-TR02416,Female,0,No,No,14,No,No phone service,DSL,Yes,No,No,No,No,No,Month-to-month,No,Mailed check,34.26,459.03,No
6962-TR02796,Male,0,Yes,Yes,68,No,No phone service,DSL,Yes,Yes,Yes,Yes,No,No,Two year,No,Credit card (automatic),48.07,3149.77,No
2986-TR00724,Female,0,Yes,Yes,35,Yes,No,DSL,Yes,Yes,No,Yes,Yes,Yes,One year,No,Credit card (automatic),80.12,2752.41,Yes
8118-TR02794,Female,0,No,No,0,Yes,Yes,Fiber optic,No,No,Yes,No,No,No,Month-to-month,No,Mailed check,76.88,2.83,Yes
8544-GOQSH,Female,0,No,No,14,Yes,No,Fiber optic,No,Yes,No,Yes,No,No,Month-to-month,Yes,Credit card (automatic),80.05,1112.3,No
6947-TR02005,Male,0,No,No,14,Yes,No,No,No internet service,No internet service,No internet service,No internet service,No internet service,No internet service,Two year,No,Credit card (automatic),18.78,255.87,No
3844-TR01589,Male,1,No,No,7,No,No phone service,DSL,No,No,Yes,No,No,Yes,Month-to-month,Yes,Electronic check,41.04,296.45,Yes
4441-TR00025,Male,0,No,Yes,54,Yes,No,No,No internet service,No internet service,No internet service,No internet service,No internet service,No internet service,Two year,Yes,Mailed check,20.05,1062.07,No
1327-TR02182,Female,0,No,No,30,Yes,No,Fiber optic,No,Yes,No,Yes,No,No,One year,Yes,Bank transfer (automatic),76.42,2213.86,No
7307-TR02613,Female,1,No,No,56,Yes,Yes,DSL,Yes,Yes,No,Yes,Yes,Yes,One year,No,Bank transfer (automatic),81.71,4383.27,Yes
9029-TR01252,Female,0,Yes,Yes,68,Yes,Yes,Fiber optic,Yes,Yes,Yes,Yes,Yes,Yes,Two year,No,Credit card (automatic),112.04,7866.41,No
9566-TR02825,Female,1,No,No,60,Yes,Yes,Fiber optic,Yes,Yes,Yes,No,Yes,Yes,One year,No,Electronic check,110.19,6327.59,No
9292-TR01802,Male,1,No,No,0,No,No phone service,DSL,No,No,Yes,No,No,Yes,Month-to-month,Yes,Electronic check,38.99,0.0,Yes
7698-TR02357,Male,0,Yes,No,57,Yes,No,No,No internet service,No internet service,No internet service,No internet service,No internet service,No internet service,One year,Yes,Credit card (automatic),23.55,1345.63,No
2273-TR00880,Male,1,No,No,10,Yes,No,Fiber optic,No,Yes,No,No,No,No,Month-to-month,Yes,Electronic check,74.46,728.42,Yes
7753-TR01201,Female,0,No,No,18,Yes,No,Fiber optic,Yes,Yes,No,No,Yes,Yes,Month-to-month,Yes,Credit card (automatic),101.17,1734.25,Yes
9264-TR00317,Male,0,No,No,9,No,No phone service,DSL,No,No,No,No,No,No,Month-to-month,No,Mailed check,23.42,214.3,No
6268-TR01896,Female,0,No,No,40,Yes,Yes,Fiber optic,Yes,Yes,Yes,Yes,Yes,Yes,Two year,No,Credit card (automatic),110.54,4770.57,No
6511-TR01218,Female,0,Yes,No,17,Yes,Yes,DSL,Yes,Yes,No,Yes,Yes,No,Month-to-month,Yes,Electronic check,76.21,1262.71,No
4775-TR01063,Male,0,No,No,4,Yes,No,DSL,Yes,No,No,No,No,No,Month-to-month,Yes,Mailed check,47.67,196.06,Yes
5553-TR02433,Male,0,No,No,56,Yes,Yes,DSL,No,Yes,Yes,Yes,No,Yes,Two year,Yes,Bank transfer (automatic),69.99,3994.8,No
9911-TR00824,Male,0,No,Yes,69,Yes,Yes,Fiber optic,Yes,No,Yes,No,Yes,Yes,Two year,No,Bank transfer (automatic),106.74,7137.25,No
8419-TR00285,Male,0,Yes,No,70,Yes,Yes,DSL,Yes,Yes,Yes,Yes,Yes,Yes,Two year,Yes,Bank transfer (automatic),90.57,6298.93,No
4522-AKYLR,Female,1,No,No,13,Yes,No,DSL,No,Yes,Yes,No,No,No,Month-to-month,Yes,Electronic check,54.8,731.3,No
9278-TR01617,Male,1,No,No,16,Yes,Yes,Fiber optic,No,Yes,Yes,No,Yes,Yes,Month-to-month,Yes,Electronic check,106.16,1697.0,Yes
8554-TR01388,Female,0,Yes,No,2,No,No phone service,DSL,No,Yes,No,No,No,No,Month-to-month,Yes,Electronic check,29.69,64.03,No
8549-TR01869,Female,0,Yes,Yes,30,Yes,No,No,No internet service,No internet service,No internet service,No internet service,No internet service,No internet service,One year,No,Electronic check,23.61,666.76,No
8643-TR00309,Male,0,No,No,48,Yes,Yes,DSL,Yes,No,No,Yes,Yes,Yes,Two year,Yes,Credit card (automatic),82.37,4054.71,No
6307-TR00175,Female,0,No,No,10,Yes,Yes,Fiber optic,No,No,Yes,No,Yes,Yes,Month-to-month,Yes,Bank transfer (automatic),94.95,929.53,Yes
4715-TR02222,Male,0,No,No,0,Yes,No,DSL,No,No,No,Yes,No,No,Month-to-month,No,Mailed check,51.34,0.21,No
2423-TR01854,Male,0,No,No,48,Yes,Yes,DSL,Yes,No,No,Yes,Yes,Yes,Two year,Yes,Credit card (automatic),80.26,3689.11,No
3729-TR00242,Male,0,No,No,64,Yes,Yes,Fiber optic,Yes,Yes,No,No,No,No,One year,Yes,Credit card (automatic),86.42,5584.15,No
5911-TR01453,Male,0,Yes,No,15,Yes,Yes,Fiber optic,No,No,No,No,No,No,Month-to-month,Yes,Electronic check,74.8,1060.25,No
2100-TR00288,Female,0,Yes,Yes,15,Yes,No,No,No internet service,No internet service,No internet service,No internet service,No internet service,No internet service,One year,No,Mailed check,18.0,258.37,No
2688-TR00619,Male,1,Yes,No,24,Yes,No,DSL,Yes,Yes,No,No,No,Yes,Month-to-month,Yes,Bank transfer (automatic),62.22,1508.42,No
6842-TR01950,Female,1,Yes,Yes,63,Yes,No,DSL,Yes,Yes,Yes,Yes,No,Yes,One year,Yes,Credit card (automatic),73.92,4644.99,No
5164-TR02781,Male,0,Yes,No,72,Yes,Yes,DSL,Yes,Yes,Yes,Yes,Yes,Yes,Two year,Yes,Bank transfer (automatic),87.95,6515.12,No
9334-TR01827,Male,0,No,No,53,Yes,Yes,Fiber optic,No,Yes,Yes,No,Yes,Yes,Month-to-month,Yes,Bank transfer (automatic),96.04,5285.7,Yes
7760-OYPDY,Female,0,No,No,2,Yes,No,Fiber optic,No,No,No,No,Yes,No,Month-to-month,Yes,Electronic check,80.65,144.15,Yes
2534-TR02511,Male,0,No,No,7,Yes,No,No,No internet service,No internet service,No internet service,No internet service,No internet service,No internet service,One year,No,Mailed check,18.15,126.19,No
7332-TR01500,Male,0,Yes,No,2,Yes,Yes,Fiber optic,No,Yes,No,Yes,No,No,Month-to-month,Yes,Electronic check,83.78,175.28,Yes
5791-TR00143,Male,0,Yes,No,33,Yes,Yes,Fiber optic,No,No,No,Yes,Yes,No,Month-to-month,Yes,Credit card (automatic),91.53,3101.02,No
8890-TR01860,Female,0,Yes,Yes,14,Yes,No,No,No internet service,No internet service,No internet service,No internet service,No internet service,No internet service,One year,No,Mailed check,22.5,329.45,No
5491-TR01690,Female,0,Yes,Yes,26,Yes,No,No,No internet service,No internet service,No internet service,No internet service,No internet service,No internet service,One year,No,Electronic check,21.52,562.5,No
1452-KIOVK,Male,0,No,Yes,22,Yes,Yes,Fiber optic,No,Yes,No,No,Yes,No,Month-to-month,Yes,Credit card (automatic),89.1,1949.4,No
8196-TR01158,Male,0,Yes,No,72,Yes,Yes,DSL,Yes,Yes,Yes,Yes,Yes,Yes,Two year,Yes,Credit card (automatic),86.26,6322.23,No
7754-TR00272,Female,0,No,No,53,Yes,No,DSL,Yes,No,Yes,Yes,No,No,One year,No,Credit card (automatic),59.4,3356.83,No
6068-TR00020,Female,0,No,No,14,Yes,No,No,No internet service,No internet service,No internet service,No internet service,No internet service,No internet service,One year,Yes,Bank transfer (automatic),18.87,262.73,No
0513-RBGPE,Male,0,Yes,Yes,37,Yes,Yes,DSL,Yes,No,Yes,Yes,No,No,Two year,Yes,Credit card (automatic),62.8,2278.75,No
2263-TR00697,Female,1,No,No,7,Yes,No,Fiber optic,No,No,No,No,Yes,Yes,Month-to-month,Yes,Electronic check,88.44,623.81,No
3656-TR02673,Male,0,Yes,Yes,17,Yes,No,DSL,No,Yes,Yes,Yes,No,Yes,Month-to-month,Yes,Mailed check,70.49,1173.32,No
7923-TR00514,Male,1,Yes,Yes,68,Yes,Yes,Fiber optic,No,Yes,Yes,Yes,Yes,Yes,One year,Yes,Electronic check,109.51,7609.6,No
1950-KSVVJ,Female,0,Yes,No,45,Yes,Yes,Fiber optic,Yes,Yes,Yes,Yes,Yes,Yes,One year,No,Mailed check,113.3,5032.25,No
4028-TR02719,Female,1,Yes,No,38,Yes,Yes,Fiber optic,No,No,No,No,No,No,Month-to-month,Yes,Electronic check,75.77,2839.46,Yes
5276-TR00545,Female,1,No,No,17,Yes,Yes,Fiber optic,No,No,No,No,No,No,Month-to-month,Yes,Mailed check,74.27,1311.56,Yes
5950-TR00361,Female,0,Yes,No,0,No,No phone service,DSL,No,Yes,No,No,No,No,Month-to-month,Yes,Electronic check,31.76,0.0,No
5780-TR01477,Male,0,Yes,No,53,Yes,Yes,Fiber optic,Yes,Yes,No,No,Yes,No,Month-to-month,Yes,Electronic check,95.34,4898.75,Yes
2052-TR01520,Female,0,Yes,Yes,67,Yes,No,No,No internet service,No internet service,No internet service,No internet service,No internet service,No internet service,Two year,No,Mailed check,22.11,1492.52,No
2262-TR00179,Female,0,No,No,8,Yes,No,No,No internet service,No internet service,No internet service,No internet service,No internet service,No internet service,One year,Yes,Bank transfer (automatic),24.35,195.19,No
2990-TR02343,Female,0,Yes,Yes,7,Yes,No,No,No internet service,No internet service,No internet service,No internet service,No internet service,No internet service,One year,No,Mailed check,24.51,174.33,No
9757-TR01372,Female,0,Yes,Yes,70,Yes,Yes,Fiber optic,Yes,Yes,No,Yes,Yes,No,Two year,No,Bank transfer (automatic),101.71,6954.78,No
3015-TR00441,Female,0,Yes,Yes,13,Yes,Yes,Fiber optic,Yes,No,No,No,Yes,Yes,Month-to-month,Yes,Electronic check,97.09,1216.71,Yes
1134-TR02455,Female,0,No,No,14,Yes,No,Fiber optic,Yes,Yes,No,No,Yes,Yes,Month-to-month,Yes,Credit card (automatic),104.82,1484.92,Yes
5698-TR00453,Male,0,No,No,1,Yes,No,DSL,No,No,No,Yes,No,No,Month-to-month,No,Mailed check,47.69,47.69,No
4835-TR00884,Male,0,Yes,Yes,68,No,No phone service,DSL,Yes,Yes,Yes,Yes,No,Yes,Two year,Yes,Credit card (automatic),55.6,3882.57,No
6700-TR01335,Male,0,Yes,Yes,49,Yes,Yes,No,No internet service,No internet service,No internet service,No internet service,No internet service,No internet service,Two year,No,Mailed check,24.13,1240.88,No
3978-TR00471,Male,0,No,No,44,Yes,No,Fiber optic,No,No,No,No,No,No,Month-to-month,No,Credit card (automatic),70.73,3191.68,No
8782-TR00810,Female,0,No,No,23,Yes,Yes,Fiber optic,No,No,No,No,No,No,One year,Yes,Credit card (automatic),76.59,1700.98,No
4905-TR01047,Male,0,Yes,No,54,Yes,No,DSL,Yes,Yes,No,Yes,No,No,Two year,Yes,Electronic check,59.73,3261.23,No
1765-TR00068,Male,0,Yes,Yes,33,Yes,No,Fiber optic,No,Yes,Yes,No,No,No,Month-to-month,No,Bank transfer (automatic),82.86,2671.26,No
8168-UQWWF,Female,0,No,No,11,Yes,Yes,Fiber optic,No,No,Yes,No,Yes,Yes,Month-to-month,Yes,Bank transfer (automatic),97.85,1105.4,Yes
9193-TR01119,Male,1,Yes,No,33,Yes,Yes,Fiber optic,No,No,Yes,No,Yes,Yes,Month-to-month,Yes,Electronic check,101.43,3423.58,No
9602-TR02025,Male,0,Yes,Yes,18,Yes,No,No,No internet service,No internet service,No internet service,No internet service,No internet service,No internet service,One year,No,Mailed check,18.0,319.45,No
7430-TR02446,Female,0,Yes,Yes,32,Yes,No,No,No internet service,No internet service,No internet service,No internet service,No internet service,No internet service,One year,No,Electronic check,22.03,719.16,No
6148-TR02121,Female,0,Yes,Yes,67,Yes,No,Fiber optic,No,No,Yes,No,No,No,Two year,No,Electronic check,77.67,5033.53,No
2431-TR00073,Female,0,No,No,33,No,No phone service,DSL,Yes,Yes,No,Yes,No,Yes,Two year,Yes,Bank transfer (automatic),49.81,1657.97,No
6339-TR01632,Female,1,No,No,10,Yes,No,Fiber optic,No,Yes,No,No,Yes,Yes,Month-to-month,Yes,Electronic check,95.93,898.89,Yes
3016-KSVCP,Male,0,Yes,No,29,No,No phone service,DSL,No,No,No,No,Yes,No,Month-to-month,No,Mailed check,33.75,1009.25,No
5198-TR02377,Male,1,Yes,No,24,Yes,No,DSL,Yes,Yes,No,No,No,Yes,Month-to-month,Yes,Bank transfer (automatic),60.41,1462.11,No
4767-HZZHQ,Male,0,Yes,Yes,30,Yes,No,Fiber optic,No,Yes,Yes,No,No,No,Month-to-month,No,Bank transfer (automatic),82.05,2570.2,No
9663-TR02535,Female,0,No,No,0,No,No phone service,DSL,No,No,No,No,No,No,Month-to-month,No,Electronic check,26.16,0.0,No
6453-TR02037,Male,1,No,No,16,Yes,No,Fiber optic,No,Yes,No,No,No,No,Month-to-month,Yes,Electronic check,71.84,1155.86,Yes
3385-TR02553,Female,1,No,No,17,Yes,No,DSL,No,Yes,Yes,No,No,No,Month-to-month,Yes,Electronic check,54.3,911.49,No
7384-TR00127,Female,0,No,No,71,Yes,Yes,DSL,No,Yes,Yes,Yes,Yes,Yes,Two year,No,Bank transfer (automatic),85.85,5754.81,No
4365-TR01295,Female,0,No,No,12,Yes,No,No,No internet service,No internet service,No internet service,No internet service,No internet service,No internet service,One year,No,Electronic check,21.83,271.78,No
9443-TR00167,Male,0,No,No,21,Yes,No,Fiber optic,Yes,No,Yes,Yes,Yes,Yes,Month-to-month,Yes,Electronic check,98.21,2137.25,No
5630-AHZIL,Female,0,No,Yes,3,Yes,No,DSL,Yes,No,No,Yes,No,Yes,Month-to-month,Yes,Bank transfer (automatic),64.5,177.4,No
1285-OKIPP,Male,0,No,No,1,Yes,No,Fiber optic,No,No,No,No,No,Yes,Month-to-month,No,Electronic check,79.9,79.9,Yes
1743-TR00907,Male,0,No,No,64,Yes,No,DSL,No,No,No,Yes,No,No,Two year,No,Bank transfer (automatic),48.78,3052.48,No
2955-TR02643,Female,1,Yes,No,7,Yes,No,Fiber optic,No,No,No,No,No,No,Month-to-month,Yes,Electronic check,69.75,487.56,No
3780-TR01175,Female,0,No,No,16,Yes,Yes,Fiber optic,No,No,No,No,No,Yes,Month-to-month,Yes,Electronic check,87.2,1410.5,No
1268-TR00268,Male,0,No,Yes,2,Yes,No,No,No internet service,No internet service,No internet service,No internet service,No internet service,No internet service,Month-to-month,No,Mailed check,20.78,41.59,No
9577-WJVCQ,Female,0,No,No,68,Yes,Yes,DSL,Yes,No,No,No,No,No,Month-to-month,No,Mailed check,54.45,3687.75,No
4702-TR01358,Male,0,No,No,1,Yes,Yes,Fiber optic,No,No,No,No,No,No,Month-to-month,Yes,Electronic check,69.76,73.7,Yes
4497-TR00407,Male,0,No,No,0,Yes,No,DSL,Yes,Yes,No,No,No,No,Month-to-month,Yes,Mailed check,54.08,0.0,Yes
5573-TR00927,Female,0,Yes,Yes,13,Yes,Yes,Fiber optic,Yes,No,No,No,Yes,Yes,Month-to-month,Yes,Electronic check,98.97,1302.84,Yes
8094-TR02743,Female,1,Yes,No,21,Yes,Yes,DSL,Yes,No,No,Yes,Yes,No,Month-to-month,Yes,Credit card (automatic),70.93,1494.16,No
2025-TR02006,Male,0,Yes,Yes,72,Yes,Yes,Fiber optic,Yes,No,Yes,No,Yes,Yes,Two year,No,Electronic check,104.47,7769.02,No
5470-TR00240,Female,0,No,Yes,0,Yes,No,Fiber optic,No,No,No,No,Yes,No,Month-to-month,Yes,Electronic check,85.19,0.0,Yes
4223-TR01104,Female,0,No,No,32,No,No phone service,DSL,Yes,No,No,No,No,No,One year,No,Mailed check,32.13,1012.56,No
2296-TR02325,Male,0,Yes,Yes,7,Yes,No,DSL,No,Yes,No,No,No,No,One year,No,Mailed check,53.63,391.05,No
1992-TR02556,Male,0,Yes,Yes,35,Yes,Yes,DSL,Yes,No,Yes,Yes,No,No,Two year,Yes,Credit card (automatic),65.68,2223.85,No
6035-TR02579,Male,0,No,Yes,30,Yes,No,DSL,No,Yes,Yes,No,Yes,No,One year,No,Credit card (automatic),60.03,1770.69,No
9306-TR02260,Female,0,Yes,Yes,22,No,No phone service,DSL,Yes,Yes,Yes,No,Yes,Yes,Month-to-month,Yes,Credit card (automatic),61.25,1367.26,Yes
5828-TR01967,Male,0,No,No,1,Yes,No,DSL,No,Yes,No,No,No,No,Month-to-month,No,Mailed check,47.74,49.24,No
1008-TR02859,Male,0,No,Yes,39,Yes,Yes,Fiber optic,No,Yes,No,No,No,No,Month-to-month,Yes,Mailed check,81.85,3204.55,No
8458-TR01085,Male,0,No,No,52,Yes,No,No,No internet service,No internet service,No internet service,No internet service,No internet service,No internet service,Two year,No,Bank transfer (automatic),20.89,1058.22,No
2964-TR02150,Female,1,No,No,18,Yes,Yes,DSL,Yes,No,No,No,No,No,Month-to-month,Yes,Electronic check,51.77,903.61,No
6720-TR01623,Male,0,No,No,50,Yes,Yes,Fiber optic,Yes,Yes,Yes,Yes,Yes,Yes,One year,No,Credit card (automatic),117.42,6145.76,No
6781-TR00344,Male,0,No,No,36,Yes,No,Fiber optic,Yes,No,No,Yes,Yes,No,Two year,Yes,Electronic check,90.38,3157.87,No
4539-TR00479,Male,0,No,No,56,Yes,Yes,DSL,Yes,No,No,Yes,Yes,Yes,Two year,Yes,Credit card (automatic),81.2,4647.76,No
4182-TR01716,Male,0,No,No,1,Yes,Yes,DSL,No,Yes,No,No,No,No,Month-to-month,Yes,Mailed check,55.44,56.02,Yes
9336-TR01667,Female,0,No,No,5,Yes,No,No,No internet service,No internet service,No internet service,No internet service,No internet service,No internet service,One year,Yes,Mailed check,18.07,90.82,No
6166-TR02051,Female,0,Yes,Yes,10,Yes,Yes,Fiber optic,Yes,No,No,No,Yes,Yes,Month-to-month,Yes,Electronic check,101.34,966.2,Yes
9653-TR00977,Male,0,Yes,Yes,37,Yes,Yes,DSL,No,No,Yes,No,Yes,Yes,Month-to-month,Yes,Electronic check,72.22,2636.23,No
5053-TR01578,Female,0,Yes,No,5,Yes,No,DSL,No,No,No,No,No,No,Month-to-month,Yes,Credit card (automatic),44.06,221.41,Yes
4438-TR02020,Female,0,Yes,Yes,12,Yes,Yes,Fiber optic,Yes,No,No,No,Yes,Yes,Month-to-month,Yes,Electronic check,96.63,1177.19,Yes
4075-JFPGR,Female,0,Yes,No,51,Yes,No,Fiber optic,Yes,Yes,Yes,No,Yes,No,One year,Yes,Electronic check,93.5,4619.55,No
3314-TR00250,Female,0,Yes,No,68,Yes,Yes,No,No internet service,No internet service,No internet service,No internet service,No internet service,No internet service,Two year,No,Bank transfer (automatic),22.39,1583.25,No
5596-TR01826,Male,0,No,No,0,Yes,Yes,Fiber optic,No,No,No,No,No,No,Month-to-month,Yes,Electronic check,75.98,0.0,Yes
5245-TR01998,Female,1,No,No,23,Yes,No,Fiber optic,Yes,Yes,No,Yes,Yes,Yes,Month-to-month,Yes,Mailed check,106.68,2411.58,No
7777-TR00443,Male,0,Yes,Yes,60,Yes,No,No,No internet service,No internet service,No internet service,No internet service,No internet service,No internet service,Two year,No,Credit card (automatic),18.29,1065.36,No
4026-TR02605,Female,0,Yes,No,51,Yes,No,Fiber optic,Yes,Yes,Yes,No,Yes,No,One year,Yes,Electronic check,93.15,4779.86,No
9338-TR01631,Female,0,No,No,40,Yes,No,No,No internet service,No internet service,No internet service,No internet service,No internet service,No internet service,Two year,No,Mailed check,23.48,936.89,No
4306-TR01307,Female,0,No,No,1,Yes,No,Fiber optic,No,No,No,No,Yes,No,Month-to-month,Yes,Electronic check,80.99,80.99,Yes
2883-TR02530,Female,1,Yes,Yes,60,Yes,No,DSL,Yes,Yes,Yes,Yes,No,Yes,One year,Yes,Credit card (automatic),69.28,4110.53,No
9265-TR00547,Male,0,No,No,8,Yes,Yes,No,No internet service,No internet service,No internet service,No internet service,No internet service,No internet service,Two year,No,Bank transfer (automatic),24.77,201.53,No
6869-TR00897,Female,1,No,No,15,Yes,Yes,Fiber optic,No,No,No,No,No,No,Month-to-month,Yes,Mailed check,73.35,1125.91,Yes
5553-TR02336,Male,1,No,No,2,No,No phone service,DSL,No,No,Yes,No,No,Yes,Month-to-month,Yes,Electronic check,38.23,74.73,Yes
9341-TR00497,Female,0,No,No,38,Yes,No,Fiber optic,No,Yes,Yes,Yes,Yes,Yes,Month-to-month,Yes,Bank transfer (automatic),106.25,4047.1,No
7926-TR02308,Female,0,No,No,65,Yes,Yes,DSL,Yes,Yes,Yes,Yes,Yes,No,Two year,Yes,Credit card (automatic),78.92,5101.94,No
7982-VCELR,Female,0,No,No,36,Yes,No,Fiber optic,No,Yes,No,No,Yes,Yes,Month-to-month,Yes,Credit card (automatic),94.8,3565.65,No
1612-TR00228,Female,0,Yes,Yes,69,No,No phone service,DSL,No,Yes,Yes,Yes,Yes,Yes,Two year,Yes,Electronic check,61.51,4355.94,No
5009-TR00229,Male,1,Yes,Yes,42,Yes,Yes,Fiber optic,No,Yes,No,No,Yes,Yes,Month-to-month,No,Electronic check,96.63,4247.93,No
1901-TR01445,Male,0,Yes,No,66,Yes,Yes,Fiber optic,No,Yes,Yes,No,Yes,Yes,Month-to-month,Yes,Electronic check,109.83,6919.26,Yes
6535-TR00389,Female,0,No,No,52,Yes,No,DSL,Yes,No,Yes,Yes,No,No,One year,No,Credit card (automatic),55.91,2822.3,No
5307-TR01947,Female,1,Yes,Yes,63,Yes,No,DSL,Yes,Yes,Yes,Yes,No,Yes,One year,Yes,Credit card (automatic),73.12,4612.1,No
3128-TR00057,Female,1,Yes,No,65,No,No phone service,DSL,No,Yes,Yes,No,Yes,No,One year,No,Bank transfer (automatic),41.5,2505.44,No
1963-TR01157,Male,0,No,No,0,Yes,No,No,No internet service,No internet service,No internet service,No internet service,No internet service,No internet service,One year,No,Mailed check,18.0,0.0,No
1537-TR01721,Female,0,Yes,Yes,32,Yes,Yes,No,No internet service,No internet service,No internet service,No internet service,No internet service,No internet service,Two year,No,Credit card (automatic),28.88,882.5,No
8089-TR02181,Female,0,Yes,Yes,48,Yes,No,No,No internet service,No internet service,No internet service,No internet service,No internet service,No internet service,Two year,No,Bank transfer (automatic),18.79,922.72,No
8262-TR00358,Female,1,No,No,14,Yes,No,Fiber optic,No,Yes,No,No,Yes,Yes,Month-to-month,Yes,Electronic check,94.91,1324.64,Yes
7105-TR02462,Male,0,Yes,Yes,22,Yes,No,No,No internet service,No internet service,No internet service,No internet service,No internet service,No internet service,One year,No,Mailed check,18.0,379.24,No
2314-TR00569,Male,0,Yes,Yes,36,Yes,Yes,DSL,No,No,Yes,No,Yes,Yes,Month-to-month,Yes,Electronic check,77.59,2930.27,No
5485-TR02472,Male,0,No,No,8,Yes,Yes,Fiber optic,No,No,No,No,Yes,Yes,Month-to-month,No,Mailed check,94.49,720.49,Yes
7279-TR00566,Female,0,Yes,Yes,42,Yes,No,No,No internet service,No internet service,No internet service,No internet service,No internet service,No internet service,Two year,Yes,Mailed check,21.9,949.9,No
4187-TR00975,Female,0,Yes,Yes,43,Yes,No,No,No internet service,No internet service,No internet service,No internet service,No internet service,No internet service,Two year,Yes,Mailed check,18.0,847.24,No
7724-TR00812,Male,0,No,No,0,Yes,No,Fiber optic,Yes,No,No,No,No,Yes,Month-to-month,Yes,Mailed check,88.18,0.28,Yes
1753-TR00958,Male,0,Yes,Yes,25,Yes,Yes,Fiber optic,No,Yes,No,Yes,No,No,Month-to-month,Yes,Credit card (automatic),88.09,2189.9,No
1557-EMYVT,Female,0,No,No,43,Yes,Yes,Fiber optic,Yes,Yes,Yes,Yes,Yes,Yes,Two year,No,Credit card (automatic),115.05,4895.1,No
2575-TR02381,Female,0,Yes,Yes,69,Yes,Yes,Fiber optic,Yes,Yes,No,Yes,Yes,No,Two year,No,Bank transfer (automatic),100.42,6771.6,No
2406-TR02168,Male,0,Yes,No,72,Yes,Yes,DSL,Yes,Yes,Yes,Yes,Yes,Yes,Two year,Yes,Bank transfer (automatic),88.93,6371.01,No
6373-TR00968,Female,0,No,No,25,Yes,No,Fiber optic,Yes,No,No,Yes,No,Yes,Month-to-month,Yes,Electronic check,93.24,2317.65,No
4153-TR02335,Female,0,Yes,No,71,Yes,Yes,DSL,Yes,Yes,Yes,Yes,Yes,Yes,Two year,No,Credit card (automatic),84.46,6039.65,No
5245-TR00886,Female,1,No,No,14,Yes,Yes,Fiber optic,No,No,No,No,No,No,Month-to-month,Yes,Mailed check,75.39,1083.74,Yes
8874-TR01276,Male,0,No,No,3,Yes,No,DSL,No,No,No,No,No,No,Month-to-month,Yes,Credit card (automatic),44.91,137.44,Yes
5169-TR01318,Female,0,Yes,Yes,68,Yes,Yes,Fiber optic,Yes,Yes,No,Yes,Yes,No,Two year,No,Bank transfer (automatic),102.73,7025.24,No
5918-TR02833,Male,0,Yes,Yes,27,Yes,No,Fiber optic,No,Yes,Yes,Yes,No,No,One year,No,Mailed check,86.01,2282.41,No
1322-TR01990,Male,0,Yes,No,1,Yes,Yes,Fiber optic,No,Yes,No,Yes,No,No,Month-to-month,Yes,Electronic check,88.74,94.95,Yes
3301-TR02094,Female,1,Yes,No,38,Yes,Yes,Fiber optic,No,No,No,No,No,No,Month-to-month,Yes,Electronic check,79.94,3024.81,Yes
0021-IKXGC,Female,1,No,No,1,Yes,Yes,Fiber optic,No,No,No,No,No,No,Month-to-month,Yes,Electronic check,72.1,72.1,No
1510-TR00074,Female,0,Yes,Yes,72,Yes,Yes,Fiber optic,Yes,Yes,Yes,No,Yes,Yes,Two year,No,Credit card (automatic),105.29,7803.33,No
8225-TR01672,Female,0,No,No,4,Yes,No,DSL,Yes,Yes,No,No,No,No,Month-to-month,No,Mailed check,51.39,201.71,No
2089-TR02476,Male,0,Yes,No,57,Yes,No,DSL,No,No,Yes,No,No,No,One year,No,Credit card (automatic),49.49,2857.33,No
2830-TR02885,Female,1,Yes,No,62,No,No phone service,DSL,No,Yes,Yes,No,Yes,No,One year,No,Bank transfer (automatic),49.22,2905.79,No
7439-TR01992,Female,0,Yes,No,18,Yes,No,Fiber optic,Yes,Yes,No,Yes,Yes,No,Month-to-month,Yes,Electronic check,98.22,1757.33,No
9335-TR02567,Female,0,Yes,No,50,Yes,Yes,Fiber optic,No,No,Yes,No,Yes,Yes,Month-to-month,Yes,Electronic check,98.66,4915.21,No
4917-TR00058,Female,0,Yes,Yes,31,Yes,Yes,No,No internet service,No internet service,No internet service,No internet service,No internet service,No internet service,Two year,No,Credit card (automatic),22.49,687.21,No
6775-TR01596,Male,0,No,No,50,Yes,No,Fiber optic,Yes,Yes,No,Yes,No,Yes,Month-to-month,Yes,Credit card (automatic),97.54,4957.57,No
4309-TR01760,Male,0,Yes,No,69,Yes,Yes,DSL,Yes,Yes,Yes,Yes,Yes,Yes,Two year,Yes,Credit card (automatic),86.1,6087.76,No
4195-TR01970,Female,0,Yes,Yes,37,Yes,No,No,No internet service,No internet service,No internet service,No internet service,No internet service,No internet service,Two year,Yes,Mailed check,18.38,726.33,No
1826-TR00197,Female,0,No,No,46,Yes,No,Fiber optic,No,No,Yes,No,No,No,Month-to-month,Yes,Credit card (automatic),75.43,3322.15,No
7887-TR02575,Female,1,No,No,12,Yes,Yes,DSL,Yes,No,No,No,No,No,Month-to-month,Yes,Electronic check,53.42,635.31,No
6953-TR02238,Female,0,No,No,19,Yes,No,Fiber optic,Yes,Yes,No,No,Yes,Yes,Month-to-month,Yes,Credit card (automatic),96.93,1838.34,Yes
3962-TR00205,Male,1,No,No,0,Yes,No,DSL,No,No,No,No,No,No,Month-to-month,No,Bank transfer (automatic),38.75,0.21,No
8323-TR02137,Female,0,Yes,Yes,28,No,No phone service,DSL,Yes,Yes,Yes,No,Yes,Yes,Month-to-month,Yes,Credit card (automatic),58.37,1578.88,Yes
8229-MYEJZ,Female,0,No,No,10,Yes,No,DSL,No,Yes,No,No,No,No,Month-to-month,No,Electronic check,51.2,498.25,No
6555-TR00644,Male,0,No,No,71,Yes,No,No,No internet service,No internet service,No internet service,No internet service,No internet service,No internet service,Two year,Yes,Credit card (automatic),19.28,1389.41,No
2692-TR00581,Female,0,No,No,6,Yes,No,DSL,No,Yes,No,Yes,Yes,Yes,Month-to-month,Yes,Electronic check,75.02,475.89,No
2571-TR00357,Female,0,Yes,No,0,No,No phone service,DSL,No,Yes,No,No,No,No,Month-to-month,Yes,Electronic check,34.39,0.0,No
6497-TILVL,Female,0,Yes,Yes,7,Yes,No,DSL,Yes,No,No,No,No,No,Month-to-month,No,Mailed check,50.7,350.35,No
5838-TR00072,Female,0,No,No,14,Yes,Yes,Fiber optic,No,No,Yes,No,Yes,Yes,Month-to-month,Yes,Bank transfer (automatic),94.8,1293.29,Yes
9818-TR00463,Male,1,Yes,No,58,Yes,Yes,Fiber optic,No,Yes,No,No,No,Yes,Month-to-month,Yes,Electronic check,92.6,5480.33,No
7100-FQPRV,Male,0,Yes,Yes,43,Yes,Yes,DSL,Yes,No,No,Yes,No,Yes,One year,Yes,Credit card (automatic),71.9,3173.35,No
3848-TR01837,Female,0,No,No,31,No,No phone service,DSL,Yes,No,No,No,No,No,One year,No,Mailed check,30.15,938.17,No
1993-TR02388,Male,0,No,No,58,Yes,Yes,Fiber optic,No,Yes,Yes,Yes,Yes,Yes,Month-to-month,Yes,Electronic check,111.33,6371.16,No
7739-TR01821,Female,0,No,No,72,Yes,Yes,DSL,No,Yes,Yes,Yes,Yes,Yes,Two year,No,Bank transfer (automatic),86.01,6231.13,No
7824-TR00804,Female,0,Yes,Yes,8,Yes,No,No,No internet service,No internet service,No internet service,No internet service,No internet service,No internet service,One year,No,Mailed check,21.27,168.3,No
9963-TR01814,Female,0,Yes,Yes,72,Yes,Yes,DSL,Yes,Yes,No,No,Yes,No,Two year,Yes,Credit card (automatic),68.22,4963.7,No
2395-TR00114,Male,1,No,No,13,Yes,Yes,Fiber optic,No,Yes,Yes,No,Yes,Yes,Month-to-month,Yes,Electronic check,111.17,1545.79,Yes
7216-TR02158,Male,0,Yes,Yes,72,No,No phone service,DSL,Yes,Yes,Yes,Yes,No,Yes,Two year,Yes,Credit card (automatic),52.48,3628.52,No
3458-TR00771,Female,0,Yes,Yes,44,Yes,Yes,No,No internet service,No internet service,No internet service,No internet service,No internet service,No internet service,One year,Yes,Credit card (automatic),25.53,1126.12,No
6688-TR02200,Female,1,No,No,33,Yes,No,DSL,No,Yes,No,Yes,No,No,Month-to-month,No,Bank transfer (automatic),50.8,1781.65,No
3462-TR01243,Male,0,Yes,Yes,55,Yes,No,No,No internet service,No internet service,No internet service,No internet service,No internet service,No internet service,Two year,No,Credit card (automatic),20.76,1170.12,No
3036-TR00960,Female,0,No,No,54,Yes,No,DSL,Yes,No,Yes,Yes,No,No,One year,No,Credit card (automatic),58.93,3144.9,No
6633-TR02802,Female,0,Yes,Yes,44,Yes,Yes,No,No internet service,No internet service,No internet service,No internet service,No internet service,No internet service,One year,Yes,Credit card (automatic),27.18,1233.98,No
5764-TR01459,Male,0,Yes,No,65,Yes,Yes,Fiber optic,No,Yes,No,Yes,Yes,Yes,Two year,Yes,Electronic check,105.85,6704.4,No
2273-QCKXA,Male,0,No,No,1,Yes,No,DSL,No,No,No,Yes,No,No,Month-to-month,No,Mailed check,49.05,49.05,No
2123-TR00881,Male,0,No,No,3,Yes,No,No,No internet service,No internet service,No internet service,No internet service,No internet service,No internet service,One year,No,Mailed check,19.83,59.07,No
4891-TR01098,Female,0,No,No,24,Yes,Yes,Fiber optic,No,No,No,No,No,No,One year,Yes,Credit card (automatic),74.44,1752.63,No
1836-TR01603,Male,0,No,No,55,Yes,Yes,DSL,No,Yes,Yes,Yes,No,Yes,Two year,Yes,Bank transfer (automatic),70.27,3891.65,No
2079-TR00122,Female,0,No,No,12,Yes,Yes,Fiber optic,Yes,No,No,No,No,No,Month-to-month,Yes,Electronic check,76.15,955.35,Yes
2399-TR00796,Female,0,Yes,No,62,Yes,Yes,DSL,No,Yes,No,Yes,No,No,Two year,Yes,Credit card (automatic),59.08,3667.69,No
1348-TR02657,Female,0,No,No,31,Yes,No,No,No internet service,No internet service,No internet service,No internet service,No internet service,No internet service,One year,No,Bank transfer (automatic),21.44,625.65,No
3210-TR02315,Male,0,No,No,36,Yes,Yes,Fiber optic,No,No,Yes,Yes,Yes,No,One year,No,Bank transfer (automatic),95.79,3302.52,No
6361-TR00830,Male,0,Yes,No,18,Yes,Yes,Fiber optic,No,No,No,No,No,No,Month-to-month,Yes,Electronic check,72.12,1287.69,No
0278-YXOOG,Male,0,No,No,5,Yes,No,No,No internet service,No internet service,No internet service,No internet service,No internet service,No internet service,Month-to-month,No,Mailed check,21.05,113.85,Yes
8377-TR00817,Male,0,No,No,48,Yes,Yes,DSL,Yes,No,No,Yes,Yes,Yes,Two year,Yes,Credit card (automatic),77.72,3797.31,No
3606-TR01362,Female,1,Yes,No,65,Yes,No,Fiber optic,Yes,Yes,Yes,No,No,Yes,Month-to-month,No,Electronic check,95.33,6369.25,No
3638-WEABW,Female,0,Yes,No,58,Yes,Yes,DSL,No,Yes,No,Yes,No,No,Two year,Yes,Credit card (automatic),59.9,3505.1,No
9227-UAQFT,Male,0,No,No,16,Yes,No,No,No internet service,No internet service,No internet service,No internet service,No internet service,No internet service,Two year,No,Mailed check,19.75,284.35,No
3322-TR00512,Female,1,No,No,52,Yes,Yes,Fiber optic,Yes,Yes,Yes,No,Yes,Yes,One year,No,Electronic check,113.66,5914.68,No
2749-TR02502,Female,0,No,No,41,Yes,No,Fiber optic,No,Yes,Yes,No,Yes,No,Month-to-month,Yes,Electronic check,90.7,3589.73,No
3351-NGXYI,Female,1,No,No,16,Yes,Yes,DSL,Yes,No,No,No,No,No,Month-to-month,Yes,Electronic check,54.1,889.0,No
1338-TR01265,Male,0,Yes,No,62,Yes,Yes,Fiber optic,No,Yes,Yes,No,Yes,Yes,Month-to-month,Yes,Electronic check,103.2,6386.76,Yes
3405-TR02448,Female,0,Yes,Yes,60,Yes,Yes,Fiber optic,Yes,Yes,Yes,Yes,Yes,Yes,Two year,No,Credit card (automatic),111.63,6452.69,No
6341-TR01300,Male,0,No,Yes,15,Yes,No,DSL,No,No,No,No,No,No,One year,No,Mailed check,45.55,662.94,No
8937-TR00588,Male,0,No,No,56,Yes,No,No,No internet service,No internet service,No internet service,No internet service,No internet service,No internet service,Two year,No,Bank transfer (automatic),18.71,1009.22,No
1372-TR00942,Male,0,Yes,Yes,70,Yes,Yes,DSL,Yes,Yes,No,Yes,No,No,One year,Yes,Credit card (automatic),70.91,5045.03,No
6945-TR00764,Female,0,Yes,No,0,Yes,No,DSL,No,No,No,No,Yes,No,Month-to-month,No,Mailed check,54.99,0.0,Yes
4811-TR02760,Female,0,No,No,26,Yes,Yes,No,No internet service,No internet service,No internet service,No internet service,No internet service,No internet service,Month-to-month,No,Electronic check,25.14,637.52,No
9455-TR02466,Female,0,Yes,Yes,11,Yes,Yes,Fiber optic,Yes,No,No,No,Yes,Yes,Month-to-month,Yes,Electronic check,102.41,1109.81,Yes
4344-TR01319,Female,0,Yes,Yes,1,Yes,No,No,No internet service,No internet service,No internet service,No internet service,No internet service,No internet service,Month-to-month,No,Mailed check,21.15,21.15,No
9336-TR01699,Male,1,Yes,Yes,69,Yes,Yes,Fiber optic,No,Yes,Yes,Yes,Yes,Yes,One year,Yes,Electronic check,108.82,8095.39,No
6496-JDSSB,Female,0,No,No,8,Yes,No,Fiber optic,No,No,No,No,Yes,No,Month-to-month,Yes,Bank transfer (automatic),80.0,624.6,No
6474-TR02090,Male,0,No,No,28,Yes,Yes,Fiber optic,No,No,No,Yes,No,Yes,Month-to-month,Yes,Credit card (automatic),89.79,2651.38,No
1258-TR00903,Male,0,No,No,33,Yes,Yes,Fiber optic,No,No,No,Yes,No,Yes,Month-to-month,Yes,Credit card (automatic),83.85,2874.29,No
8720-TR00754,Male,0,Yes,Yes,45,Yes,Yes,Fiber optic,Yes,No,No,No,Yes,Yes,One year,No,Electronic check,98.11,4357.64,No
3283-TR02039,Female,0,Yes,Yes,72,Yes,Yes,Fiber optic,Yes,Yes,No,Yes,Yes,No,Two year,No,Bank transfer (automatic),100.19,6557.89,No
5097-TR02395,Male,0,No,No,5,Yes,No,DSL,No,No,No,No,No,No,Month-to-month,Yes,Credit card (automatic),48.37,254.13,Yes
8299-TR00546,Female,0,No,Yes,18,Yes,No,DSL,No,No,No,No,Yes,Yes,Month-to-month,Yes,Mailed check,62.48,1107.54,Yes
1815-TR00732,Male,0,No,No,0,Yes,No,No,No internet service,No internet service,No internet service,No internet service,No internet service,No internet service,Month-to-month,No,Mailed check,18.72,0.0,Yes
3586-TR02326,Female,0,Yes,No,55,No,No phone service,DSL,Yes,Yes,Yes,No,Yes,Yes,Month-to-month,Yes,Bank transfer (automatic),61.67,3381.97,No
8905-TR00451,Male,0,No,No,0,Yes,No,No,No internet service,No internet service,No internet service,No internet service,No internet service,No internet service,Month-to-month,No,Mailed check,22.03,0.87,Yes
4709-LKHYG,Female,0,Yes,Yes,29,Yes,No,No,No internet service,No internet service,No internet service,No internet service,No internet service,No internet service,One year,No,Electronic check,20.0,540.05,No
1083-TR00768,Male,1,Yes,No,23,Yes,No,DSL,Yes,Yes,No,No,No,Yes,Month-to-month,Yes,Bank transfer (automatic),63.0,1472.23,No
6647-TR01916,Female,1,No,No,22,Yes,No,Fiber optic,Yes,Yes,No,Yes,Yes,Yes,Month-to-month,Yes,Mailed check,104.71,2317.25,No
7907-TR02689,Female,0,Yes,No,44,Yes,Yes,DSL,No,Yes,No,No,No,No,Month-to-month,No,Credit card (automatic),58.47,2481.34,No
2273-TR02516,Male,0,Yes,Yes,23,Yes,Yes,No,No internet service,No internet service,No internet service,No internet service,No internet service,No internet service,Two year,Yes,Bank transfer (automatic),28.16,651.55,No
3631-TR02777,Female,0,No,Yes,0,Yes,Yes,No,No internet service,No internet service,No internet service,No internet service,No internet service,No internet service,Month-to-month,No,Mailed check,23.51,0.0,No
6617-TR02537,Female,0,No,No,14,Yes,No,No,No internet service,No internet service,No internet service,No internet service,No internet service,No internet service,One year,Yes,Bank transfer (automatic),18.61,263.71,No
5221-TR00762,Female,1,No,No,21,Yes,Yes,Fiber optic,No,No,Yes,No,No,No,Month-to-month,Yes,Credit card (automatic),83.32,1684.85,No
7082-TR00920,Male,0,Yes,Yes,69,No,No phone service,DSL,Yes,Yes,Yes,Yes,No,No,Two year,No,Credit card (automatic),46.15,3313.53,No
5570-TR01752,Female,0,Yes,Yes,64,Yes,Yes,Fiber optic,Yes,No,No,No,Yes,Yes,One year,Yes,Credit card (automatic),99.36,6456.78,No
9571-TR01709,Female,0,Yes,Yes,67,Yes,No,No,No internet service,No internet service,No internet service,No internet service,No internet service,No internet service,Two year,No,Bank transfer (automatic),21.92,1488.97,No
4511-TR00538,Female,0,Yes,Yes,17,Yes,No,No,No internet service,No internet service,No internet service,No internet service,No internet service,No internet service,One year,No,Mailed check,21.7,344.23,No
4221-TR01643,Male,0,No,No,21,Yes,No,DSL,No,No,No,No,Yes,Yes,One year,Yes,Bank transfer (automatic),62.2,1346.01,No
1625-TR02501,Male,0,Yes,No,31,No,No phone service,DSL,No,No,No,No,Yes,No,Month-to-month,No,Mailed check,30.8,1000.1,No
4187-TR01573,Male,0,Yes,Yes,68,No,No phone service,DSL,Yes,Yes,Yes,Yes,No,Yes,Two year,Yes,Credit card (automatic),57.93,3838.8,No
2993-TR00775,Female,1,No,No,18,Yes,Yes,Fiber optic,No,No,Yes,No,No,No,Month-to-month,Yes,Credit card (automatic),82.4,1546.3,No
3389-TR01540,Female,0,No,No,12,Yes,No,Fiber optic,Yes,Yes,No,No,Yes,Yes,Month-to-month,Yes,Credit card (automatic),103.13,1245.31,Yes
2173-TR00171,Female,1,No,No,11,Yes,No,Fiber optic,No,Yes,No,No,Yes,Yes,Month-to-month,Yes,Electronic check,92.02,993.93,Yes
4806-TR00781,Male,0,Yes,No,5,Yes,No,Fiber optic,No,No,No,No,No,No,Month-to-month,No,Electronic check,65.73,335.51,Yes
6817-TR00993,Male,0,No,No,11,Yes,No,No,No internet service,No internet service,No internet service,No internet service,No internet service,No internet service,Month-to-month,Yes,Mailed check,18.0,210.29,No
1107-TR02514,Male,0,No,No,6,Yes,Yes,Fiber optic,No,No,No,No,No,No,Month-to-month,Yes,Electronic check,74.12,432.35,Yes
6106-TR02443,Female,0,Yes,Yes,67,Yes,No,No,No internet service,No internet service,No internet service,No internet service,No internet service,No internet service,Two year,No,Bank transfer (automatic),20.33,1307.26,No
5600-TR00962,Female,1,No,No,54,Yes,Yes,Fiber optic,Yes,Yes,Yes,No,Yes,Yes,One year,No,Electronic check,114.02,5685.52,No
4136-TR02040,Female,0,Yes,No,17,Yes,No,Fiber optic,Yes,Yes,No,Yes,Yes,No,Month-to-month,Yes,Electronic check,97.4,1679.38,No
2616-TR02285,Female,0,No,No,52,Yes,Yes,Fiber optic,No,No,No,No,No,Yes,Month-to-month,Yes,Electronic check,85.52,4299.23,No
4212-TR00797,Female,0,Yes,No,38,Yes,Yes,No,No internet service,No internet service,No internet service,No internet service,No internet service,No internet service,Month-to-month,No,Electronic check,23.47,878.62,No
6467-CHFZW,Male,0,Yes,Yes,47,Yes,Yes,Fiber optic,No,Yes,No,No,Yes,Yes,Month-to-month,Yes,Electronic check,99.35,4749.15,Yes
6202-DYYFX,Female,0,No,No,22,Yes,Yes,Fiber optic,No,No,No,No,No,No,One year,Yes,Credit card (automatic),76.0,1783.6,No
9648-TR02803,Male,0,No,No,71,Yes,Yes,Fiber optic,No,Yes,Yes,No,Yes,Yes,Two year,Yes,Bank transfer (automatic),100.41,7365.94,No
2756-TR00129,Female,0,Yes,No,51,Yes,Yes,Fiber optic,No,No,Yes,No,Yes,Yes,Month-to-month,Yes,Electronic check,99.39,5062.81,No
3281-TR01822,Female,0,Yes,Yes,10,Yes,Yes,Fiber optic,Yes,No,No,No,Yes,Yes,Month-to-month,Yes,Electronic check,97.4,986.08,Yes
2073-TR02097,Female,1,Yes,No,9,Yes,Yes,Fiber optic,No,Yes,No,No,No,No,Month-to-month,Yes,Credit card (automatic),77.88,691.82,Yes
8986-TR00791,Male,1,No,No,0,No,No phone service,DSL,No,No,Yes,No,No,Yes,Month-to-month,Yes,Electronic check,36.29,0.42,Yes
7418-TR01210,Male,0,No,Yes,67,Yes,Yes,Fiber optic,Yes,No,Yes,No,Yes,Yes,Two year,No,Bank transfer (automatic),104.37,6885.2,No
4996-TR00448,Male,0,Yes,No,61,Yes,No,DSL,No,No,Yes,No,No,No,One year,No,Credit card (automatic),47.67,2942.41,No
1285-TR02524,Male,0,No,No,70,Yes,Yes,Fiber optic,No,Yes,Yes,No,Yes,Yes,Two year,Yes,Bank transfer (automatic),100.16,6865.32,No
6788-TR01442,Female,1,Yes,No,0,Yes,No,Fiber optic,No,No,No,No,No,No,Month-to-month,Yes,Mailed check,67.96,0.23,Yes
2815-TR01289,Male,0,No,Yes,72,Yes,Yes,Fiber optic,Yes,No,Yes,No,Yes,Yes,Two year,No,Bank transfer (automatic),110.97,8345.67,No
4000-TR01516,Male,0,No,No,0,Yes,No,No,No internet service,No internet service,No internet service,No internet service,No internet service,No internet service,Month-to-month,No,Mailed check,18.0,0.0,No
8694-TR02865,Male,0,Yes,No,64,Yes,Yes,Fiber optic,No,Yes,Yes,No,Yes,Yes,Month-to-month,Yes,Electronic check,98.07,6203.86,Yes
7603-TR01964,Male,1,Yes,No,56,No,No phone service,DSL,No,Yes,Yes,No,No,Yes,Month-to-month,Yes,Electronic check,42.7,2396.49,Yes
5740-TR00216,Female,0,Yes,Yes,72,Yes,Yes,Fiber optic,Yes,Yes,Yes,No,Yes,Yes,One year,Yes,Credit card (automatic),104.53,7916.77,No
9231-TR00351,Male,0,Yes,Yes,72,Yes,No,No,No internet service,No internet service,No internet service,No internet service,No internet service,No internet service,Two year,No,Credit card (automatic),19.01,1318.71,No
1366-TR00304,Male,0,Yes,Yes,21,Yes,No,Fiber optic,No,Yes,Yes,Yes,No,No,One year,No,Mailed check,86.83,1690.67,No
4477-TR02460,Female,0,No,No,15,Yes,Yes,Fiber optic,No,No,No,No,No,Yes,Month-to-month,Yes,Electronic check,87.93,1379.39,No
9950-TR00899,Female,0,Yes,Yes,56,Yes,Yes,Fiber optic,No,No,Yes,No,Yes,Yes,One year,Yes,Credit card (automatic),101.18,5364.36,No
1113-TR01033,Male,0,No,No,0,Yes,No,No,No internet service,No internet service,No internet service,No internet service,No internet service,No internet service,Month-to-month,No,Mailed check,18.0,0.0,No
4447-TR01725,Male,0,Yes,Yes,0,No,No phone service,DSL,No,Yes,No,No,No,No,Month-to-month,No,Electronic check,30.1,0.0,Yes
2734-TR02528,Male,1,No,No,7,Yes,No,Fiber optic,No,Yes,No,No,No,No,Month-to-month,Yes,Electronic check,68.2,476.29,Yes
9398-TR00225,Female,0,No,No,36,No,No phone service,DSL,Yes,No,No,No,No,No,One year,No,Mailed check,29.91,1061.18,No
3128-TR01790,Male,0,No,No,38,Yes,No,DSL,Yes,No,Yes,No,No,No,One year,No,Mailed check,54.44,1982.42,No
6057-TR00634,Male,0,No,Yes,66,Yes,No,DSL,Yes,Yes,No,No,No,No,One year,No,Bank transfer (automatic),57.36,3866.42,No
3160-TR00280,Male,1,Yes,No,31,No,No phone service,DSL,Yes,No,No,No,No,No,Month-to-month,No,Credit card (automatic),30.54,966.59,Yes
5755-TR02829,Male,0,No,No,20,Yes,No,No,No internet service,No internet service,No internet service,No internet service,No internet service,No internet service,Two year,No,Credit card (automatic),20.35,403.9,No
4898-TR02615,Female,0,No,No,22,Yes,No,Fiber optic,Yes,No,No,No,No,No,Month-to-month,Yes,Bank transfer (automatic),72.6,1582.07,No
6955-TR01291,Female,0,No,No,0,No,No phone service,DSL,No,Yes,No,No,No,No,Month-to-month,No,Bank transfer (automatic),26.23,0.24,Yes
3281-TR01845,Female,0,Yes,Yes,53,Yes,Yes,Fiber optic,No,No,Yes,No,Yes,Yes,One year,Yes,Credit card (automatic),97.97,5265.5,No
2903-TR00576,Male,0,No,No,2,No,No phone service,DSL,No,No,No,Yes,No,No,Month-to-month,No,Electronic check,30.53,59.29,No
6825-TR01020,Female,0,Yes,Yes,70,No,No phone service,DSL,No,Yes,Yes,Yes,Yes,Yes,Two year,No,Credit card (automatic),61.32,4368.95,No
5754-TR02900,Male,1,No,No,17,Yes,Yes,Fiber optic,No,Yes,Yes,No,Yes,Yes,Month-to-month,Yes,Electronic check,106.42,1743.87,Yes
5954-BDFSG,Female,0,No,No,72,Yes,Yes,Fiber optic,No,No,Yes,Yes,Yes,Yes,Two year,Yes,Credit card (automatic),107.5,7853.7,No
1665-TR01309,Male,0,No,No,0,Yes,No,No,No internet service,No internet service,No internet service,No internet service,No internet service,No internet service,One year,No,Mailed check,20.83,0.0,No
7228-TR00551,Male,0,Yes,No,54,Yes,Yes,Fiber optic,Yes,Yes,No,No,Yes,No,Month-to-month,Yes,Electronic check,95.56,5055.56,Yes
5712-AHQNN,Female,0,No,No,43,Yes,No,Fiber optic,No,Yes,Yes,No,Yes,No,Month-to-month,Yes,Electronic check,91.65,3954.1,No
6465-TR00526,Male,0,No,No,0,Yes,No,No,No internet service,No internet service,No internet service,No internet service,No internet service,No internet service,Month-to-month,No,Mailed check,19.66,0.26,Yes
3024-TR02807,Male,0,No,No,0,Yes,No,No,No internet service,No internet service,No internet service,No internet service,No internet service,No internet service,Month-to-month,No,Mailed check,19.21,0.24,No
6411-TR00065,Female,0,Yes,Yes,45,Yes,No,DSL,Yes,No,No,Yes,Yes,Yes,One year,Yes,Credit card (automatic),73.74,3347.28,No
9748-TR01551,Female,1,No,No,10,Yes,No,Fiber optic,No,No,No,No,Yes,Yes,Month-to-month,Yes,Electronic check,90.22,947.65,No
5905-TR02525,Female,0,Yes,Yes,72,Yes,Yes,DSL,Yes,No,Yes,Yes,No,No,Two year,Yes,Credit card (automatic),60.6,4232.16,No
8654-TR00258,Male,1,Yes,Yes,40,Yes,Yes,Fiber optic,No,Yes,No,No,Yes,Yes,Month-to-month,No,Electronic check,101.19,4032.69,No
3736-TR02458,Female,0,No,No,14,Yes,No,Fiber optic,Yes,Yes,No,No,Yes,Yes,Month-to-month,Yes,Credit card (automatic),100.77,1409.79,Yes
4663-TR02863,Male,0,No,Yes,0,Yes,No,No,No internet service,No internet service,No internet service,No internet service,No internet service,No internet service,Month-to-month,No,Mailed check,22.17,0.0,No
4811-JBUVU,Male,0,No,No,30,Yes,Yes,Fiber optic,No,No,No,Yes,No,Yes,Month-to-month,Yes,Credit card (automatic),89.9,2723.15,No
1094-TR02665,Female,0,Yes,No,69,Yes,Yes,DSL,Yes,Yes,Yes,Yes,Yes,Yes,Two year,No,Credit card (automatic),86.79,5919.37,No
6018-TR02828,Male,0,Yes,Yes,59,Yes,No,DSL,Yes,Yes,Yes,Yes,Yes,Yes,Two year,No,Electronic check,84.47,4926.24,No
3681-TR00730,Male,0,No,No,8,No,No phone service,DSL,No,No,No,No,No,No,Month-to-month,No,Mailed check,27.67,235.12,No
3746-TR02261,Male,0,Yes,Yes,51,Yes,Yes,No,No internet service,No internet service,No internet service,No internet service,No internet service,No internet service,Two year,No,Mailed check,21.58,1096.44,No
8320-TR00807,Male,0,No,No,12,Yes,Yes,Fiber optic,No,Yes,No,No,Yes,Yes,Month-to-month,Yes,Credit card (automatic),98.55,1217.58,No
4824-TR00841,Male,0,No,No,0,Yes,No,DSL,No,No,No,No,No,No,Month-to-month,Yes,Credit card (automatic),46.81,0.0,Yes
1518-TR02418,Female,0,Yes,No,23,Yes,No,Fiber optic,Yes,Yes,No,Yes,Yes,No,Month-to-month,Yes,Electronic check,95.3,2167.15,No
4404-TR01978,Female,0,Yes,Yes,68,No,No phone service,DSL,No,Yes,Yes,Yes,Yes,Yes,Two year,No,Credit card (automatic),60.48,4133.02,No
7158-TR01416,Male,0,Yes,No,3,Yes,No,Fiber optic,No,No,No,No,No,No,Month-to-month,No,Electronic check,72.44,203.96,Yes
3315-TR01994,Female,0,No,No,39,Yes,No,Fiber optic,No,Yes,Yes,No,Yes,No,Month-to-month,Yes,Electronic check,90.78,3597.5,No
4177-TR02606,Male,0,No,Yes,16,Yes,No,Fiber optic,No,No,No,No,Yes,No,Month-to-month,Yes,Credit card (automatic),84.19,1356.72,No
9352-TR02191,Female,0,No,No,8,Yes,No,No,No internet service,No internet service,No internet service,No internet service,No internet service,No internet service,Month-to-month,No,Mailed check,23.43,182.58,No
5792-TR00163,Male,0,Yes,No,39,Yes,Yes,Fiber optic,No,No,No,Yes,Yes,No,Month-to-month,Yes,Credit card (automatic),94.18,3740.06,No
7325-TR00169,Female,0,Yes,Yes,22,No,No phone service,DSL,Yes,Yes,Yes,No,Yes,Yes,Month-to-month,Yes,Credit card (automatic),54.93,1167.71,Yes
7220-TR02084,Female,0,No,No,29,No,No phone service,DSL,Yes,Yes,No,Yes,No,Yes,Two year,Yes,Bank transfer (automatic),51.93,1494.19,No
1581-TR02240,Female,0,No,No,56,Yes,No,No,No internet service,No internet service,No internet service,No internet service,No internet service,No internet service,One year,No,Mailed check,18.18,1056.69,No
5669-TR01427,Female,0,No,Yes,2,Yes,Yes,No,No internet service,No internet service,No internet service,No internet service,No internet service,No internet service,Month-to-month,No,Mailed check,25.82,52.61,No
7184-TR01166,Female,0,Yes,Yes,21,No,No phone service,DSL,Yes,Yes,Yes,No,Yes,Yes,Month-to-month,Yes,Credit card (automatic),59.7,1240.23,Yes
5098-TR00088,Female,0,No,No,72,Yes,Yes,DSL,No,Yes,Yes,Yes,Yes,Yes,Two year,No,Bank transfer (automatic),84.78,6052.49,No
1701-TR02692,Female,1,Yes,No,32,No,No phone service,DSL,Yes,No,Yes,No,No,Yes,Month-to-month,Yes,Electronic check,43.96,1364.43,No
6552-TR01294,Female,1,No,No,21,Yes,Yes,Fiber optic,No,No,Yes,No,No,No,Month-to-month,Yes,Credit card (automatic),77.64,1667.41,No
4910-TR01590,Female,0,Yes,Yes,72,Yes,Yes,Fiber optic,Yes,Yes,No,No,Yes,Yes,One year,Yes,Electronic check,102.86,7254.72,No
8507-TR01770,Female,0,No,No,10,Yes,Yes,Fiber optic,No,No,No,No,No,Yes,Month-to-month,Yes,Electronic check,90.38,920.1,No
3366-TR00717,Male,1,Yes,No,31,Yes,Yes,Fiber optic,No,No,Yes,No,Yes,Yes,Month-to-month,Yes,Electronic check,103.38,3039.24,No
2654-TR00741,Female,0,No,No,40,Yes,No,Fiber optic,No,Yes,No,Yes,Yes,Yes,Two year,Yes,Bank transfer (automatic),96.59,3986.6,No
5293-TR01308,Male,0,No,No,9,Yes,Yes,Fiber optic,No,No,No,No,Yes,Yes,Month-to-month,No,Mailed check,96.78,844.37,Yes
7927-TR01213,Female,0,Yes,Yes,68,Yes,No,No,No internet service,No internet service,No internet service,No internet service,No internet service,No internet service,Two year,No,Mailed check,18.0,1219.44,No
1918-ZBFQJ,Female,0,No,No,13,Yes,No,Fiber optic,No,Yes,Yes,No,No,No,Month-to-month,Yes,Electronic check,79.25,1111.65,Yes
8662-TR00639,Female,1,No,No,13,Yes,Yes,Fiber optic,No,No,Yes,No,No,No,Month-to-month,Yes,Credit card (automatic),81.87,1069.76,No
9599-TR02609,Female,0,Yes,Yes,36,Yes,No,No,No internet service,No internet service,No internet service,No internet service,No internet service,No internet service,Two year,Yes,Mailed check,23.78,835.45,No
2335-TR00868,Male,0,No,Yes,35,Yes,Yes,Fiber optic,No,Yes,No,No,No,No,Month-to-month,Yes,Mailed check,84.09,2967.56,No
2217-TR02905,Female,0,Yes,Yes,64,Yes,No,No,No internet service,No internet service,No internet service,No internet service,No internet service,No internet service,Two year,No,Mailed check,18.31,1136.12,No
5344-TR01334,Male,0,No,Yes,9,Yes,No,Fiber optic,No,No,No,No,Yes,No,Month-to-month,Yes,Credit card (automatic),75.17,670.91,No
6497-TR02641,Female,0,Yes,Yes,6,Yes,No,DSL,No,No,Yes,Yes,No,No,Month-to-month,No,Credit card (automatic),54.77,314.84,Yes
2995-TR02330,Male,0,No,No,72,Yes,Yes,Fiber optic,No,Yes,Yes,Yes,Yes,Yes,Two year,No,Bank transfer (automatic),107.09,7379.04,No
3000-TR00760,Male,1,Yes,Yes,41,Yes,Yes,Fiber optic,No,Yes,No,No,Yes,Yes,Month-to-month,No,Electronic check,101.35,4075.77,No
8855-TR00364,Female,0,Yes,No,0,Yes,No,DSL,No,No,No,No,No,No,Month-to-month,Yes,Credit card (automatic),45.22,1.01,Yes
1186-TR02727,Male,1,No,No,13,Yes,No,Fiber optic,No,Yes,No,No,No,No,Month-to-month,Yes,Electronic check,74.11,982.68,Yes
6140-TR00552,Female,0,Yes,Yes,31,Yes,No,No,No internet service,No internet service,No internet service,No internet service,No internet service,No internet service,Two year,Yes,Mailed check,22.8,711.22,No
5238-TR00249,Female,0,No,No,23,Yes,Yes,Fiber optic,No,No,No,No,No,No,One year,Yes,Credit card (automatic),77.69,1746.25,No
5756-TR01264,Female,0,No,No,2,Yes,No,Fiber optic,No,No,No,No,Yes,No,Month-to-month,Yes,Electronic check,76.3,148.89,Yes
3183-TR01806,Male,0,No,No,0,Yes,No,Fiber optic,No,No,No,No,No,No,Month-to-month,No,Mailed check,67.84,0.0,Yes
1325-TR01057,Female,0,Yes,Yes,27,Yes,No,No,No internet service,No internet service,No internet service,No internet service,No internet service,No internet service,One year,No,Electronic check,20.8,557.54,No
7946-TR01736,Female,0,No,No,68,Yes,No,No,No internet service,No internet service,No internet service,No internet service,No internet service,No internet service,Two year,No,Credit card (automatic),18.0,1242.47,No
8313-TR02822,Male,0,No,No,12,Yes,No,No,No internet service,No internet service,No internet service,No internet service,No internet service,No internet service,Two year,No,Credit card (automatic),18.27,211.11,No
4828-TR00759,Male,0,No,No,1,No,No phone service,DSL,No,No,No,No,No,No,Month-to-month,No,Mailed check,21.68,22.69,No
3524-TR02291,Female,0,Yes,Yes,70,Yes,Yes,DSL,Yes,No,Yes,Yes,No,No,Two year,Yes,Credit card (automatic),64.35,4482.23,No
5878-TR01706,Male,0,No,No,48,Yes,Yes,Fiber optic,No,Yes,Yes,No,Yes,Yes,Month-to-month,Yes,Bank transfer (automatic),101.78,4771.94,Yes
9476-TR01261,Male,0,No,No,1,Yes,No,No,No internet service,No internet service,No internet service,No internet service,No internet service,No internet service,Month-to-month,No,Mailed check,25.73,27.02,Yes
2534-TR01498,Female,1,Yes,No,7,Yes,No,Fiber optic,No,No,No,No,No,No,Month-to-month,Yes,Electronic check,75.47,531.28,No
6085-TR02793,Male,0,No,Yes,10,Yes,No,Fiber optic,No,No,No,No,Yes,No,Month-to-month,Yes,Credit card (automatic),75.25,753.48,No
4772-TR02234,Female,1,No,No,6,Yes,No,Fiber optic,No,No,No,No,Yes,Yes,Month-to-month,Yes,Electronic check,90.51,548.74,No
4392-TR01187,Female,1,No,No,53,Yes,Yes,DSL,Yes,Yes,No,Yes,Yes,Yes,One year,No,Bank transfer (automatic),83.34,4413.64,Yes
5020-TR02290,Male,0,Yes,No,51,Yes,Yes,Fiber optic,Yes,Yes,No,No,Yes,No,Month-to-month,Yes,Electronic check,97.88,4977.19,Yes
1599-TR02403,Female,0,Yes,No,3,No,No phone service,DSL,No,No,No,No,No,No,Month-to-month,Yes,Electronic check,24.88,71.51,Yes
2165-TR01986,Female,0,Yes,Yes,38,Yes,No,No,No internet service,No internet service,No internet service,No internet service,No internet service,No internet service,Two year,Yes,Mailed check,21.93,867.64,No
5935-TR01182,Male,0,Yes,Yes,25,Yes,Yes,No,No internet service,No internet service,No internet service,No internet service,No internet service,No internet service,Two year,Yes,Bank transfer (automatic),28.43,722.72,No
1517-TR02703,Male,0,No,No,55,Yes,No,No,No internet service,No internet service,No internet service,No internet service,No internet service,No internet service,Two year,No,Bank transfer (automatic),25.6,1399.95,No
4816-TR00142,Male,0,No,No,19,Yes,No,DSL,No,Yes,No,No,No,No,Month-to-month,Yes,Mailed check,55.5,1025.11,No
5167-TR00751,Female,0,No,Yes,6,Yes,No,DSL,Yes,No,No,Yes,No,Yes,Month-to-month,Yes,Bank transfer (automatic),66.63,409.12,No
4080-IIARD,Female,0,Yes,No,13,Yes,Yes,DSL,Yes,Yes,No,Yes,Yes,No,Month-to-month,Yes,Electronic check,76.2,981.45,No
8303-TR01920,Male,0,Yes,No,55,Yes,Yes,Fiber optic,Yes,Yes,No,No,Yes,No,Month-to-month,Yes,Electronic check,94.75,5089.97,Yes
7662-TR00856,Male,0,No,No,0,Yes,No,No,No internet service,No internet service,No internet service,No internet service,No internet service,No internet service,Month-to-month,No,Bank transfer (automatic),18.19,0.0,No
9919-YLNNG,Female,0,No,No,42,Yes,No,Fiber optic,No,Yes,Yes,Yes,Yes,Yes,Month-to-month,Yes,Bank transfer (automatic),103.8,4327.5,No
8957-TR01804,Male,0,No,No,17,Yes,No,No,No internet service,No internet service,No internet service,No internet service,No internet service,No internet service,Two year,No,Credit card (automatic),22.84,402.89,No
7639-TR00488,Female,0,No,No,72,Yes,Yes,DSL,No,Yes,Yes,Yes,Yes,Yes,Two year,No,Bank transfer (automatic),88.03,5985.78,No
3843-TR01903,Male,0,Yes,No,19,Yes,Yes,Fiber optic,No,No,No,No,No,No,Month-to-month,Yes,Electronic check,74.62,1403.24,No
6390-DSAZX,Female,0,No,Yes,1,Yes,No,Fiber optic,Yes,No,No,No,No,No,Month-to-month,Yes,Mailed check,73.6,73.6,Yes
0280-XJGEX,Male,0,No,No,49,Yes,Yes,Fiber optic,No,Yes,Yes,No,Yes,Yes,Month-to-month,Yes,Bank transfer (automatic),103.7,5036.3,Yes
3331-TR01348,Female,0,Yes,Yes,70,Yes,Yes,Fiber optic,Yes,Yes,No,No,Yes,Yes,One year,Yes,Electronic check,102.44,7192.18,No
7495-OOKFY,Female,1,Yes,No,8,Yes,Yes,Fiber optic,No,Yes,No,No,No,No,Month-to-month,Yes,Credit card (automatic),80.65,633.3,Yes
6210-TR02241,Female,0,No,No,20,Yes,No,Fiber optic,Yes,No,Yes,Yes,Yes,Yes,Month-to-month,Yes,Electronic check,106.11,2117.95,Yes
3155-TR02048,Female,0,No,No,41,Yes,No,Fiber optic,No,Yes,Yes,No,Yes,No,Month-to-month,Yes,Electronic check,89.72,3786.54,No
8255-TR01831,Female,0,Yes,Yes,68,Yes,No,Fiber optic,No,No,Yes,No,No,No,Two year,No,Electronic check,76.02,4967.24,No
5896-TR00474,Female,0,Yes,No,51,Yes,Yes,Fiber optic,No,No,Yes,No,Yes,Yes,Month-to-month,Yes,Electronic check,105.31,5100.98,No
8159-TR00494,Female,0,Yes,No,22,Yes,No,Fiber optic,Yes,Yes,No,Yes,Yes,No,Month-to-month,Yes,Electronic check,96.9,2106.0,No
1585-TR01661,Male,0,Yes,Yes,69,Yes,Yes,DSL,No,Yes,Yes,Yes,No,Yes,One year,Yes,Bank transfer (automatic),79.69,5467.27,Yes
8073-TR00885,Female,0,Yes,Yes,70,Yes,Yes,Fiber optic,Yes,Yes,No,No,Yes,Yes,One year,Yes,Electronic check,105.15,7240.36,No
3224-TR00637,Female,0,No,No,4,Yes,No,Fiber optic,No,No,No,No,No,No,Month-to-month,Yes,Electronic check,71.86,285.88,No
1335-TR02604,Male,0,No,Yes,16,Yes,No,DSL,No,No,No,No,No,No,One year,No,Mailed check,47.43,780.82,No
9845-TR01143,Male,0,No,No,2,Yes,No,Fiber optic,No,No,No,No,No,No,Month-to-month,Yes,Electronic check,63.81,136.7,Yes
8538-TR01537,Male,0,No,No,11,Yes,Yes,Fiber optic,No,Yes,No,No,Yes,Yes,Month-to-month,Yes,Credit card (automatic),99.75,1080.43,No
2669-TR02099,Male,0,Yes,No,20,Yes,Yes,Fiber optic,No,No,No,No,No,No,Month-to-month,Yes,Electronic check,71.6,1393.77,No
3686-TR02298,Female,0,No,No,49,Yes,No,No,No internet service,No internet service,No internet service,No internet service,No internet service,No internet service,One year,No,Mailed check,19.33,985.75,No
2612-TR00853,Female,0,No,No,4,Yes,No,Fiber optic,No,No,No,No,Yes,No,Month-to-month,Yes,Electronic check,78.75,325.27,Yes
2835-TR02742,Female,0,No,No,11,Yes,No,No,No internet service,No internet service,No internet service,No internet service,No internet service,No internet service,One year,No,Electronic check,18.0,203.22,No
6189-TR02536,Female,0,Yes,Yes,45,Yes,No,DSL,Yes,No,No,Yes,Yes,Yes,One year,Yes,Credit card (automatic),79.41,3682.11,No
1787-TR01774,Male,0,No,No,68,Yes,No,No,No internet service,No internet service,No internet service,No internet service,No internet service,No internet service,Two year,Yes,Credit card (automatic),21.0,1373.99,No
5194-TR00554,Male,0,No,No,48,Yes,Yes,Fiber optic,No,Yes,Yes,No,Yes,Yes,Month-to-month,Yes,Bank transfer (automatic),104.34,5074.15,Yes
5471-TR01941,Female,0,Yes,No,55,Yes,Yes,Fiber optic,No,Yes,Yes,No,Yes,Yes,Month-to-month,Yes,Electronic check,103.73,5520.59,Yes
3760-TR02268,Female,0,No,No,46,Yes,No,Fiber optic,No,No,Yes,No,No,No,Month-to-month,Yes,Credit card (automatic),80.27,3812.83,No
5515-TR00168,Male,1,Yes,No,2,No,No phone service,DSL,No,Yes,No,No,Yes,No,Month-to-month,No,Electronic check,38.66,80.72,Yes
8756-TR02114,Female,0,Yes,Yes,35,Yes,Yes,No,No internet service,No internet service,No internet service,No internet service,No internet service,No internet service,Two year,No,Credit card (automatic),22.04,757.79,No
6302-TR02066,Male,0,Yes,Yes,50,Yes,Yes,Fiber optic,No,Yes,No,No,Yes,Yes,Month-to-month,Yes,Electronic check,98.47,4850.3,Yes
6885-PKOAM,Female,0,Yes,No,71,Yes,Yes,DSL,Yes,Yes,Yes,Yes,Yes,Yes,Two year,No,Credit card (automatic),85.75,6223.8,No
6761-TR00509,Female,0,No,No,6,Yes,No,Fiber optic,No,No,No,No,Yes,No,Month-to-month,Yes,Electronic check,83.6,518.55,Yes
5734-TR01825,Female,0,No,Yes,0,Yes,Yes,No,No internet service,No internet service,No internet service,No internet service,No internet service,No internet service,Month-to-month,No,Mailed check,27.26,0.0,No
6601-TR01569,Male,0,No,No,47,Yes,Yes,Fiber optic,No,Yes,Yes,No,Yes,Yes,Month-to-month,Yes,Bank transfer (automatic),101.02,4551.07,Yes
4158-TR00384,Female,0,No,No,6,Yes,No,Fiber optic,No,No,No,No,Yes,Yes,Month-to-month,Yes,Electronic check,90.52,566.09,Yes
8608-TR01909,Female,0,No,Yes,17,Yes,No,DSL,Yes,Yes,No,No,No,No,Month-to-month,Yes,Electronic check,56.83,1003.28,No
8145-TR01515,Female,0,No,No,34,Yes,No,Fiber optic,No,Yes,No,No,Yes,Yes,Month-to-month,Yes,Credit card (automatic),101.58,3327.73,No
6348-SNFUS,Male,0,Yes,Yes,72,No,No phone service,DSL,Yes,Yes,Yes,Yes,No,Yes,Two year,Yes,Credit card (automatic),55.45,4179.2,No
1047-TR02551,Female,0,Yes,Yes,72,Yes,Yes,DSL,Yes,No,Yes,Yes,No,No,Two year,Yes,Credit card (automatic),59.94,4518.54,No
3884-TR02708,Male,1,Yes,No,72,Yes,Yes,No,No internet service,No internet service,No internet service,No internet service,No internet service,No internet service,Two year,No,Bank transfer (automatic),23.29,1645.5,No
3714-NTNFO,Female,0,No,No,49,Yes,Yes,Fiber optic,No,No,No,No,No,Yes,Month-to-month,Yes,Electronic check,84.5,3906.7,No
0699-NDKJM,Female,0,Yes,No,57,No,No phone service,DSL,Yes,Yes,Yes,No,Yes,Yes,Month-to-month,Yes,Bank transfer (automatic),58.75,3437.45,No
2701-TR00022,Male,0,No,Yes,59,Yes,No,DSL,Yes,Yes,No,No,No,No,One year,No,Bank transfer (automatic),57.27,3436.6,No
7568-TR00749,Female,1,No,No,8,Yes,No,Fiber optic,Yes,No,No,No,No,No,Month-to-month,No,Bank transfer (automatic),80.01,632.14,Yes
6010-TR00894,Female,1,No,No,4,Yes,Yes,Fiber optic,No,No,No,No,No,No,Month-to-month,Yes,Electronic check,70.83,293.84,No
2026-TR01471,Male,0,No,No,53,Yes,Yes,No,No internet service,No internet service,No internet service,No internet service,No internet service,No internet service,Two year,No,Bank transfer (automatic),24.97,1305.4,No
7950-TR00706,Male,0,No,No,1,Yes,No,Fiber optic,No,No,No,No,No,No,Month-to-month,No,Mailed check,72.24,72.24,Yes
2325-TR02287,Female,1,No,No,46,Yes,Yes,Fiber optic,No,Yes,No,No,Yes,No,Month-to-month,Yes,Electronic check,88.7,3968.67,No
7590-VHVEG,Female,0,Yes,No,1,No,No phone service,DSL,No,Yes,No,No,No,No,Month-to-month,Yes,Electronic check,29.85,29.85,No
1727-TR00739,Female,0,Yes,No,29,Yes,Yes,Fiber optic,No,No,Yes,Yes,Yes,Yes,Month-to-month,Yes,Electronic check,107.78,3059.15,Yes
2498-TR02374,Male,0,No,No,47,Yes,Yes,No,No internet service,No internet service,No internet service,No internet service,No internet service,No internet service,Two year,No,Bank transfer (automatic),24.33,1146.9,No
7534-BFESC,Male,1,No,No,24,Yes,Yes,Fiber optic,No,No,No,No,No,No,Month-to-month,Yes,Electronic check,76.1,1712.7,Yes
1887-TR02600,Female,1,Yes,No,10,Yes,Yes,Fiber optic,No,Yes,No,No,No,No,Month-to-month,Yes,Credit card (automatic),80.93,851.75,Yes
6554-TR02800,Female,0,No,No,6,Yes,No,DSL,No,Yes,No,No,No,No,Month-to-month,No,Bank transfer (automatic),52.16,300.19,No
7594-TR02429,Female,0,No,No,31,Yes,No,No,No internet service,No internet service,No internet service,No internet service,No internet service,No internet service,One year,No,Bank transfer (automatic),19.72,608.78,No
3645-DEYGF,Male,0,No,Yes,1,Yes,No,No,No internet service,No internet service,No internet service,No internet service,No internet service,No internet service,Month-to-month,No,Mailed check,20.75,20.75,No
7354-TR00541,Female,0,Yes,Yes,72,No,No phone service,DSL,No,Yes,Yes,Yes,Yes,Yes,Two year,No,Credit card (automatic),56.9,3992.6,No
3277-TR00549,Male,0,No,No,2,Yes,No,No,No internet service,No internet service,No internet service,No internet service,No internet service,No internet service,Month-to-month,No,Mailed check,18.71,35.5,Yes
7856-TR02183,Male,0,No,Yes,59,Yes,No,No,No internet service,No internet service,No internet service,No internet service,No internet service,No internet service,Two year,Yes,Mailed check,21.09,1234.27,No
1635-TR00785,Female,1,No,No,9,Yes,No,Fiber optic,No,No,No,No,Yes,Yes,Month-to-month,Yes,Electronic check,88.58,784.84,No
8537-TR01339,Male,0,Yes,No,34,Yes,Yes,Fiber optic,No,No,No,Yes,Yes,No,Month-to-month,Yes,Credit card (automatic),94.47,3181.59,No
1613-TR01287,Male,1,Yes,No,20,Yes,Yes,Fiber optic,No,No,No,No,No,Yes,Month-to-month,No,Electronic check,94.9,1959.1,No
7658-TR00047,Female,0,Yes,No,4,No,No phone service,DSL,No,Yes,No,No,No,No,Month-to-month,Yes,Electronic check,28.28,109.92,No
2586-TR02445,Female,0,No,No,38,Yes,No,No,No internet service,No internet service,No internet service,No internet service,No internet service,No internet service,Two year,No,Mailed check,19.91,752.76,No
5055-TR01052,Female,0,No,No,72,Yes,No,No,No internet service,No internet service,No internet service,No internet service,No internet service,No internet service,Two year,No,Credit card (automatic),18.2,1350.51,No
4178-TR00455,Male,0,Yes,Yes,42,Yes,Yes,Fiber optic,Yes,No,No,No,Yes,Yes,One year,No,Electronic check,99.52,4252.73,No
3332-TR00932,Female,0,Yes,Yes,18,Yes,No,Fiber optic,No,No,No,No,No,Yes,Month-to-month,Yes,Bank transfer (automatic),83.41,1539.22,No
4330-TR00369,Female,0,Yes,Yes,30,Yes,No,No,No internet service,No internet service,No internet service,No internet service,No internet service,No internet service,One year,No,Electronic check,20.03,628.22,No
3957-TR00187,Female,0,Yes,No,41,Yes,Yes,Fiber optic,Yes,Yes,Yes,Yes,Yes,Yes,One year,No,Mailed check,117.54,4624.02,No
1628-TR00510,Male,0,Yes,Yes,14,Yes,No,DSL,Yes,No,No,No,No,No,Month-to-month,Yes,Mailed check,43.1,569.65,No
9078-TR02888,Female,0,No,Yes,6,Yes,No,DSL,Yes,No,No,Yes,No,Yes,Month-to-month,Yes,Bank transfer (automatic),62.73,378.71,No
4053-TR02274,Female,0,Yes,No,67,Yes,Yes,No,No internet service,No internet service,No internet service,No internet service,No internet service,No internet service,Two year,No,Bank transfer (automatic),25.8,1757.44,No
4556-TR01323,Male,0,No,No,34,Yes,Yes,Fiber optic,No,No,No,Yes,No,Yes,Month-to-month,Yes,Credit card (automatic),89.4,3039.15,No
8478-TR02306,Female,0,Yes,Yes,39,Yes,No,DSL,Yes,No,No,Yes,Yes,Yes,One year,Yes,Credit card (automatic),72.22,2789.71,No
6295-TR00256,Female,0,No,No,4,Yes,No,No,No internet service,No internet service,No internet service,No internet service,No internet service,No internet service,One year,Yes,Mailed check,18.27,79.85,No
1425-TR01009,Male,0,Yes,No,61,Yes,No,DSL,No,No,Yes,No,No,No,One year,No,Credit card (automatic),53.19,3319.85,No
2177-TR00490,Female,1,Yes,No,0,Yes,No,Fiber optic,No,No,No,No,No,No,Month-to-month,Yes,Mailed check,64.84,0.0,Yes
6086-TR02597,Female,0,No,No,7,Yes,Yes,Fiber optic,No,No,No,No,Yes,Yes,Month-to-month,No,Electronic check,92.04,645.93,Yes
8400-TR01811,Female,0,No,No,10,Yes,Yes,Fiber optic,Yes,No,No,No,No,No,Month-to-month,Yes,Electronic check,77.76,803.16,Yes
7898-TR00449,Male,0,Yes,No,2,Yes,No,Fiber optic,No,Yes,Yes,No,No,Yes,Month-to-month,Yes,Electronic check,86.95,174.61,Yes
3638-TR02284,Male,0,No,No,6,Yes,No,No,No internet service,No internet service,No internet service,No internet service,No internet service,No internet service,Month-to-month,No,Mailed check,22.53,130.1,Yes
5427-TR02498,Female,0,No,No,5,Yes,No,Fiber optic,No,No,No,No,Yes,Yes,Month-to-month,Yes,Electronic check,93.48,474.35,Yes
1635-TR01669,Male,0,Yes,Yes,51,Yes,Yes,Fiber optic,No,Yes,No,No,Yes,Yes,Month-to-month,Yes,Electronic check,100.16,5099.28,Yes
9728-TR00672,Male,0,Yes,No,0,Yes,No,Fiber optic,No,No,No,No,No,No,Month-to-month,No,Electronic check,72.36,0.14,Yes
7022-TR02795,Female,1,Yes,Yes,57,Yes,No,DSL,Yes,Yes,Yes,Yes,No,Yes,One year,Yes,Credit card (automatic),73.61,4318.71,No
2422-TR00755,Female,0,No,No,0,Yes,No,Fiber optic,No,No,No,No,No,No,Month-to-month,Yes,Electronic check,69.73,0.0,Yes
1152-TR01937,Male,0,Yes,Yes,41,Yes,Yes,Fiber optic,Yes,No,No,No,Yes,Yes,One year,No,Electronic check,98.65,4053.68,No
7171-TR00734,Male,0,No,No,47,Yes,Yes,Fiber optic,No,No,No,No,Yes,Yes,One year,No,Mailed check,98.0,4615.76,No
4392-TR01975,Female,1,No,No,19,Yes,No,Fiber optic,No,No,No,Yes,Yes,Yes,Month-to-month,Yes,Electronic check,98.89,1830.09,Yes
8923-TR00864,Male,0,No,No,7,Yes,No,Fiber optic,No,No,No,No,No,No,Month-to-month,Yes,Electronic check,67.43,476.31,Yes
6047-YHPVI,Male,0,No,No,5,Yes,No,Fiber optic,No,No,No,No,No,No,Month-to-month,Yes,Electronic check,69.7,316.9,Yes
7061-TR00578,Female,0,Yes,No,3,No,No phone service,DSL,No,Yes,No,No,No,No,Month-to-month,Yes,Electronic check,31.19,101.08,No
6210-TR02751,Female,0,Yes,Yes,72,Yes,Yes,Fiber optic,Yes,Yes,Yes,No,Yes,Yes,One year,Yes,Credit card (automatic),112.07,8027.79,No
5113-TR02731,Female,0,No,No,6,Yes,No,Fiber optic,No,No,No,No,No,No,Month-to-month,Yes,Bank transfer (automatic),68.85,406.89,Yes
6566-TR02002,Female,0,Yes,Yes,8,Yes,No,No,No internet service,No internet service,No internet service,No internet service,No internet service,No internet service,Month-to-month,No,Mailed check,22.37,170.17,No
4858-TR02610,Male,0,Yes,Yes,29,Yes,Yes,Fiber optic,No,Yes,No,Yes,No,No,Month-to-month,Yes,Credit card (automatic),86.62,2464.41,No
2639-TR00333,Female,0,No,No,51,Yes,Yes,Fiber optic,No,No,No,No,No,Yes,Month-to-month,Yes,Electronic check,82.25,4394.61,No
4271-TR00054,Female,0,Yes,Yes,7,Yes,No,DSL,No,No,Yes,Yes,No,No,Month-to-month,No,Credit card (automatic),55.27,399.86,Yes
2739-CACDQ,Female,1,No,No,17,Yes,Yes,Fiber optic,No,No,Yes,No,No,No,Month-to-month,Yes,Credit card (automatic),82.65,1470.05,No
4026-TR01995,Male,0,No,No,37,Yes,Yes,Fiber optic,No,No,Yes,Yes,Yes,No,One year,No,Bank transfer (automatic),98.43,3630.35,No
3403-TR02145,Male,0,No,Yes,41,Yes,Yes,Fiber optic,No,Yes,No,No,No,No,Month-to-month,Yes,Mailed check,83.41,3326.74,No
7824-TR00362,Female,0,No,No,52,Yes,No,No,No internet service,No internet service,No internet service,No internet service,No internet service,No internet service,One year,No,Mailed check,26.18,1356.25,No
5131-TR02720,Male,0,Yes,Yes,63,Yes,No,DSL,Yes,Yes,Yes,Yes,Yes,Yes,Two year,No,Electronic check,87.69,5541.31,No
5020-TR00686,Male,0,Yes,No,38,Yes,Yes,Fiber optic,No,No,No,Yes,Yes,No,Month-to-month,Yes,Credit card (automatic),93.43,3561.29,No
2840-TR01659,Female,0,Yes,No,49,Yes,Yes,Fiber optic,No,Yes,Yes,No,Yes,Yes,Month-to-month,Yes,Electronic check,106.65,5227.26,Yes
2802-TR00614,Female,0,Yes,Yes,72,Yes,Yes,Fiber optic,Yes,Yes,Yes,No,Yes,Yes,Two year,No,Credit card (automatic),107.59,7431.43,No
9552-TR02508,Male,0,Yes,No,34,Yes,Yes,Fiber optic,No,No,No,Yes,Yes,No,Month-to-month,Yes,Credit card (automatic),90.25,3061.85,No
7919-TR02467,Male,0,No,No,5,Yes,No,No,No internet service,No internet service,No internet service,No internet service,No internet service,No internet service,Month-to-month,No,Mailed check,24.09,118.85,Yes
6064-TR00618,Male,0,No,Yes,47,Yes,Yes,DSL,Yes,No,Yes,No,Yes,Yes,One year,Yes,Credit card (automatic),76.56,3561.56,No
7297-TR01673,Male,0,No,Yes,14,Yes,No,DSL,No,No,No,No,No,No,One year,No,Mailed check,44.42,594.37,No
9501-TR00339,Female,0,Yes,Yes,72,Yes,No,Fiber optic,No,No,Yes,No,No,No,Two year,No,Electronic check,76.01,5773.69,No
1674-TR01483,Male,0,No,No,7,Yes,Yes,Fiber optic,No,Yes,No,No,Yes,Yes,Month-to-month,Yes,Credit card (automatic),101.71,768.5,No
9075-TR00152,Female,1,Yes,Yes,64,Yes,No,DSL,Yes,Yes,Yes,Yes,No,Yes,One year,Yes,Credit card (automatic),73.92,4764.55,No
2714-TR00324,Female,0,No,No,24,No,No phone service,DSL,No,No,No,No,Yes,Yes,Month-to-month,Yes,Electronic check,43.66,1070.03,No
2066-TR01113,Male,0,No,No,59,Yes,Yes,Fiber optic,No,Yes,No,No,Yes,No,Month-to-month,Yes,Bank transfer (automatic),87.26,5198.84,No
8379-TR00935,Female,0,No,Yes,14,Yes,No,DSL,Yes,Yes,No,No,No,No,Month-to-month,Yes,Electronic check,56.8,775.09,No
2398-TR02768,Female,0,Yes,No,9,Yes,No,Fiber optic,No,No,Yes,No,No,No,Month-to-month,Yes,Bank transfer (automatic),77.27,688.06,Yes
8781-TR01006,Male,0,No,No,0,Yes,No,No,No internet service,No internet service,No internet service,No internet service,No internet service,No internet service,One year,No,Mailed check,19.26,0.75,No
3886-TR02431,Male,0,Yes,No,61,Yes,No,DSL,No,No,Yes,No,No,No,One year,No,Credit card (automatic),53.97,3295.17,No
4866-TR02902,Female,1,Yes,No,11,Yes,Yes,Fiber optic,No,Yes,No,No,No,No,Month-to-month,Yes,Credit card (automatic),77.53,831.31,Yes
6095-TR02767,Male,0,Yes,Yes,11,Yes,No,DSL,Yes,No,No,No,No,No,Month-to-month,Yes,Mailed check,55.58,566.23,No
6872-TR00060,Male,0,No,No,3,Yes,No,No,No internet service,No internet service,No internet service,No internet service,No internet service,No internet service,Month-to-month,No,Mailed check,21.09,64.58,Yes
8539-TR00320,Male,0,Yes,Yes,1,Yes,Yes,Fiber optic,No,Yes,Yes,No,No,No,Month-to-month,Yes,Bank transfer (automatic),84.2,84.2,Yes
8227-TR00780,Male,0,No,No,69,No,No phone service,DSL,Yes,Yes,No,Yes,Yes,Yes,Two year,Yes,Bank transfer (automatic),58.86,3866.33,No
2899-TR02655,Female,1,Yes,Yes,31,No,No phone service,DSL,No,No,No,No,Yes,No,Month-to-month,Yes,Electronic check,31.21,925.01,No
9230-TR01720,Female,1,No,No,8,Yes,No,Fiber optic,No,Yes,No,No,Yes,Yes,Month-to-month,Yes,Electronic check,94.27,746.94,Yes
8627-ZYGSZ,Male,0,Yes,No,47,Yes,Yes,Fiber optic,No,Yes,No,No,No,No,One year,Yes,Electronic check,78.9,3650.35,No
9294-TR01023,Female,1,No,No,58,Yes,Yes,Fiber optic,Yes,Yes,Yes,No,Yes,Yes,One year,No,Electronic check,113.22,6444.6,No
8681-TR02366,Female,0,No,No,8,Yes,No,Fiber optic,No,No,No,No,No,Yes,Month-to-month,Yes,Bank transfer (automatic),82.11,645.15,Yes
4335-TR02052,Female,0,Yes,No,0,Yes,No,DSL,No,No,No,No,Yes,No,Month-to-month,No,Mailed check,56.14,0.43,Yes
7081-TR02386,Female,0,Yes,Yes,71,Yes,No,Fiber optic,No,No,Yes,No,No,No,Two year,No,Electronic check,71.09,5047.89,No
4625-TR01686,Female,0,No,Yes,20,Yes,No,DSL,No,No,No,No,Yes,Yes,Month-to-month,Yes,Mailed check,67.81,1345.27,Yes
4445-TR01421,Male,0,Yes,Yes,13,Yes,No,DSL,Yes,No,No,No,No,No,Month-to-month,Yes,Mailed check,45.3,601.82,No
4265-TR02110,Female,1,No,No,15,Yes,No,Fiber optic,Yes,Yes,No,Yes,Yes,Yes,Month-to-month,Yes,Mailed check,107.37,1580.55,No
3094-TR00939,Male,1,No,No,14,Yes,Yes,Fiber optic,No,Yes,Yes,No,Yes,Yes,Month-to-month,Yes,Electronic check,107.65,1532.7,Yes
5014-TR01447,Male,1,Yes,Yes,69,Yes,Yes,Fiber optic,No,Yes,Yes,Yes,Yes,Yes,One year,Yes,Electronic check,109.63,7599.18,No
9921-TR01449,Male,0,No,No,0,Yes,Yes,Fiber optic,No,No,No,No,No,No,Month-to-month,Yes,Electronic check,74.89,0.0,Yes
4993-TR00267,Female,0,Yes,Yes,10,Yes,No,No,No internet service,No internet service,No internet service,No internet service,No internet service,No internet service,Month-to-month,No,Mailed check,22.93,243.31,No
3706-TR00414,Male,0,No,No,46,No,No phone service,DSL,Yes,No,Yes,Yes,No,No,One year,No,Bank transfer (automatic),48.28,2149.37,No
6611-TR01955,Male,0,Yes,Yes,51,Yes,No,DSL,Yes,Yes,No,Yes,No,No,Month-to-month,No,Credit card (automatic),56.79,2836.72,No
9499-TR00131,Male,0,Yes,Yes,44,Yes,Yes,Fiber optic,Yes,No,No,No,Yes,Yes,One year,No,Electronic check,92.3,4119.8,No
1445-TR00354,Male,0,Yes,Yes,31,Yes,Yes,Fiber optic,No,Yes,No,Yes,No,No,Month-to-month,Yes,Credit card (automatic),84.12,2633.69,No
1885-TR01648,Female,0,No,No,0,No,No phone service,DSL,No,No,No,No,No,No,Month-to-month,No,Electronic check,30.12,0.0,No
4389-TR02307,Female,0,No,No,49,Yes,No,DSL,Yes,No,Yes,Yes,No,No,One year,No,Credit card (automatic),58.97,2924.89,No
2154-TR00929,Female,0,Yes,Yes,68,Yes,Yes,DSL,Yes,Yes,Yes,No,No,No,Month-to-month,Yes,Bank transfer (automatic),67.65,4403.23,No
4050-TR00823,Female,0,No,No,47,Yes,Yes,Fiber optic,No,Yes,Yes,No,Yes,Yes,Two year,Yes,Electronic check,108.76,5160.35,Yes
2329-TR00712,Male,0,No,No,6,No,No phone service,DSL,No,No,No,No,No,No,Month-to-month,No,Mailed check,23.46,145.27,No
4040-TR00327,Male,0,Yes,No,60,Yes,Yes,Fiber optic,No,Yes,Yes,No,Yes,Yes,Month-to-month,Yes,Electronic check,99.25,6010.48,Yes
2335-TR02683,Female,0,Yes,No,17,Yes,Yes,DSL,Yes,Yes,No,Yes,Yes,No,Month-to-month,Yes,Electronic check,71.68,1209.96,No
5889-TR00260,Female,0,No,No,3,Yes,No,DSL,No,Yes,No,No,No,No,Month-to-month,No,Bank transfer (automatic),48.22,139.32,No
2231-TR02550,Female,0,No,No,16,Yes,Yes,Fiber optic,Yes,No,No,No,No,No,Month-to-month,Yes,Electronic check,80.16,1257.49,Yes
4897-TR01315,Male,0,No,No,1,Yes,No,Fiber optic,No,No,No,No,No,Yes,Month-to-month,No,Electronic check,80.87,82.24,Yes
1037-TR00705,Female,1,Yes,Yes,27,No,No phone service,DSL,No,No,No,No,Yes,No,Month-to-month,Yes,Electronic check,37.02,997.68,No
7711-TR02721,Male,1,No,No,23,Yes,Yes,Fiber optic,No,No,No,No,No,No,Month-to-month,Yes,Electronic check,75.09,1696.69,Yes
1594-TR01045,Female,1,Yes,No,67,No,No phone service,DSL,No,Yes,Yes,No,Yes,No,One year,No,Bank transfer (automatic),43.79,3061.36,No
9523-TR02636,Female,0,No,No,12,Yes,No,Fiber optic,No,No,No,No,No,Yes,Month-to-month,Yes,Bank transfer (automatic),86.13,984.33,Yes
1891-TR02889,Male,0,Yes,No,45,Yes,Yes,Fiber optic,No,Yes,No,No,No,No,One year,Yes,Electronic check,75.99,3399.05,No
4067-TR02616,Male,1,No,No,5,Yes,No,Fiber optic,No,No,No,Yes,No,No,Month-to-month,No,Electronic check,73.53,364.21,No
9307-TR00147,Male,1,Yes,No,21,Yes,Yes,Fiber optic,No,No,No,No,No,Yes,Month-to-month,No,Electronic check,88.48,1885.04,No
4742-TR00215,Female,0,No,No,36,Yes,No,No,No internet service,No internet service,No internet service,No internet service,No internet service,No internet service,One year,No,Bank transfer (automatic),18.0,635.68,No
5895-TR00296,Male,0,No,No,0,No,No phone service,DSL,No,No,No,No,No,Yes,Month-to-month,Yes,Electronic check,34.68,0.0,Yes
2168-TR01915,Male,0,Yes,No,61,Yes,Yes,Fiber optic,No,Yes,No,Yes,Yes,Yes,Two year,Yes,Electronic check,108.17,6635.39,No
5738-TR00356,Female,0,No,No,53,Yes,No,DSL,Yes,No,Yes,Yes,No,No,One year,No,Credit card (automatic),58.48,3171.07,No
9300-TR02013,Male,0,No,No,0,Yes,No,No,No internet service,No internet service,No internet service,No internet service,No internet service,No internet service,Month-to-month,No,Mailed check,27.16,0.0,Yes
8198-TR01428,Female,0,No,No,7,Yes,No,DSL,Yes,Yes,No,No,No,No,Month-to-month,No,Mailed check,54.49,384.99,No
8997-TR01064,Female,0,No,No,42,Yes,No,Fiber optic,No,Yes,Yes,No,Yes,No,Month-to-month,Yes,Electronic check,94.87,3948.96,No
3900-TR01084,Female,0,Yes,Yes,5,Yes,No,No,No internet service,No internet service,No internet service,No internet service,No internet service,No internet service,Month-to-month,No,Electronic check,18.0,93.26,No
9561-TR02617,Female,1,No,No,16,Yes,Yes,Fiber optic,No,No,No,No,No,No,Month-to-month,Yes,Mailed check,77.32,1112.75,Yes
8044-TR00337,Male,0,No,No,53,Yes,Yes,DSL,No,Yes,Yes,Yes,No,Yes,Two year,Yes,Bank transfer (automatic),77.77,4067.49,No
9706-TR01168,Male,0,Yes,Yes,50,Yes,Yes,No,No internet service,No internet service,No internet service,No internet service,No internet service,No internet service,Two year,No,Mailed check,26.2,1250.87,No
7882-TR00189,Female,0,Yes,Yes,8,Yes,Yes,Fiber optic,Yes,No,No,No,Yes,Yes,Month-to-month,Yes,Electronic check,101.47,816.09,Yes
9059-TR00990,Female,0,Yes,No,54,No,No phone service,DSL,Yes,Yes,Yes,No,Yes,Yes,Month-to-month,Yes,Bank transfer (automatic),57.26,2887.04,No
3973-TR02584,Female,1,Yes,No,67,Yes,No,Fiber optic,Yes,Yes,Yes,No,No,Yes,Month-to-month,No,Electronic check,94.84,6331.75,No
6338-TR02296,Male,1,Yes,Yes,60,Yes,Yes,Fiber optic,Yes,No,Yes,Yes,Yes,Yes,Two year,Yes,Bank transfer (automatic),109.24,6329.73,No
8125-TR02687,Female,1,Yes,Yes,29,No,No phone service,DSL,No,No,No,No,Yes,No,Month-to-month,Yes,Electronic check,35.38,1048.59,No
8725-TR02064,Female,1,No,No,10,Yes,No,Fiber optic,No,No,No,No,Yes,Yes,Month-to-month,Yes,Electronic check,92.98,915.99,No
7637-TR01485,Female,1,Yes,No,11,Yes,Yes,Fiber optic,No,Yes,No,No,No,No,Month-to-month,Yes,Credit card (automatic),81.16,870.22,Yes
8219-TR00563,Male,0,No,Yes,58,Yes,No,DSL,Yes,Yes,No,No,No,No,One year,No,Bank transfer (automatic),54.19,3317.04,No
5520-TR01605,Female,0,Yes,Yes,9,Yes,No,DSL,No,No,No,Yes,Yes,Yes,Month-to-month,Yes,Electronic check,70.69,609.57,No
4369-TR00237,Male,0,No,No,10,Yes,No,No,No internet service,No internet service,No internet service,No internet service,No internet service,No internet service,Month-to-month,Yes,Mailed check,18.0,180.43,No
4205-TR01671,Male,0,No,Yes,32,Yes,No,DSL,No,Yes,Yes,No,Yes,No,One year,No,Credit card (automatic),65.78,2238.03,No
1891-QRQSA,Male,1,Yes,Yes,64,Yes,Yes,Fiber optic,Yes,No,Yes,Yes,Yes,Yes,Two year,Yes,Bank transfer (automatic),111.6,7099.0,No
4069-TR00565,Female,0,No,No,4,Yes,No,Fiber optic,No,No,No,No,Yes,No,Month-to-month,Yes,Electronic check,82.13,317.49,Yes
4307-TR00779,Male,0,No,No,3,Yes,No,No,No internet service,No internet service,No internet service,No internet service,No internet service,No internet service,One year,No,Mailed check,18.38,59.24,No
7936-TR00426,Female,0,Yes,Yes,67,Yes,No,No,No internet service,No internet service,No internet service,No internet service,No internet service,No internet service,Two year,No,Mailed check,18.0,1211.25,No
4077-TR01059,Male,0,No,No,0,Yes,No,No,No internet service,No internet service,No internet service,No internet service,No internet service,No internet service,Month-to-month,No,Mailed check,21.36,0.45,No
7521-TR01184,Female,0,No,No,72,Yes,Yes,Fiber optic,No,No,Yes,Yes,Yes,Yes,Two year,Yes,Credit card (automatic),109.25,7640.02,No
1707-TR02111,Female,0,Yes,No,49,Yes,Yes,Fiber optic,No,Yes,No,Yes,Yes,Yes,Month-to-month,Yes,Credit card (automatic),101.47,5070.16,No
2126-TR02607,Female,0,Yes,Yes,15,Yes,No,Fiber optic,No,No,No,No,No,Yes,Month-to-month,Yes,Bank transfer (automatic),83.88,1244.05,No
1941-TR01391,Male,0,Yes,No,1,Yes,Yes,Fiber optic,No,Yes,No,Yes,No,No,Month-to-month,Yes,Electronic check,83.82,83.82,Yes
6128-TR01983,Female,1,No,No,2,Yes,Yes,Fiber optic,No,No,No,No,No,No,Month-to-month,Yes,Electronic check,70.89,141.7,No
9004-TR01398,Male,0,No,No,0,Yes,No,DSL,No,No,No,Yes,No,No,Month-to-month,No,Mailed check,51.86,0.0,No
4957-TR02735,Male,1,Yes,No,19,Yes,No,DSL,Yes,Yes,No,No,No,Yes,Month-to-month,Yes,Bank transfer (automatic),65.26,1232.97,No
9227-TR01190,Male,0,No,No,7,Yes,Yes,Fiber optic,No,No,No,No,Yes,Yes,Month-to-month,No,Mailed check,95.2,621.79,Yes
4359-TR01136,Male,0,Yes,Yes,51,Yes,Yes,Fiber optic,No,Yes,No,No,Yes,Yes,Month-to-month,Yes,Electronic check,97.15,5007.06,Yes
5259-TR02494,Male,1,Yes,No,56,Yes,Yes,Fiber optic,No,Yes,No,No,No,Yes,Month-to-month,Yes,Electronic check,86.09,4897.62,No
3801-TR02815,Male,0,No,No,67,Yes,Yes,Fiber optic,Yes,Yes,No,No,No,No,One year,Yes,Credit card (automatic),85.75,5529.32,No
5153-TR01996,Female,0,Yes,No,4,No,No phone service,DSL,No,No,No,No,No,No,Month-to-month,Yes,Electronic check,24.94,100.56,Yes
4868-TR01363,Female,0,No,No,17,Yes,No,Fiber optic,No,Yes,Yes,No,No,No,Month-to-month,Yes,Electronic check,78.05,1346.18,Yes
5714-TR02764,Female,0,No,No,12,Yes,No,Fiber optic,No,Yes,Yes,No,No,No,Month-to-month,Yes,Electronic check,81.64,937.89,Yes
9410-TR01410,Male,0,No,Yes,50,Yes,Yes,DSL,Yes,No,Yes,No,Yes,Yes,One year,Yes,Credit card (automatic),81.05,3967.66,No
7907-TR00004,Male,0,No,No,12,Yes,No,No,No internet service,No internet service,No internet service,No internet service,No internet service,No internet service,Month-to-month,Yes,Mailed check,21.91,271.11,No
3415-TR01349,Male,0,No,No,27,Yes,No,DSL,No,No,No,No,Yes,Yes,One year,Yes,Bank transfer (automatic),70.62,1819.0,No
3235-TR01081,Female,0,Yes,Yes,48,Yes,Yes,No,No internet service,No internet service,No internet service,No internet service,No internet service,No internet service,One year,Yes,Credit card (automatic),23.66,1094.37,No
2557-TR00665,Female,0,No,No,21,Yes,Yes,Fiber optic,No,No,No,No,Yes,No,Month-to-month,Yes,Bank transfer (automatic),79.5,1644.25,No
3362-TR01068,Male,1,Yes,No,0,No,No phone service,DSL,No,Yes,No,No,Yes,No,Month-to-month,No,Electronic check,41.11,0.76,Yes
6330-TR02341,Male,0,Yes,No,54,Yes,Yes,Fiber optic,Yes,Yes,No,No,Yes,No,Month-to-month,Yes,Electronic check,96.51,5440.74,Yes
8000-TR02890,Female,0,No,Yes,6,Yes,No,DSL,Yes,No,No,Yes,No,Yes,Month-to-month,Yes,Bank transfer (automatic),65.54,393.13,No
2262-TR00056,Female,0,Yes,Yes,67,No,No phone service,DSL,No,Yes,Yes,Yes,Yes,Yes,Two year,Yes,Electronic check,60.93,3995.5,No
7102-TR02711,Male,0,No,No,0,Yes,No,DSL,No,No,No,Yes,No,No,Month-to-month,No,Mailed check,46.13,0.73,No
3853-TR00350,Male,0,No,Yes,10,Yes,No,Fiber optic,No,No,No,No,Yes,No,Month-to-month,Yes,Credit card (automatic),73.51,706.07,No
4518-TR02682,Male,0,No,No,36,Yes,Yes,Fiber optic,No,Yes,Yes,No,Yes,Yes,Month-to-month,Yes,Electronic check,105.01,3855.19,Yes
8665-TR01030,Female,1,Yes,No,15,Yes,No,Fiber optic,No,No,No,Yes,Yes,No,Month-to-month,Yes,Electronic check,83.47,1254.33,No
9429-TR00376,Female,0,Yes,Yes,72,Yes,Yes,Fiber optic,Yes,Yes,No,No,Yes,Yes,One year,Yes,Electronic check,100.1,7340.67,No
4363-TR01879,Male,0,Yes,No,27,No,No phone service,DSL,No,No,No,No,Yes,No,Month-to-month,No,Mailed check,31.85,878.9,No
3075-TR00888,Male,0,No,No,54,Yes,Yes,Fiber optic,Yes,Yes,Yes,Yes,Yes,Yes,One year,No,Credit card (automatic),117.01,6194.28,No
3440-TR01663,Male,0,Yes,Yes,39,Yes,Yes,Fiber optic,Yes,No,No,No,Yes,Yes,One year,No,Electronic check,99.79,4109.24,No
3253-TR01073,Female,0,No,No,0,Yes,No,Fiber optic,No,No,No,No,No,No,Month-to-month,Yes,Bank transfer (automatic),68.05,0.0,Yes
1982-TR02243,Male,0,No,No,13,Yes,Yes,Fiber optic,No,Yes,No,No,Yes,Yes,Month-to-month,Yes,Credit card (automatic),102.34,1495.13,No
2901-TR02053,Female,1,Yes,No,28,Yes,Yes,DSL,Yes,No,No,Yes,Yes,No,Month-to-month,Yes,Credit card (automatic),68.19,1996.14,No
8181-TR02554,Female,0,Yes,No,39,Yes,Yes,DSL,No,Yes,No,No,No,No,Month-to-month,No,Credit card (automatic),55.03,2108.65,No
1843-TR00493,Male,0,Yes,No,61,Yes,No,DSL,Yes,Yes,No,Yes,No,No,Two year,Yes,Electronic check,59.75,3678.24,No
7967-TR02581,Female,0,No,No,12,Yes,Yes,Fiber optic,No,No,Yes,No,Yes,Yes,Month-to-month,Yes,Bank transfer (automatic),97.73,1225.41,Yes
9191-MYQKX,Female,0,Yes,No,7,Yes,No,Fiber optic,No,No,Yes,No,No,No,Month-to-month,Yes,Bank transfer (automatic),75.15,496.9,Yes
5719-TR00495,Female,0,No,No,6,Yes,No,No,No internet service,No internet service,No internet service,No internet service,No internet service,No internet service,Month-to-month,No,Mailed check,18.66,113.8,No
7122-TR01486,Female,1,Yes,No,37,Yes,Yes,Fiber optic,No,No,No,No,No,No,Month-to-month,Yes,Electronic check,71.55,2721.85,Yes
1306-TR02132,Male,0,Yes,No,59,Yes,No,DSL,No,No,Yes,No,No,No,One year,No,Credit card (automatic),45.46,2693.01,No
1305-TR00421,Female,0,No,No,18,Yes,Yes,Fiber optic,No,No,No,No,Yes,No,Month-to-month,Yes,Bank transfer (automatic),82.51,1516.66,No
9491-TR02739,Female,0,Yes,No,58,No,No phone service,DSL,Yes,Yes,Yes,No,Yes,Yes,Month-to-month,Yes,Bank transfer (automatic),58.14,3323.54,No
1948-TR01502,Female,0,No,No,0,Yes,No,DSL,No,No,No,No,No,No,Month-to-month,No,Mailed check,45.15,0.78,No
9843-TR01454,Male,0,Yes,Yes,41,Yes,Yes,DSL,No,No,Yes,No,Yes,Yes,Month-to-month,Yes,Electronic check,76.46,3242.48,No
9578-TR01290,Male,1,Yes,No,20,Yes,Yes,Fiber optic,No,No,No,No,No,Yes,Month-to-month,No,Electronic check,83.66,1698.14,No
4933-TR01722,Female,0,No,No,9,Yes,Yes,Fiber optic,Yes,No,No,No,No,No,Month-to-month,Yes,Electronic check,76.02,659.61,Yes
7796-TR00941,Male,1,Yes,No,24,Yes,Yes,Fiber optic,No,Yes,No,Yes,Yes,Yes,Month-to-month,No,Electronic check,108.24,2733.45,No
4713-TR00325,Female,0,No,No,5,Yes,No,DSL,No,No,No,No,No,No,Month-to-month,No,Mailed check,41.28,211.21,No
4052-TR00113,Female,0,Yes,No,32,Yes,Yes,No,No internet service,No internet service,No internet service,No internet service,No internet service,No internet service,Month-to-month,No,Electronic check,23.29,770.96,No
9292-TR01041,Female,1,No,No,3,Yes,No,Fiber optic,No,No,No,No,Yes,Yes,Month-to-month,Yes,Electronic check,91.37,272.64,No
7071-TR01684,Female,0,Yes,No,5,Yes,No,DSL,No,No,No,No,Yes,No,Month-to-month,No,Mailed check,48.52,244.3,Yes
5660-TR00933,Female,0,No,No,39,Yes,Yes,Fiber optic,No,Yes,Yes,No,Yes,Yes,Two year,Yes,Electronic check,102.09,4135.38,Yes
4959-TR01976,Female,1,Yes,No,0,Yes,No,Fiber optic,No,No,No,No,No,No,Month-to-month,Yes,Mailed check,71.42,0.0,Yes
2802-TR01695,Male,0,No,No,1,Yes,No,No,No internet service,No internet service,No internet service,No internet service,No internet service,No internet service,Month-to-month,No,Mailed check,19.39,19.59,Yes
2159-TR00204,Female,0,Yes,No,34,Yes,Yes,No,No internet service,No internet service,No internet service,No internet service,No internet service,No internet service,Month-to-month,No,Electronic check,21.37,693.03,No
9991-TR00049,Female,0,Yes,Yes,65,Yes,Yes,Fiber optic,Yes,Yes,Yes,Yes,Yes,Yes,Two year,No,Credit card (automatic),115.45,7319.6,No
7696-TR02044,Male,0,No,No,23,Yes,No,DSL,No,Yes,No,No,No,No,Month-to-month,Yes,Mailed check,52.35,1184.99,No
9719-TR02131,Female,0,No,No,0,No,No phone service,DSL,No,No,No,No,No,No,Month-to-month,No,Electronic check,26.56,0.22,No
6908-TR00489,Female,0,No,No,31,Yes,No,Fiber optic,No,Yes,No,Yes,No,No,One year,Yes,Bank transfer (automatic),77.27,2257.29,No
1800-TR02256,Male,0,Yes,Yes,40,Yes,Yes,DSL,Yes,No,Yes,Yes,No,No,Two year,Yes,Credit card (automatic),61.08,2382.54,No
6380-TR00010,Female,0,Yes,Yes,16,Yes,No,DSL,No,No,Yes,Yes,No,No,One year,Yes,Credit card (automatic),54.04,872.45,No
9271-TR02328,Male,0,No,No,1,Yes,No,DSL,No,No,No,Yes,No,No,Month-to-month,No,Mailed check,45.99,45.99,No
8387-TR01614,Male,0,No,Yes,46,Yes,Yes,DSL,Yes,No,Yes,No,Yes,Yes,One year,Yes,Credit card (automatic),78.73,3549.03,No
4194-TR00371,Male,0,No,No,53,Yes,No,Fiber optic,Yes,Yes,No,Yes,No,Yes,Month-to-month,Yes,Credit card (automatic),92.97,4659.46,No
7124-TR01657,Female,0,No,No,0,Yes,No,No,No internet service,No internet service,No internet service,No internet service,No internet service,No internet service,Month-to-month,Yes,Bank transfer (automatic),20.81,0.0,No
3618-TR01382,Female,0,Yes,Yes,8,Yes,No,No,No internet service,No internet service,No internet service,No internet service,No internet service,No internet service,Month-to-month,No,Mailed check,20.84,168.02,No
8597-TR01979,Female,0,No,No,3,Yes,No,DSL,No,Yes,No,No,No,No,Month-to-month,No,Bank transfer (automatic),49.16,146.84,No
4701-TR02756,Male,0,No,No,29,Yes,Yes,Fiber optic,No,No,No,Yes,No,Yes,Month-to-month,Yes,Credit card (automatic),91.08,2633.51,No
2604-IJPDU,Female,0,Yes,No,20,Yes,No,Fiber optic,Yes,Yes,No,Yes,Yes,No,Month-to-month,Yes,Electronic check,96.55,1901.65,No
3771-TR02073,Female,0,Yes,No,53,No,No phone service,DSL,Yes,Yes,Yes,No,Yes,Yes,Month-to-month,Yes,Bank transfer (automatic),61.54,3216.36,No
8850-TR00648,Male,1,Yes,Yes,63,Yes,Yes,Fiber optic,No,Yes,Yes,Yes,Yes,Yes,One year,Yes,Electronic check,109.8,6726.18,No
6556-TR00668,Female,0,No,No,24,Yes,No,Fiber optic,Yes,No,No,Yes,No,Yes,Month-to-month,Yes,Electronic check,93.23,2271.14,No
1562-TR00548,Male,0,Yes,No,62,Yes,Yes,Fiber optic,No,Yes,No,Yes,Yes,Yes,Two year,Yes,Electronic check,107.47,6949.12,No
5143-TR02654,Male,0,No,No,3,Yes,No,No,No internet service,No internet service,No internet service,No internet service,No internet service,No internet service,One year,No,Mailed check,21.19,56.6,No
6382-TR02322,Female,0,No,No,16,Yes,Yes,Fiber optic,No,No,No,No,No,Yes,Month-to-month,Yes,Electronic check,84.54,1375.26,No
5113-TR02213,Female,0,Yes,No,6,Yes,No,DSL,No,No,No,No,No,No,Month-to-month,Yes,Credit card (automatic),45.43,283.93,Yes
8711-TR01169,Female,1,Yes,Yes,62,Yes,No,DSL,Yes,Yes,Yes,Yes,No,Yes,One year,Yes,Credit card (automatic),72.77,4395.18,No
2424-WVHPL,Male,1,No,No,1,Yes,No,Fiber optic,No,No,No,Yes,No,No,Month-to-month,No,Electronic check,74.7,74.7,No
6694-TR01757,Male,0,Yes,Yes,67,Yes,Yes,DSL,No,Yes,Yes,Yes,No,Yes,One year,Yes,Bank transfer (automatic),77.18,5133.48,Yes
9966-TR00999,Female,0,No,No,9,Yes,No,No,No internet service,No internet service,No internet service,No internet service,No internet service,No internet service,One year,No,Electronic check,20.11,189.23,No
9739-TR00311,Female,0,No,No,19,Yes,No,Fiber optic,Yes,No,No,No,No,No,Month-to-month,Yes,Bank transfer (automatic),77.03,1420.02,No
9811-TR01888,Male,0,No,No,69,Yes,Yes,Fiber optic,No,Yes,Yes,No,Yes,Yes,Two year,Yes,Bank transfer (automatic),105.1,7269.05,No
9050-TR00623,Male,1,Yes,No,56,Yes,Yes,Fiber optic,No,Yes,No,No,No,Yes,Month-to-month,Yes,Electronic check,88.91,4690.73,No
8642-TR01139,Female,0,Yes,Yes,20,Yes,No,No,No internet service,No internet service,No internet service,No internet service,No internet service,No internet service,One year,No,Mailed check,23.18,456.71,No
1082-TR02293,Female,1,No,No,0,Yes,Yes,Fiber optic,No,No,No,No,No,No,Month-to-month,Yes,Electronic check,72.6,0.0,No
7232-TR00806,Male,0,Yes,Yes,26,Yes,No,Fiber optic,No,Yes,Yes,Yes,No,No,One year,No,Mailed check,86.64,2265.21,No
6233-TR00795,Female,0,No,No,0,Yes,No,Fiber optic,No,No,No,No,No,No,Month-to-month,Yes,Electronic check,73.08,1.82,No
9153-TR01953,Female,1,Yes,No,1,Yes,No,Fiber optic,No,No,No,No,No,No,Month-to-month,Yes,Electronic check,66.19,67.8,No
5183-TR02113,Female,1,Yes,No,26,No,No phone service,DSL,Yes,No,Yes,No,No,Yes,Month-to-month,Yes,Electronic check,45.23,1161.1,No
8220-TR00528,Female,1,Yes,Yes,57,Yes,No,DSL,Yes,Yes,Yes,Yes,No,Yes,One year,Yes,Credit card (automatic),75.4,4477.59,No
6244-TR02342,Male,0,Yes,Yes,23,Yes,No,Fiber optic,No,Yes,Yes,Yes,No,No,One year,No,Mailed check,86.27,2004.29,No
6511-TR00707,Male,0,Yes,Yes,36,Yes,Yes,DSL,No,No,Yes,No,Yes,Yes,Month-to-month,Yes,Electronic check,73.77,2527.81,No
3238-TR01433,Female,1,Yes,No,72,Yes,Yes,Fiber optic,Yes,Yes,Yes,Yes,No,No,Two year,Yes,Credit card (automatic),97.31,7055.22,No
9848-JQJTX,Male,0,No,No,72,Yes,Yes,Fiber optic,No,Yes,Yes,No,Yes,Yes,Two year,Yes,Bank transfer (automatic),100.9,7459.05,No
3888-TR02849,Female,0,Yes,No,0,Yes,No,DSL,No,No,No,No,Yes,No,Month-to-month,No,Mailed check,53.83,0.0,Yes
2207-TR00832,Female,0,Yes,Yes,10,No,No phone service,DSL,Yes,No,No,No,Yes,Yes,Month-to-month,No,Electronic check,47.91,488.75,No
6936-TR01102,Female,0,No,No,24,Yes,No,Fiber optic,Yes,No,No,Yes,No,Yes,Month-to-month,Yes,Electronic check,88.75,2153.43,No
5862-TR02120,Male,0,No,No,72,Yes,No,No,No internet service,No internet service,No internet service,No internet service,No internet service,No internet service,Two year,Yes,Credit card (automatic),23.95,1712.93,No
5258-TR01557,Female,0,Yes,Yes,29,Yes,No,No,No internet service,No internet service,No internet service,No internet service,No internet service,No internet service,One year,No,Electronic check,22.08,637.12,No
8899-TR01148,Female,0,Yes,Yes,70,Yes,Yes,Fiber optic,Yes,Yes,Yes,No,Yes,Yes,Two year,No,Credit card (automatic),106.41,7011.61,No
1099-TR01710,Female,0,Yes,No,57,No,No phone service,DSL,Yes,Yes,Yes,No,Yes,Yes,Month-to-month,Yes,Bank transfer (automatic),61.88,3681.93,No
3983-TR02899,Female,0,No,No,17,Yes,No,Fiber optic,No,Yes,Yes,No,No,No,Month-to-month,Yes,Electronic check,77.36,1336.16,Yes
3654-TR01575,Male,0,Yes,Yes,1,Yes,Yes,Fiber optic,No,Yes,Yes,No,No,No,Month-to-month,Yes,Bank transfer (automatic),83.4,89.5,Yes
6792-TR01417,Female,0,No,No,3,Yes,No,Fiber optic,No,No,No,No,No,No,Month-to-month,Yes,Electronic check,74.95,209.39,Yes
3559-TR02661,Female,0,Yes,Yes,4,Yes,No,DSL,Yes,No,No,No,No,No,Month-to-month,No,Mailed check,51.46,197.82,No
8129-TR01866,Male,0,No,No,11,Yes,Yes,Fiber optic,No,Yes,No,No,Yes,Yes,Month-to-month,Yes,Credit card (automatic),100.05,1149.68,No
6610-TR02401,Female,1,Yes,Yes,31,No,No phone service,DSL,No,No,No,No,Yes,No,Month-to-month,Yes,Electronic check,38.66,1181.84,No
3741-TR00716,Male,0,Yes,No,65,Yes,Yes,Fiber optic,No,Yes,No,Yes,Yes,Yes,Two year,Yes,Electronic check,106.67,6778.33,No
4625-TR00067,Female,0,No,No,18,Yes,No,Fiber optic,No,Yes,No,Yes,No,No,Month-to-month,Yes,Credit card (automatic),81.38,1595.82,No
7084-TR02736,Female,0,No,No,40,Yes,Yes,Fiber optic,Yes,Yes,Yes,Yes,Yes,Yes,Two year,No,Credit card (automatic),115.06,4427.9,No
2089-TR01764,Female,0,No,No,45,Yes,Yes,Fiber optic,Yes,Yes,Yes,Yes,Yes,Yes,Two year,No,Credit card (automatic),120.0,4958.87,No
3239-TR01694,Female,1,No,No,5,Yes,No,Fiber optic,Yes,No,No,No,No,No,Month-to-month,No,Bank transfer (automatic),75.65,382.35,Yes
2683-TR01980,Male,0,No,No,0,Yes,No,DSL,No,No,No,No,No,No,Month-to-month,Yes,Credit card (automatic),44.9,0.32,Yes
4891-TR01149,Male,0,No,No,7,Yes,No,No,No internet service,No internet service,No internet service,No internet service,No internet service,No internet service,One year,No,Mailed check,18.0,118.28,No
6547-TR01581,Female,0,Yes,No,49,Yes,No,Fiber optic,No,No,Yes,No,Yes,Yes,One year,Yes,Bank transfer (automatic),99.85,5040.68,Yes
9873-TR00051,Male,0,Yes,No,51,Yes,Yes,Fiber optic,No,Yes,No,No,No,No,One year,Yes,Electronic check,79.31,4134.09,No
3639-TR00693,Female,1,Yes,No,25,Yes,Yes,DSL,Yes,No,No,Yes,Yes,No,Month-to-month,Yes,Credit card (automatic),68.25,1752.66,No
3863-TR01162,Male,0,No,No,3,No,No phone service,DSL,No,No,No,No,No,Yes,Month-to-month,Yes,Electronic check,32.07,91.55,Yes
5470-TR02210,Male,0,Yes,No,71,No,No phone service,DSL,Yes,Yes,Yes,No,No,No,Two year,No,Bank transfer (automatic),40.49,3106.58,No
7043-TR01981,Male,0,No,Yes,72,Yes,Yes,Fiber optic,Yes,No,Yes,No,Yes,Yes,Two year,No,Bank transfer (automatic),104.87,7486.95,No
2135-TR01016,Male,0,Yes,No,70,Yes,Yes,DSL,Yes,Yes,Yes,Yes,Yes,Yes,Two year,Yes,Credit card (automatic),84.85,5932.84,No
1347-KTTTA,Male,0,Yes,No,64,Yes,No,Fiber optic,No,Yes,Yes,Yes,Yes,Yes,One year,Yes,Credit card (automatic),102.45,6654.1,No
4938-TR01366,Female,0,Yes,Yes,12,Yes,Yes,Fiber optic,Yes,No,No,No,Yes,Yes,Month-to-month,Yes,Electronic check,101.93,1203.08,Yes
1375-TR00849,Female,0,No,No,31,Yes,No,Fiber optic,No,Yes,No,Yes,No,No,One year,Yes,Bank transfer (automatic),83.04,2570.28,No
8477-TR02344,Female,1,No,No,3,Yes,No,Fiber optic,No,No,No,No,Yes,Yes,Month-to-month,Yes,Electronic check,88.25,258.13,No
9358-TR00923,Male,0,No,No,5,Yes,No,DSL,Yes,Yes,No,No,No,No,Month-to-month,Yes,Mailed check,54.61,262.59,Yes
7860-TR00905,Female,0,Yes,Yes,46,Yes,No,No,No internet service,No internet service,No internet service,No internet service,No internet service,No internet service,Two year,No,Bank transfer (automatic),18.54,867.39,No
1215-FIGMP,Male,0,No,No,60,Yes,Yes,Fiber optic,No,Yes,No,No,Yes,No,Month-to-month,Yes,Bank transfer (automatic),89.9,5450.7,No
4132-TR01913,Female,0,Yes,Yes,4,Yes,No,DSL,Yes,No,No,No,No,No,Month-to-month,No,Mailed check,51.75,209.49,No
7596-TR00375,Male,0,No,No,68,Yes,Yes,Fiber optic,Yes,Yes,No,No,No,No,One year,Yes,Credit card (automatic),83.86,5882.41,No
7863-TR00721,Female,0,No,No,35,Yes,No,Fiber optic,No,Yes,No,No,Yes,Yes,Month-to-month,Yes,Credit card (automatic),98.25,3613.39,No
9408-SSNVZ,Female,0,No,No,4,Yes,No,Fiber optic,No,No,No,No,No,No,Month-to-month,Yes,Electronic check,70.15,268.35,Yes
4501-TR02242,Female,0,Yes,Yes,7,No,No phone service,DSL,Yes,No,No,No,Yes,Yes,Month-to-month,No,Electronic check,52.09,370.09,No
4827-TR01029,Male,1,Yes,No,3,No,No phone service,DSL,No,Yes,No,No,Yes,No,Month-to-month,No,Electronic check,40.74,122.02,Yes
5994-TR00598,Male,0,Yes,Yes,63,Yes,No,DSL,Yes,Yes,Yes,Yes,Yes,Yes,Two year,No,Electronic check,88.66,5515.07,No
1019-TR02858,Male,0,Yes,Yes,45,Yes,Yes,Fiber optic,No,Yes,No,No,Yes,Yes,Month-to-month,Yes,Electronic check,101.25,4507.45,Yes
3714-TR00014,Female,0,No,No,11,Yes,No,DSL,No,Yes,No,No,No,No,Month-to-month,No,Electronic check,56.95,628.25,No
8363-TR00090,Male,0,Yes,Yes,71,Yes,Yes,Fiber optic,Yes,No,Yes,No,Yes,Yes,Two year,No,Electronic check,103.95,7522.84,No
0956-SYCWG,Female,0,No,No,13,Yes,No,No,No internet service,No internet service,No internet service,No internet service,No internet service,No internet service,One year,No,Electronic check,19.65,244.8,No
4853-TR02593,Male,0,No,No,66,Yes,Yes,Fiber optic,Yes,Yes,No,No,No,No,One year,Yes,Credit card (automatic),83.85,5469.65,No
3388-TR01805,Male,0,Yes,Yes,72,Yes,No,No,No internet service,No internet service,No internet service,No internet service,No internet service,No internet service,Two year,No,Credit card (automatic),18.0,1357.25,No
4147-TR00133,Female,0,No,Yes,5,Yes,No,Fiber optic,Yes,No,No,No,No,No,Month-to-month,Yes,Mailed check,68.67,346.44,Yes
1412-TR00201,Female,1,Yes,No,33,No,No phone service,DSL,Yes,No,Yes,No,No,Yes,Month-to-month,Yes,Electronic check,45.4,1496.91,No
8261-TR00914,Male,0,No,No,6,Yes,Yes,No,No internet service,No internet service,No internet service,No internet service,No internet service,No internet service,Two year,No,Bank transfer (automatic),26.46,157.92,No
3653-TR01317,Female,1,No,No,3,Yes,No,Fiber optic,No,No,No,No,Yes,Yes,Month-to-month,Yes,Electronic check,91.14,281.63,No
8087-TR02869,Female,0,Yes,Yes,58,Yes,Yes,DSL,Yes,Yes,Yes,Yes,Yes,Yes,Two year,No,Mailed check,86.14,4730.04,No
6717-TR00915,Female,0,Yes,No,37,Yes,Yes,No,No internet service,No internet service,No internet service,No internet service,No internet service,No internet service,Month-to-month,No,Electronic check,24.17,902.22,No
8286-TR02303,Male,0,No,No,68,No,No phone service,DSL,Yes,Yes,No,Yes,Yes,Yes,Two year,Yes,Bank transfer (automatic),57.1,3842.6,No
9114-TR02057,Female,0,Yes,Yes,10,Yes,No,No,No internet service,No internet service,No internet service,No internet service,No internet service,No internet service,One year,No,Mailed check,28.39,286.99,No
1243-TR00946,Female,0,No,No,27,No,No phone service,DSL,No,No,No,No,Yes,Yes,Month-to-month,Yes,Electronic check,42.55,1198.78,No
4264-TR02312,Female,0,No,No,7,No,No phone service,DSL,No,No,No,Yes,No,No,Two year,Yes,Mailed check,31.12,211.25,No
6038-TR01204,Female,0,No,No,39,Yes,Yes,Fiber optic,No,Yes,Yes,No,Yes,Yes,Two year,Yes,Electronic check,104.72,3973.81,Yes
8992-VONJD,Female,0,No,Yes,13,Yes,No,DSL,Yes,Yes,No,No,No,No,Month-to-month,Yes,Electronic check,56.0,764.55,No
9637-TR00196,Female,0,Yes,No,61,No,No phone service,DSL,Yes,Yes,Yes,No,Yes,Yes,Month-to-month,Yes,Bank transfer (automatic),57.62,3443.94,No
9707-TR01099,Male,0,Yes,Yes,67,Yes,Yes,Fiber optic,Yes,No,Yes,No,Yes,Yes,Two year,No,Electronic check,103.78,6684.32,No
3859-TR00936,Female,1,No,No,7,Yes,No,Fiber optic,Yes,No,No,No,No,No,Month-to-month,No,Bank transfer (automatic),77.8,581.36,Yes
7206-TR00397,Male,0,Yes,No,43,Yes,Yes,Fiber optic,No,Yes,No,No,No,No,One year,Yes,Electronic check,77.54,3476.8,No
1088-TR01658,Male,0,No,No,53,Yes,No,No,No internet service,No internet service,No internet service,No internet service,No internet service,No internet service,Two year,No,Bank transfer (automatic),23.97,1284.28,No
1165-TR01636,Male,0,No,No,28,Yes,No,Fiber optic,Yes,No,Yes,Yes,Yes,Yes,Month-to-month,Yes,Electronic check,107.06,2892.69,No
6963-TR01027,Female,1,No,No,19,Yes,No,Fiber optic,Yes,Yes,No,Yes,Yes,Yes,Month-to-month,Yes,Mailed check,103.3,1993.39,No
8812-TR01538,Male,0,No,No,0,Yes,No,DSL,Yes,No,No,No,No,No,Month-to-month,Yes,Mailed check,50.86,0.24,Yes
5003-TR02065,Female,0,No,No,11,No,No phone service,DSL,No,No,No,Yes,No,No,Two year,Yes,Mailed check,30.63,330.16,No
9714-TR01930,Female,1,No,No,10,Yes,No,Fiber optic,No,Yes,No,No,Yes,Yes,Month-to-month,Yes,Electronic check,95.63,960.37,Yes
4765-TR00765,Female,0,Yes,Yes,57,Yes,Yes,Fiber optic,Yes,Yes,Yes,Yes,Yes,Yes,Two year,No,Credit card (automatic),118.31,6583.1,No
4716-HHKQH,Male,1,Yes,No,20,Yes,Yes,Fiber optic,No,Yes,No,Yes,Yes,Yes,Month-to-month,No,Electronic check,107.05,2172.05,No
1012-TR00731,Male,1,Yes,No,55,Yes,Yes,Fiber optic,No,Yes,No,No,No,Yes,Month-to-month,Yes,Electronic check,88.91,5258.23,No
7779-TR01539,Female,0,No,No,7,No,No phone service,DSL,Yes,No,No,No,No,No,Month-to-month,No,Mailed check,27.33,181.4,No
5067-XJQFU,Male,1,Yes,Yes,66,Yes,Yes,Fiber optic,No,Yes,Yes,Yes,Yes,Yes,One year,Yes,Electronic check,108.45,7076.35,No
3946-TR01834,Female,0,No,No,10,Yes,No,No,No internet service,No internet service,No internet service,No internet service,No internet service,No internet service,Month-to-month,No,Mailed check,23.42,233.36,No
7134-TR02201,Male,0,No,No,0,Yes,No,Fiber optic,No,No,No,No,No,No,Month-to-month,No,Mailed check,74.17,0.0,Yes
5671-TR00675,Male,0,Yes,Yes,50,Yes,Yes,Fiber optic,No,Yes,No,No,Yes,Yes,Month-to-month,Yes,Electronic check,100.3,5094.53,Yes
4257-TR02184,Female,0,Yes,No,45,Yes,Yes,Fiber optic,No,No,Yes,No,Yes,Yes,Month-to-month,Yes,Electronic check,96.27,4188.34,No
1664-TR01067,Male,0,Yes,No,65,Yes,No,No,No internet service,No internet service,No internet service,No internet service,No internet service,No internet service,Two year,No,Mailed check,20.5,1320.51,No
2313-TR02439,Male,0,No,No,72,Yes,Yes,Fiber optic,No,Yes,Yes,Yes,Yes,Yes,Two year,No,Bank transfer (automatic),108.9,7794.02,No
2169-TR01554,Female,0,Yes,No,31,Yes,Yes,No,No internet service,No internet service,No internet service,No internet service,No internet service,No internet service,Month-to-month,No,Electronic check,26.59,879.17,No
6432-TWQLB,Male,0,Yes,No,5,Yes,Yes,Fiber optic,No,Yes,No,Yes,No,No,Month-to-month,Yes,Electronic check,85.4,401.1,Yes
3545-TR00011,Female,0,No,No,27,No,No phone service,DSL,No,No,No,No,Yes,Yes,Month-to-month,Yes,Electronic check,48.74,1303.57,No
1958-TR02577,Female,0,Yes,Yes,7,No,No phone service,DSL,Yes,No,No,No,Yes,Yes,Month-to-month,No,Electronic check,49.08,324.29,No
3672-TR02430,Female,0,No,No,32,No,No phone service,DSL,Yes,Yes,No,Yes,No,Yes,Two year,Yes,Bank transfer (automatic),48.71,1545.88,No
4641-TR01274,Female,0,No,No,43,Yes,No,Fiber optic,No,Yes,No,Yes,Yes,Yes,Two year,Yes,Bank transfer (automatic),96.3,4091.57,No
6606-TR01446,Male,0,Yes,No,68,Yes,Yes,DSL,Yes,Yes,Yes,Yes,Yes,Yes,Two year,Yes,Bank transfer (automatic),89.03,5969.56,No
1344-TR02107,Male,1,Yes,No,18,Yes,No,DSL,Yes,Yes,No,No,No,Yes,Month-to-month,Yes,Bank transfer (automatic),65.56,1198.4,No
1280-TR01283,Female,0,Yes,Yes,30,Yes,No,DSL,Yes,No,Yes,Yes,Yes,Yes,One year,Yes,Mailed check,79.58,2370.07,No
6697-TR00282,Female,0,No,No,23,Yes,No,Fiber optic,Yes,No,No,No,No,No,Month-to-month,Yes,Bank transfer (automatic),75.62,1796.94,No
9849-TR01803,Female,0,Yes,Yes,67,Yes,Yes,Fiber optic,Yes,Yes,No,Yes,Yes,No,Two year,Yes,Credit card (automatic),97.12,6488.44,No
5273-TR02451,Female,0,Yes,Yes,5,Yes,No,DSL,No,No,No,Yes,Yes,Yes,Month-to-month,Yes,Electronic check,67.22,321.19,No
1802-TR02667,Female,0,No,No,67,Yes,Yes,DSL,Yes,No,No,No,No,No,Month-to-month,No,Mailed check,51.33,3479.46,No
7838-TR02350,Female,0,Yes,No,67,Yes,Yes,DSL,Yes,Yes,Yes,Yes,Yes,Yes,Two year,No,Credit card (automatic),88.27,5898.45,No
1033-TR02310,Female,1,No,No,16,Yes,No,Fiber optic,Yes,Yes,No,Yes,Yes,Yes,Month-to-month,Yes,Mailed check,103.37,1677.66,No
1575-TR01069,Female,0,No,No,3,Yes,No,Fiber optic,No,No,No,No,No,No,Month-to-month,Yes,Electronic check,69.8,211.81,Yes
2120-TR00550,Male,0,No,No,41,Yes,No,Fiber optic,No,No,No,No,No,No,Month-to-month,No,Credit card (automatic),67.72,2680.56,No
4631-TR01490,Male,1,Yes,No,29,No,No phone service,DSL,Yes,No,No,No,No,No,Month-to-month,No,Credit card (automatic),34.37,1014.34,Yes
7277-OZCGZ,Female,0,No,No,22,Yes,No,Fiber optic,Yes,No,No,Yes,No,Yes,Month-to-month,Yes,Electronic check,89.05,1886.25,No
4329-TR00336,Female,0,No,No,68,Yes,Yes,DSL,Yes,No,No,No,No,No,Month-to-month,No,Mailed check,48.63,3120.34,No
8337-TR00740,Male,1,Yes,No,55,No,No phone service,DSL,No,Yes,Yes,No,No,Yes,Month-to-month,Yes,Electronic check,44.64,2479.71,Yes
4195-NZGTA,Female,0,No,No,1,No,No phone service,DSL,No,No,No,No,No,No,Month-to-month,No,Electronic check,25.25,25.25,No
3354-TR02071,Male,0,No,No,0,Yes,Yes,DSL,No,Yes,No,No,No,No,Month-to-month,Yes,Mailed check,57.76,0.0,Yes
3491-TR00007,Male,0,No,No,50,Yes,Yes,No,No internet service,No internet service,No internet service,No internet service,No internet service,No internet service,Two year,No,Bank transfer (automatic),24.69,1217.77,No
1803-TR01396,Female,0,No,No,6,No,No phone service,DSL,Yes,No,No,No,No,No,Month-to-month,No,Mailed check,29.44,177.87,No
3788-TR02047,Male,0,Yes,No,3,Yes,Yes,Fiber optic,No,Yes,No,Yes,No,No,Month-to-month,Yes,Electronic check,80.81,235.8,Yes
2085-TR01633,Male,0,No,No,72,No,No phone service,DSL,Yes,Yes,No,Yes,Yes,Yes,Two year,Yes,Bank transfer (automatic),67.8,4863.51,No
1352-TR02887,Male,0,No,No,71,Yes,Yes,Fiber optic,No,Yes,Yes,No,Yes,Yes,Two year,Yes,Bank transfer (automatic),101.9,7397.39,No
8191-XWSZG,Female,0,No,No,52,Yes,No,No,No internet service,No internet service,No internet service,No internet service,No internet service,No internet service,One year,No,Mailed check,20.65,1022.95,No
2414-TR02080,Female,0,Yes,Yes,32,Yes,No,No,No internet service,No internet service,No internet service,No internet service,No internet service,No internet service,Two year,Yes,Mailed check,21.72,691.39,No
2559-TR00597,Female,0,Yes,Yes,58,Yes,Yes,Fiber optic,Yes,Yes,Yes,Yes,Yes,Yes,Two year,No,Credit card (automatic),117.75,6561.48,No
9987-TR01424,Female,0,Yes,No,55,Yes,Yes,Fiber optic,No,Yes,Yes,No,Yes,Yes,Month-to-month,Yes,Electronic check,106.03,5580.0,Yes
5322-TR01738,Male,0,No,No,36,Yes,Yes,Fiber optic,No,No,Yes,Yes,Yes,No,One year,No,Bank transfer (automatic),94.65,3369.65,No
8044-TR01851,Female,0,Yes,No,52,Yes,Yes,Fiber optic,No,Yes,Yes,No,Yes,Yes,Month-to-month,Yes,Electronic check,108.56,5402.77,Yes
1312-TR01114,Female,1,No,No,14,Yes,No,DSL,No,Yes,Yes,No,No,No,Month-to-month,Yes,Electronic check,54.41,754.78,No
2321-OMBXY,Female,0,Yes,Yes,38,Yes,No,DSL,Yes,Yes,No,Yes,Yes,Yes,One year,No,Credit card (automatic),80.3,3058.65,Yes
6877-TR00210,Female,0,Yes,Yes,64,Yes,Yes,Fiber optic,Yes,Yes,No,Yes,Yes,No,Two year,Yes,Credit card (automatic),103.84,6492.79,No
2527-TR02250,Male,1,No,No,17,Yes,Yes,Fiber optic,No,Yes,Yes,No,Yes,Yes,Month-to-month,Yes,Electronic check,108.74,1819.46,Yes
8719-TR01593,Male,0,No,No,48,No,No phone service,DSL,Yes,No,Yes,Yes,No,No,One year,No,Bank transfer (automatic),47.53,2166.1,No
8046-TR01644,Female,0,No,No,29,No,No phone service,DSL,Yes,Yes,No,Yes,No,Yes,Two year,Yes,Bank transfer (automatic),45.8,1413.87,No
8469-TR01126,Female,1,No,No,5,Yes,No,Fiber optic,No,No,No,No,Yes,Yes,Month-to-month,Yes,Electronic check,86.88,449.27,No
5559-TR00711,Female,0,No,No,1,Yes,No,Fiber optic,No,No,No,No,No,No,Month-to-month,Yes,Bank transfer (automatic),72.08,72.08,Yes
1212-TR00543,Male,1,Yes,Yes,36,Yes,Yes,Fiber optic,No,Yes,No,No,Yes,Yes,Month-to-month,No,Electronic check,102.04,3794.83,No
6456-TR01484,Male,0,No,No,9,Yes,Yes,Fiber optic,No,No,No,No,Yes,Yes,Month-to-month,No,Mailed check,93.65,813.69,Yes
8326-TR00081,Female,0,No,No,7,Yes,No,Fiber optic,No,No,No,No,No,No,Month-to-month,Yes,Electronic check,65.75,471.38,Yes
1578-TR01151,Female,0,No,No,72,Yes,No,No,No internet service,No internet service,No internet service,No internet service,No internet service,No internet service,Two year,No,Credit card (automatic),21.26,1539.52,No
7452-TR01965,Female,0,Yes,Yes,37,Yes,Yes,No,No internet service,No internet service,No internet service,No internet service,No internet service,No internet service,Two year,No,Credit card (automatic),27.78,1014.48,No
5089-TR02077,Female,0,No,No,2,Yes,No,Fiber optic,No,No,No,No,No,No,Month-to-month,Yes,Electronic check,70.12,134.6,Yes
5492-TR00646,Female,0,Yes,No,30,Yes,Yes,No,No internet service,No internet service,No internet service,No internet service,No internet service,No internet service,Month-to-month,No,Electronic check,28.92,888.74,No
7070-TR01028,Female,1,Yes,Yes,31,No,No phone service,DSL,No,No,No,No,Yes,No,Month-to-month,Yes,Electronic check,34.61,1098.07,No
7502-TR01922,Male,0,Yes,Yes,9,Yes,No,DSL,No,Yes,No,No,No,No,One year,No,Mailed check,48.49,431.46,No
7825-TR00458,Female,1,No,No,55,Yes,Yes,Fiber optic,Yes,Yes,Yes,No,Yes,Yes,One year,No,Electronic check,107.97,6207.88,No
2876-GZYZC,Female,0,No,No,13,Yes,Yes,Fiber optic,No,No,No,No,No,Yes,Month-to-month,Yes,Electronic check,85.95,1215.65,No
1528-TR02728,Female,0,No,No,49,Yes,No,No,No internet service,No internet service,No internet service,No internet service,No internet service,No internet service,Two year,Yes,Mailed check,21.56,1031.42,No
6118-TR00573,Female,1,No,No,16,Yes,No,Fiber optic,No,No,No,Yes,Yes,Yes,Month-to-month,Yes,Electronic check,95.82,1544.52,Yes
5055-TR00617,Female,0,No,No,4,Yes,No,DSL,Yes,Yes,No,No,No,No,Month-to-month,No,Mailed check,56.01,219.04,No
4004-TR01232,Male,0,Yes,Yes,24,Yes,Yes,Fiber optic,No,Yes,No,Yes,No,No,Month-to-month,Yes,Credit card (automatic),85.45,2036.99,No
7662-TR00236,Female,0,No,No,23,Yes,No,Fiber optic,Yes,No,Yes,Yes,Yes,Yes,Month-to-month,Yes,Electronic check,108.53,2538.32,Yes
7123-TR00967,Male,0,No,No,55,Yes,Yes,DSL,No,Yes,Yes,Yes,No,Yes,Two year,Yes,Bank transfer (automatic),75.03,4094.02,No
2295-TR02624,Female,0,No,No,20,Yes,No,Fiber optic,Yes,No,No,Yes,No,Yes,Month-to-month,Yes,Electronic check,86.18,1701.45,No
9384-TR00343,Female,0,No,No,12,Yes,No,No,No internet service,No internet service,No internet service,No internet service,No internet service,No internet service,One year,No,Electronic check,22.14,264.52,No
6119-TR00976,Male,0,No,No,65,Yes,Yes,Fiber optic,Yes,Yes,No,No,No,No,One year,Yes,Credit card (automatic),84.55,5247.66,No
0434-CSFON,Female,0,Yes,No,47,Yes,Yes,Fiber optic,No,No,Yes,No,Yes,Yes,Month-to-month,Yes,Electronic check,100.5,4707.1,No
3630-TR01077,Male,0,No,No,27,Yes,No,Fiber optic,Yes,No,Yes,Yes,Yes,Yes,Month-to-month,Yes,Electronic check,102.74,2770.45,No
6634-TR01325,Male,0,Yes,Yes,19,Yes,No,DSL,No,Yes,Yes,Yes,No,Yes,Month-to-month,Yes,Mailed check,69.17,1293.95,No
7566-TR00638,Female,0,No,No,7,Yes,No,DSL,No,Yes,No,No,No,No,Month-to-month,No,Bank transfer (automatic),53.39,383.18,No
5946-TR01618,Male,0,No,No,28,No,No phone service,DSL,Yes,No,No,No,Yes,Yes,One year,Yes,Mailed check,48.94,1365.0,No
1405-TR02160,Female,0,Yes,No,9,Yes,Yes,DSL,Yes,Yes,No,Yes,Yes,No,Month-to-month,Yes,Electronic check,70.23,628.27,No
6684-TR01316,Female,0,Yes,Yes,47,Yes,No,No,No internet service,No internet service,No internet service,No internet service,No internet service,No internet service,Two year,No,Bank transfer (automatic),24.37,1184.38,No
3991-TR02269,Female,0,No,No,3,No,No phone service,DSL,No,No,No,No,No,No,Month-to-month,No,Electronic check,22.41,63.12,No
4118-TR00980,Female,1,No,No,10,Yes,No,Fiber optic,No,No,No,No,Yes,Yes,Month-to-month,Yes,Electronic check,91.7,933.46,No
4066-TR01919,Male,0,Yes,No,6,Yes,Yes,Fiber optic,No,Yes,No,Yes,No,No,Month-to-month,Yes,Electronic check,85.26,520.0,Yes
2831-TR00314,Male,0,No,No,3,Yes,No,No,No internet service,No internet service,No internet service,No internet service,No internet service,No internet service,Month-to-month,No,Bank transfer (automatic),20.69,58.68,No
6702-TR01260,Male,1,No,No,0,Yes,No,DSL,No,No,No,No,No,No,Month-to-month,No,Bank transfer (automatic),40.53,0.0,No
8984-EYLLL,Male,0,Yes,No,64,Yes,Yes,Fiber optic,No,Yes,No,Yes,Yes,Yes,Two year,Yes,Electronic check,105.25,6823.4,No
4047-TR02221,Female,1,Yes,No,69,No,No phone service,DSL,No,Yes,Yes,No,Yes,No,One year,No,Bank transfer (automatic),43.22,3037.77,No
7080-TR01999,Female,1,No,No,19,Yes,No,Fiber optic,Yes,Yes,No,Yes,Yes,Yes,Month-to-month,Yes,Mailed check,103.84,2047.32,No
3828-TR00438,Female,0,Yes,Yes,66,Yes,Yes,Fiber optic,Yes,Yes,Yes,No,Yes,Yes,One year,Yes,Credit card (automatic),108.59,7445.58,No
5264-TR01253,Female,0,No,No,8,Yes,No,DSL,No,Yes,No,No,No,No,Month-to-month,No,Bank transfer (automatic),50.83,427.56,No
6057-TR01549,Female,0,No,No,9,Yes,Yes,Fiber optic,No,No,No,No,No,No,Month-to-month,Yes,Electronic check,70.51,644.58,Yes
7429-TR02619,Female,1,Yes,No,27,Yes,Yes,DSL,Yes,No,No,Yes,Yes,No,Month-to-month,Yes,Credit card (automatic),72.51,1873.42,No
1679-JRFBR,Female,0,Yes,Yes,70,Yes,Yes,Fiber optic,Yes,Yes,Yes,No,Yes,Yes,One year,Yes,Credit card (automatic),108.15,7930.55,No
8894-TR01621,Female,0,No,No,4,Yes,Yes,Fiber optic,No,No,No,No,No,No,Month-to-month,Yes,Electronic check,70.56,272.43,Yes
9867-JCZSP,Female,0,Yes,Yes,17,Yes,No,No,No internet service,No internet service,No internet service,No internet service,No internet service,No internet service,One year,No,Mailed check,20.75,418.25,No
1236-TR00568,Male,0,No,Yes,55,Yes,No,No,No internet service,No internet service,No internet service,No internet service,No internet service,No internet service,Two year,Yes,Mailed check,18.0,965.04,No
7615-TR01401,Female,0,Yes,Yes,52,Yes,No,No,No internet service,No internet service,No internet service,No internet service,No internet service,No internet service,Two year,No,Bank transfer (automatic),18.01,920.46,No
2045-TR00609,Female,0,No,No,0,No,No phone service,DSL,No,Yes,No,No,No,No,Month-to-month,No,Bank transfer (automatic),33.72,0.0,Yes
7290-TR02379,Female,0,No,No,10,Yes,Yes,Fiber optic,Yes,No,No,No,No,No,Month-to-month,Yes,Electronic check,78.34,807.53,Yes
4519-TR00937,Female,0,No,Yes,2,Yes,No,DSL,Yes,No,No,Yes,No,Yes,Month-to-month,Yes,Bank transfer (automatic),63.86,127.76,No
2382-TR02118,Male,0,Yes,Yes,23,Yes,No,Fiber optic,No,Yes,Yes,Yes,No,No,One year,No,Mailed check,83.31,1839.71,No
6345-TR00151,Female,1,No,No,23,Yes,No,Fiber optic,Yes,Yes,No,Yes,Yes,Yes,Month-to-month,Yes,Mailed check,105.39,2408.56,No
7867-TR02838,Female,0,Yes,No,50,Yes,No,Fiber optic,No,No,Yes,No,Yes,Yes,One year,Yes,Bank transfer (automatic),89.91,4669.01,Yes
4704-TR00461,Female,0,No,Yes,0,Yes,No,Fiber optic,No,No,No,No,Yes,No,Month-to-month,Yes,Electronic check,77.91,0.0,Yes
1108-TR00630,Female,0,Yes,Yes,72,Yes,Yes,Fiber optic,Yes,Yes,No,No,Yes,Yes,One year,Yes,Electronic check,102.69,7531.91,No
1506-TR02874,Male,0,Yes,No,72,Yes,Yes,DSL,Yes,Yes,Yes,Yes,Yes,Yes,Two year,Yes,Credit card (automatic),84.9,6085.47,No
2374-TR01957,Male,0,Yes,No,8,Yes,Yes,Fiber optic,No,Yes,No,Yes,No,No,Month-to-month,Yes,Electronic check,89.99,713.37,Yes
4146-TR00018,Female,1,No,No,56,Yes,Yes,Fiber optic,Yes,Yes,Yes,No,Yes,Yes,One year,No,Electronic check,106.93,5668.77,No
8331-TR01082,Male,0,No,No,59,Yes,Yes,Fiber optic,No,Yes,Yes,Yes,Yes,Yes,Month-to-month,Yes,Electronic check,108.35,5786.62,No
6318-TR00255,Male,0,No,No,0,Yes,No,DSL,Yes,Yes,No,No,No,No,Month-to-month,Yes,Mailed check,55.05,0.51,Yes
6562-TR02372,Male,0,No,Yes,50,Yes,Yes,DSL,Yes,No,Yes,No,Yes,Yes,One year,Yes,Credit card (automatic),79.26,3767.2,No
7011-TR02847,Male,0,Yes,No,62,Yes,No,Fiber optic,No,Yes,Yes,Yes,Yes,Yes,One year,Yes,Credit card (automatic),102.64,6480.35,No
5104-TR00013,Female,0,No,No,42,Yes,No,Fiber optic,No,Yes,No,Yes,Yes,Yes,Two year,Yes,Bank transfer (automatic),97.81,4290.3,No
8017-UVSZU,Female,0,Yes,No,40,Yes,Yes,DSL,No,Yes,No,No,No,No,Month-to-month,No,Credit card (automatic),56.6,2379.1,No
5480-TR00401,Female,0,Yes,Yes,8,Yes,No,DSL,Yes,No,No,No,No,No,Month-to-month,No,Mailed check,49.19,388.5,No
9368-TR00015,Female,0,Yes,Yes,37,Yes,No,DSL,Yes,Yes,No,Yes,Yes,Yes,One year,No,Credit card (automatic),81.19,3091.78,Yes
3000-TR02427,Male,0,Yes,No,72,Yes,Yes,DSL,Yes,Yes,Yes,Yes,Yes,Yes,Two year,Yes,Credit card (automatic),88.4,6533.77,No
1781-TR02109,Male,0,Yes,No,2,Yes,No,Fiber optic,No,Yes,Yes,No,No,Yes,Month-to-month,Yes,Electronic check,88.15,180.97,Yes
5704-TR00456,Female,0,No,Yes,4,Yes,No,DSL,Yes,No,No,Yes,No,Yes,Month-to-month,Yes,Bank transfer (automatic),64.09,252.64,No
7099-TR01360,Male,0,Yes,No,62,No,No phone service,DSL,Yes,Yes,Yes,Yes,Yes,No,Two year,Yes,Bank transfer (automatic),53.94,3330.09,No
1784-TR02004,Male,0,Yes,Yes,35,Yes,Yes,DSL,Yes,No,Yes,Yes,No,No,Two year,Yes,Credit card (automatic),58.12,1950.68,No
5217-TR01450,Female,0,No,No,4,Yes,No,Fiber optic,No,No,No,No,No,No,Month-to-month,Yes,Electronic check,72.57,277.31,No
3935-TR01172,Male,0,No,No,37,Yes,Yes,Fiber optic,No,Yes,Yes,No,Yes,Yes,Month-to-month,Yes,Electronic check,106.41,3958.96,Yes
8985-TR00615,Male,0,Yes,No,72,Yes,No,No,No internet service,No internet service,No internet service,No internet service,No internet service,No internet service,Two year,No,Mailed check,20.36,1517.62,No
4482-EWFMI,Female,0,No,No,2,Yes,No,Fiber optic,No,No,No,No,No,No,Month-to-month,Yes,Electronic check,69.7,135.2,No
4770-TR02248,Female,1,Yes,No,68,No,No phone service,DSL,No,Yes,Yes,No,Yes,No,One year,No,Bank transfer (automatic),41.23,2864.27,No
7735-TR02069,Male,1,Yes,No,58,Yes,Yes,Fiber optic,No,Yes,No,No,No,Yes,Month-to-month,Yes,Electronic check,88.45,5200.28,No
5091-TR02369,Male,1,Yes,Yes,34,Yes,Yes,Fiber optic,No,Yes,No,No,Yes,Yes,Month-to-month,No,Electronic check,102.66,3407.1,No
9246-TR00677,Male,0,Yes,No,70,No,No phone service,DSL,Yes,Yes,Yes,Yes,Yes,No,Two year,Yes,Bank transfer (automatic),55.75,3915.15,No
2848-YXSMW,Male,0,Yes,Yes,72,Yes,No,No,No internet service,No internet service,No internet service,No internet service,No internet service,No internet service,Two year,No,Credit card (automatic),19.4,1363.25,No
5852-TR00580,Male,0,No,No,62,Yes,Yes,Fiber optic,Yes,Yes,No,No,No,No,One year,Yes,Credit card (automatic),83.31,5223.29,No
4921-TR00515,Male,0,No,No,7,Yes,Yes,Fiber optic,No,No,No,No,No,No,Month-to-month,Yes,Electronic check,71.48,512.45,Yes
6332-TR02457,Male,0,Yes,No,72,Yes,Yes,DSL,Yes,Yes,Yes,Yes,Yes,Yes,Two year,Yes,Bank transfer (automatic),87.39,6352.51,No
9211-TR00221,Male,1,No,No,0,No,No phone service,DSL,No,No,Yes,No,No,Yes,Month-to-month,Yes,Electronic check,38.22,0.0,Yes
7155-TR02282,Female,0,Yes,Yes,66,Yes,Yes,DSL,Yes,No,Yes,Yes,No,No,Two year,Yes,Credit card (automatic),61.34,4057.72,No
7760-TR00116,Male,0,Yes,No,65,Yes,Yes,Fiber optic,No,Yes,Yes,No,Yes,Yes,Month-to-month,Yes,Electronic check,101.82,6407.35,Yes
8842-TR01331,Female,0,No,No,11,Yes,No,DSL,No,Yes,No,No,No,No,Month-to-month,No,Electronic check,50.41,550.09,No
7334-TR01044,Female,0,Yes,Yes,50,Yes,No,No,No internet service,No internet service,No internet service,No internet service,No internet service,No internet service,Two year,No,Bank transfer (automatic),18.0,893.39,No
2947-TR02124,Female,1,No,No,18,No,No phone service,DSL,Yes,No,No,No,Yes,No,Month-to-month,Yes,Electronic check,40.81,733.99,Yes
3775-TR01216,Male,1,No,No,9,Yes,Yes,Fiber optic,No,Yes,Yes,No,Yes,Yes,Month-to-month,Yes,Electronic check,109.43,939.93,Yes
5767-TR01121,Male,0,Yes,No,65,No,No phone service,DSL,Yes,Yes,Yes,Yes,Yes,No,Two year,Yes,Bank transfer (automatic),57.23,3776.84,No
8708-TR01259,Male,0,No,No,41,Yes,No,Fiber optic,No,No,No,No,No,No,Month-to-month,No,Credit card (automatic),69.29,2762.84,No
6597-TR01989,Male,0,No,No,4,Yes,No,No,No internet service,No internet service,No internet service,No internet service,No internet service,No internet service,Month-to-month,No,Mailed check,19.24,83.49,Yes
6448-TR00089,Female,0,No,No,46,Yes,Yes,Fiber optic,No,No,No,No,No,Yes,Month-to-month,Yes,Electronic check,81.94,3707.89,No
7182-TR01521,Male,0,No,Yes,23,Yes,Yes,Fiber optic,No,Yes,No,No,Yes,No,Month-to-month,Yes,Credit card (automatic),84.5,1855.52,No
9595-TR02046,Female,0,Yes,Yes,10,No,No phone service,DSL,Yes,No,No,No,Yes,Yes,Month-to-month,No,Electronic check,50.41,507.82,No
4167-TR01384,Male,0,Yes,No,66,Yes,No,Fiber optic,No,Yes,Yes,Yes,Yes,Yes,One year,Yes,Credit card (automatic),102.34,6788.33,No
1167-TR01240,Male,1,No,No,10,Yes,Yes,Fiber optic,No,Yes,Yes,No,Yes,Yes,Month-to-month,Yes,Electronic check,109.13,1078.48,Yes
1135-TR02492,Female,0,No,No,33,Yes,No,Fiber optic,No,Yes,No,No,Yes,Yes,Month-to-month,Yes,Credit card (automatic),91.89,3164.0,No
9618-TR01797,Male,0,Yes,Yes,19,Yes,No,DSL,No,Yes,Yes,Yes,No,Yes,Month-to-month,Yes,Mailed check,73.84,1469.6,No
7926-TR01272,Female,0,No,No,33,Yes,No,Fiber optic,No,Yes,No,No,Yes,Yes,Month-to-month,Yes,Credit card (automatic),93.6,3001.16,No
5119-TR01100,Female,0,Yes,No,9,Yes,No,Fiber optic,No,No,Yes,No,No,No,Month-to-month,Yes,Bank transfer (automatic),74.66,659.39,Yes
5206-TR00259,Female,1,No,No,5,Yes,No,Fiber optic,No,No,No,No,Yes,Yes,Month-to-month,Yes,Electronic check,94.18,479.2,No
5160-UXJED,Male,0,No,Yes,17,Yes,No,DSL,No,No,No,No,No,No,One year,No,Mailed check,44.6,681.4,No
9836-TR01496,Female,0,Yes,No,0,No,No phone service,DSL,No,No,No,No,No,No,Month-to-month,Yes,Electronic check,20.68,0.0,Yes
5910-TR00803,Female,0,No,No,20,Yes,No,Fiber optic,Yes,No,No,Yes,No,Yes,Month-to-month,Yes,Electronic check,89.45,1783.6,No
1336-TR02478,Male,0,Yes,Yes,31,Yes,No,Fiber optic,No,Yes,Yes,No,No,No,Month-to-month,No,Bank transfer (automatic),78.13,2533.99,No
7273-TEFQD,Male,1,No,No,3,No,No phone service,DSL,No,No,Yes,No,No,Yes,Month-to-month,Yes,Electronic check,41.15,132.2,Yes
2170-TR02358,Male,0,Yes,Yes,61,Yes,No,DSL,Yes,Yes,Yes,Yes,Yes,Yes,Two year,No,Electronic check,84.35,5118.48,No
8525-TR00023,Male,0,No,No,6,No,No phone service,DSL,No,No,No,Yes,No,No,Month-to-month,No,Electronic check,31.22,192.47,No
7710-TR01035,Female,0,Yes,Yes,38,Yes,Yes,No,No internet service,No internet service,No internet service,No internet service,No internet service,No internet service,Two year,No,Credit card (automatic),25.55,955.83,No
7756-TR00134,Female,0,No,No,3,Yes,No,DSL,No,Yes,No,No,No,No,Month-to-month,No,Bank transfer (automatic),50.98,150.36,No
8952-TR01438,Male,0,Yes,Yes,4,Yes,Yes,Fiber optic,No,Yes,Yes,No,No,No,Month-to-month,Yes,Bank transfer (automatic),84.13,352.47,Yes
2232-DMLXU,Female,0,Yes,No,1,Yes,No,DSL,No,No,No,No,Yes,No,Month-to-month,No,Mailed check,55.2,55.2,Yes
2951-TR02482,Female,0,Yes,No,72,Yes,Yes,No,No internet service,No internet service,No internet service,No internet service,No internet service,No internet service,Two year,No,Bank transfer (automatic),24.27,1728.68,No
5701-YVSVF,Female,1,Yes,No,11,Yes,No,Fiber optic,No,No,No,Yes,Yes,No,Month-to-month,Yes,Electronic check,82.9,880.05,No
3874-EQOEP,Male,0,No,No,7,Yes,Yes,Fiber optic,No,No,No,No,Yes,Yes,Month-to-month,No,Mailed check,95.0,655.5,Yes
7305-TR02747,Female,0,Yes,No,16,Yes,Yes,DSL,Yes,Yes,No,Yes,Yes,No,Month-to-month,Yes,Electronic check,80.19,1265.54,No
9326-TR02762,Female,0,Yes,Yes,5,Yes,No,DSL,Yes,No,No,No,No,No,One year,No,Mailed check,47.7,233.88,No
4123-TR00896,Female,0,No,No,12,No,No phone service,DSL,No,No,No,Yes,No,No,Two year,Yes,Mailed check,29.55,345.08,No
5663-TR01819,Female,0,No,No,4,Yes,No,Fiber optic,No,No,No,No,No,No,Month-to-month,Yes,Electronic check,70.38,292.59,No
4601-TR02786,Female,1,No,No,17,Yes,No,Fiber optic,Yes,Yes,No,Yes,Yes,Yes,Month-to-month,Yes,Mailed check,107.1,1752.0,No
4499-TR01285,Female,1,No,No,19,Yes,No,Fiber optic,No,No,No,Yes,Yes,Yes,Month-to-month,Yes,Electronic check,96.57,1795.67,Yes
0486-HECZI,Male,0,Yes,No,55,Yes,Yes,Fiber optic,Yes,Yes,No,No,Yes,No,Month-to-month,Yes,Electronic check,96.75,5238.9,Yes
5143-TR01327,Male,0,Yes,No,67,No,No phone service,DSL,Yes,Yes,Yes,Yes,Yes,No,Two year,Yes,Bank transfer (automatic),61.59,4057.89,No
1134-TR02591,Male,0,Yes,No,72,Yes,Yes,No,No internet service,No internet service,No internet service,No internet service,No internet service,No internet service,Two year,Yes,Bank transfer (automatic),25.93,1872.23,No
7015-TR02000,Male,0,No,No,65,No,No phone service,DSL,Yes,Yes,No,Yes,Yes,Yes,Two year,Yes,Bank transfer (automatic),60.25,3864.04,No
5864-TR02693,Female,0,Yes,Yes,15,Yes,No,No,No internet service,No internet service,No internet service,No internet service,No internet service,No internet service,Month-to-month,No,Electronic check,18.44,268.29,No
4940-TR02850,Male,0,Yes,No,48,Yes,Yes,Fiber optic,No,Yes,No,No,No,No,One year,Yes,Electronic check,81.59,3959.1,No
8640-TR01547,Male,0,No,No,0,No,No phone service,DSL,No,No,No,No,No,Yes,Month-to-month,Yes,Electronic check,38.11,0.0,Yes
2994-TR02063,Female,0,No,No,10,Yes,No,DSL,No,Yes,No,No,No,No,Month-to-month,No,Electronic check,53.08,533.55,No
8233-TR00379,Female,0,Yes,Yes,61,Yes,Yes,Fiber optic,Yes,Yes,No,Yes,Yes,No,Two year,Yes,Credit card (automatic),98.27,6359.87,No
1624-TR01357,Female,0,No,No,31,Yes,Yes,No,No internet service,No internet service,No internet service,No internet service,No internet service,No internet service,Month-to-month,No,Electronic check,22.58,684.02,No
7265-TR01584,Male,0,Yes,No,3,Yes,No,Fiber optic,No,No,No,No,No,No,Month-to-month,No,Electronic check,71.02,211.5,Yes
5255-TR01452,Female,1,No,No,16,Yes,Yes,Fiber optic,No,No,No,No,No,No,Month-to-month,Yes,Mailed check,73.61,1110.24,Yes
1252-TR00298,Male,0,Yes,No,5,Yes,No,Fiber optic,No,Yes,Yes,No,No,Yes,Month-to-month,Yes,Electronic check,89.77,476.85,Yes
3897-TR01612,Female,0,No,No,23,Yes,No,Fiber optic,Yes,No,No,No,No,No,Month-to-month,Yes,Bank transfer (automatic),73.44,1751.81,No
5493-TR00595,Female,0,Yes,Yes,31,Yes,No,DSL,Yes,No,Yes,Yes,Yes,Yes,One year,Yes,Mailed check,77.74,2305.71,No
7583-TR02393,Male,0,Yes,No,58,Yes,No,No,No internet service,No internet service,No internet service,No internet service,No internet service,No internet service,One year,Yes,Credit card (automatic),25.62,1541.14,No
5332-TR01284,Female,0,Yes,No,41,Yes,Yes,Fiber optic,Yes,Yes,Yes,Yes,Yes,Yes,One year,No,Mailed check,114.14,4575.64,No
1442-TR01796,Female,0,No,No,21,No,No phone service,DSL,No,No,No,No,Yes,Yes,Month-to-month,Yes,Electronic check,46.17,955.91,No
6180-YBIQI,Male,0,No,No,5,No,No phone service,DSL,No,No,No,No,No,No,Month-to-month,No,Mailed check,24.3,100.2,No
4705-TR00485,Male,1,Yes,No,19,Yes,Yes,Fiber optic,No,No,No,No,No,Yes,Month-to-month,No,Electronic check,83.13,1610.09,No
1599-TR02627,Female,0,No,No,10,Yes,Yes,Fiber optic,No,No,No,No,No,No,Month-to-month,Yes,Electronic check,75.64,752.49,Yes
9267-TR01155,Female,1,No,No,3,Yes,No,Fiber optic,No,No,No,No,Yes,Yes,Month-to-month,Yes,Electronic check,88.65,284.24,No
6586-TR01628,Male,0,Yes,No,67,Yes,No,Fiber optic,No,Yes,Yes,Yes,Yes,Yes,One year,Yes,Credit card (automatic),99.66,6479.21,No
1447-TR00507,Male,0,Yes,No,16,Yes,Yes,Fiber optic,No,No,No,No,No,No,Month-to-month,Yes,Electronic check,75.15,1212.66,No
3999-TR02355,Female,1,No,No,31,Yes,No,DSL,No,Yes,No,Yes,No,No,Month-to-month,No,Bank transfer (automatic),57.63,1783.57,No
4770-TR01373,Female,0,No,No,71,Yes,Yes,Fiber optic,No,No,Yes,Yes,Yes,Yes,Two year,Yes,Credit card (automatic),101.94,6999.83,No
6028-TR01463,Female,1,No,No,19,Yes,No,Fiber optic,No,No,No,Yes,Yes,Yes,Month-to-month,Yes,Electronic check,98.58,1867.02,Yes
1346-TR02148,Male,0,No,No,0,No,No phone service,DSL,No,No,No,No,No,Yes,Month-to-month,Yes,Electronic check,37.6,0.0,Yes
2008-TR02548,Male,0,No,No,1,Yes,No,DSL,No,Yes,No,No,No,No,Month-to-month,No,Mailed check,49.51,49.51,No
6130-TR01448,Female,0,Yes,Yes,11,Yes,No,No,No internet service,No internet service,No internet service,No internet service,No internet service,No internet service,One year,No,Mailed check,20.64,251.88,No
8741-TR02601,Female,0,Yes,Yes,71,Yes,No,No,No internet service,No internet service,No internet service,No internet service,No internet service,No internet service,Two year,No,Bank transfer (automatic),22.95,1592.83,No
5069-TR01050,Male,1,No,No,13,Yes,Yes,Fiber optic,No,Yes,Yes,No,Yes,Yes,Month-to-month,Yes,Electronic check,104.48,1381.82,Yes
0390-DCFDQ,Female,1,Yes,No,1,Yes,No,Fiber optic,No,No,No,No,No,No,Month-to-month,Yes,Mailed check,70.45,70.45,Yes
7310-EGVHZ,Male,0,No,No,1,Yes,No,No,No internet service,No internet service,No internet service,No internet service,No internet service,No internet service,Month-to-month,No,Bank transfer (automatic),20.2,20.2,No
1315-TR00427,Male,0,No,No,44,Yes,No,Fiber optic,No,No,No,No,No,No,Month-to-month,No,Credit card (automatic),68.25,3120.22,No
8585-TR00794,Male,0,No,No,11,Yes,No,No,No internet service,No internet service,No internet service,No internet service,No internet service,No internet service,Month-to-month,Yes,Mailed check,20.79,214.13,No
3618-TR00101,Female,0,Yes,Yes,5,Yes,No,No,No internet service,No internet service,No internet service,No internet service,No internet service,No internet service,Month-to-month,No,Electronic check,18.13,92.91,No
3762-TR00290,Male,0,No,No,5,Yes,No,Fiber optic,No,No,Yes,Yes,No,Yes,Month-to-month,Yes,Electronic check,90.43,468.24,No
4133-TR01766,Female,0,No,No,69,Yes,No,No,No internet service,No internet service,No internet service,No internet service,No internet service,No internet service,Two year,No,Credit card (automatic),22.28,1532.02,No
9429-TR01862,Male,0,No,No,0,No,No phone service,DSL,No,No,No,No,No,Yes,Month-to-month,Yes,Electronic check,37.22,0.0,Yes
2888-TR01868,Male,1,No,No,5,No,No phone service,DSL,No,No,Yes,No,No,Yes,Month-to-month,Yes,Electronic check,44.71,214.54,Yes
6066-TR00207,Female,0,Yes,No,56,Yes,Yes,DSL,No,Yes,No,Yes,No,No,Two year,Yes,Credit card (automatic),58.91,3310.33,No
6070-TR01881,Male,1,No,No,0,Yes,No,DSL,No,No,No,No,No,No,Month-to-month,No,Bank transfer (automatic),41.61,0.0,No
1965-TR02083,Male,1,No,No,27,Yes,Yes,Fiber optic,No,No,No,No,No,No,Month-to-month,Yes,Electronic check,72.24,1910.09,Yes
5636-TR02883,Female,1,No,No,14,Yes,No,Fiber optic,No,No,No,Yes,Yes,Yes,Month-to-month,Yes,Electronic check,94.89,1365.19,Yes
8470-TR02631,Male,0,No,No,9,Yes,No,No,No internet service,No internet service,No internet service,No internet service,No internet service,No internet service,Month-to-month,No,Mailed check,29.13,272.98,Yes
5357-TR01925,Female,0,No,No,29,No,No phone service,DSL,Yes,Yes,No,Yes,No,Yes,Two year,Yes,Bank transfer (automatic),47.57,1418.06,No
4975-TR00966,Male,0,Yes,No,56,Yes,No,DSL,Yes,Yes,No,Yes,No,No,Two year,Yes,Electronic check,57.59,3350.29,No
4110-TR02608,Female,0,Yes,Yes,15,Yes,No,DSL,No,No,Yes,Yes,No,No,One year,Yes,Credit card (automatic),50.23,742.74,No
7451-TR01787,Female,0,Yes,No,39,Yes,No,DSL,Yes,No,No,No,Yes,No,One year,Yes,Bank transfer (automatic),64.45,2505.87,No
0526-SXDJP,Male,0,Yes,No,72,No,No phone service,DSL,Yes,Yes,Yes,No,No,No,Two year,No,Bank transfer (automatic),42.1,2962.0,No
5850-TR00440,Female,0,No,No,23,No,No phone service,DSL,No,No,No,No,Yes,Yes,Month-to-month,Yes,Electronic check,42.69,976.71,No
7166-TR02104,Male,0,Yes,Yes,68,No,No phone service,DSL,Yes,Yes,Yes,Yes,No,No,Two year,No,Credit card (automatic),43.68,2933.94,No
6932-TR00233,Male,0,No,Yes,15,Yes,No,DSL,No,No,No,No,No,No,One year,No,Mailed check,45.58,694.38,No
8431-TR01293,Female,0,No,No,11,Yes,Yes,Fiber optic,No,No,No,No,No,No,Month-to-month,Yes,Electronic check,71.39,782.71,Yes
4330-TR00605,Female,0,Yes,No,71,Yes,Yes,DSL,Yes,Yes,Yes,Yes,Yes,Yes,Two year,No,Credit card (automatic),88.25,6535.41,No
1875-TR00084,Female,0,Yes,Yes,59,Yes,Yes,Fiber optic,Yes,No,No,No,Yes,Yes,One year,Yes,Credit card (automatic),100.21,5912.75,No
4965-TR02169,Female,0,No,No,0,No,No phone service,DSL,No,No,No,No,No,No,Month-to-month,No,Electronic check,27.43,0.0,No
1168-TR02568,Female,0,Yes,No,49,Yes,Yes,Fiber optic,Yes,Yes,Yes,Yes,Yes,Yes,One year,No,Mailed check,115.53,5879.22,No
5735-TR02647,Female,0,Yes,Yes,36,Yes,No,DSL,Yes,Yes,No,Yes,Yes,Yes,One year,No,Credit card (automatic),82.92,2901.81,Yes
5928-TR00093,Male,0,Yes,No,67,Yes,No,Fiber optic,No,Yes,Yes,Yes,Yes,Yes,One year,Yes,Credit card (automatic),101.12,6519.92,No
9498-FIMXL,Female,0,No,No,8,Yes,No,No,No internet service,No internet service,No internet service,No internet service,No internet service,No internet service,One year,Yes,Mailed check,19.2,161.95,No
3128-TR00757,Male,0,Yes,No,70,Yes,Yes,DSL,Yes,Yes,Yes,Yes,Yes,Yes,Two year,Yes,Credit card (automatic),91.47,6504.6,No
7910-TR00297,Female,0,No,No,7,Yes,No,Fiber optic,No,No,No,No,No,No,Month-to-month,Yes,Electronic check,63.24,436.47,Yes
7600-TR00226,Male,0,No,No,2,Yes,No,Fiber optic,No,No,Yes,Yes,No,Yes,Month-to-month,Yes,Electronic check,91.57,184.41,No
4395-TR01870,Female,0,No,No,23,Yes,Yes,Fiber optic,No,No,No,No,No,No,One year,Yes,Credit card (automatic),77.33,1885.63,No
9077-TR01890,Male,0,Yes,Yes,18,Yes,No,DSL,No,Yes,Yes,Yes,No,Yes,Month-to-month,Yes,Mailed check,67.45,1255.2,No
3901-TR00136,Male,0,Yes,No,58,Yes,No,DSL,Yes,Yes,No,Yes,No,No,Two year,Yes,Electronic check,54.48,3233.53,No
4909-TR00790,Female,0,Yes,No,38,Yes,No,DSL,Yes,No,No,No,Yes,No,One year,Yes,Bank transfer (automatic),64.47,2505.76,No
3170-NMYVV,Female,0,Yes,Yes,50,Yes,No,No,No internet service,No internet service,No internet service,No internet service,No internet service,No internet service,Two year,No,Bank transfer (automatic),20.15,930.9,No
1926-TR00198,Female,0,No,No,17,Yes,Yes,Fiber optic,No,No,No,No,No,Yes,Month-to-month,Yes,Electronic check,85.71,1407.4,No
4439-TR02042,Female,1,No,No,25,No,No phone service,DSL,Yes,No,No,No,Yes,No,Month-to-month,Yes,Electronic check,41.39,994.33,Yes
5766-TR02811,Male,0,Yes,No,7,Yes,No,Fiber optic,No,Yes,Yes,No,No,Yes,Month-to-month,Yes,Electronic check,91.58,645.05,Yes
2798-TR00499,Female,0,Yes,Yes,17,Yes,No,No,No internet service,No internet service,No internet service,No internet service,No internet service,No internet service,Month-to-month,No,Electronic check,22.95,383.33,No
1761-TR02368,Female,1,Yes,No,39,Yes,Yes,Fiber optic,No,No,No,No,No,No,Month-to-month,Yes,Electronic check,73.14,2830.63,Yes
7427-TR00893,Female,0,Yes,No,42,Yes,Yes,DSL,No,Yes,No,No,No,No,Month-to-month,No,Credit card (automatic),50.07,2072.12,No
2802-TR00892,Female,0,No,No,4,Yes,No,Fiber optic,No,No,No,No,No,No,Month-to-month,Yes,Bank transfer (automatic),74.44,285.68,Yes
2898-TR01731,Female,0,No,Yes,4,Yes,Yes,No,No internet service,No internet service,No internet service,No internet service,No internet service,No internet service,Month-to-month,No,Mailed check,24.27,102.02,No
8047-TR01258,Female,0,Yes,Yes,21,Yes,No,No,No internet service,No internet service,No internet service,No internet service,No internet service,No internet service,One year,No,Mailed check,20.62,412.31,No
1783-TR02645,Female,0,No,No,8,Yes,Yes,Fiber optic,No,No,No,No,No,No,Month-to-month,Yes,Electronic check,74.35,563.09,Yes
5965-TR01117,Male,0,No,No,34,Yes,No,DSL,Yes,No,Yes,No,No,No,One year,No,Mailed check,56.83,1916.26,No
9813-TR01183,Female,0,Yes,Yes,70,Yes,Yes,Fiber optic,Yes,Yes,No,Yes,Yes,No,Two year,No,Bank transfer (automatic),98.23,6929.33,No
2472-OVKUP,Male,0,Yes,No,6,Yes,No,Fiber optic,No,Yes,Yes,No,No,Yes,Month-to-month,Yes,Electronic check,91.0,531.0,Yes
3890-TR02237,Female,0,No,No,31,Yes,No,No,No internet service,No internet service,No internet service,No internet service,No internet service,No internet service,One year,No,Bank transfer (automatic),18.0,561.5,No
6443-TR02086,Male,1,Yes,No,68,Yes,Yes,No,No internet service,No internet service,No internet service,No internet service,No internet service,No internet service,Two year,No,Bank transfer (automatic),24.77,1641.49,No
2868-SNELZ,Female,0,No,No,2,Yes,Yes,Fiber optic,No,No,Yes,No,No,No,Month-to-month,No,Mailed check,80.6,155.8,Yes
3134-TR02690,Male,0,No,No,5,No,No phone service,DSL,No,No,No,No,No,No,Month-to-month,No,Mailed check,22.4,111.96,No
8162-TR01467,Male,0,Yes,No,72,Yes,Yes,DSL,Yes,Yes,Yes,Yes,Yes,Yes,Two year,Yes,Credit card (automatic),88.75,6336.37,No
9278-TR01609,Male,0,No,No,35,Yes,No,DSL,Yes,Yes,Yes,No,No,No,One year,No,Mailed check,59.12,2078.36,No
3453-TR01112,Female,1,No,No,12,Yes,No,DSL,No,Yes,Yes,No,No,No,Month-to-month,Yes,Electronic check,55.42,688.7,No
4292-TR02058,Male,0,Yes,No,52,Yes,Yes,Fiber optic,Yes,Yes,No,No,Yes,No,Month-to-month,Yes,Electronic check,96.26,4858.17,Yes
4954-TR02895,Female,0,Yes,No,72,Yes,Yes,DSL,Yes,Yes,Yes,Yes,Yes,Yes,Two year,No,Credit card (automatic),83.12,5857.6,No
7038-TR02580,Male,0,Yes,No,71,Yes,Yes,DSL,Yes,Yes,Yes,Yes,Yes,Yes,Two year,Yes,Credit card (automatic),89.59,6567.25,No
1627-TR01839,Female,0,Yes,No,0,No,No phone service,DSL,No,No,No,No,No,No,Month-to-month,Yes,Electronic check,24.24,0.16,Yes
9921-TR00680,Female,0,No,No,5,Yes,Yes,Fiber optic,No,No,No,No,Yes,Yes,Month-to-month,No,Electronic check,94.52,473.57,Yes
7740-TR02685,Male,0,No,No,5,Yes,No,No,No internet service,No internet service,No internet service,No internet service,No internet service,No internet service,Month-to-month,No,Mailed check,21.23,103.7,No
5606-TR00590,Female,0,Yes,Yes,34,Yes,No,DSL,Yes,No,Yes,Yes,Yes,Yes,One year,Yes,Mailed check,83.09,2674.03,No
1871-TR00805,Female,0,Yes,Yes,63,Yes,Yes,Fiber optic,Yes,Yes,Yes,Yes,Yes,Yes,Two year,No,Credit card (automatic),114.49,7462.59,No
7018-WBJNK,Male,0,No,Yes,13,Yes,No,Fiber optic,No,No,No,No,Yes,No,Month-to-month,Yes,Credit card (automatic),78.3,1033.95,No
3332-TR02741,Female,0,Yes,No,36,Yes,No,DSL,Yes,No,No,No,Yes,No,One year,Yes,Bank transfer (automatic),61.23,2293.9,No
1040-TR00593,Female,0,Yes,No,38,Yes,Yes,DSL,No,Yes,No,No,No,No,Month-to-month,No,Credit card (automatic),58.01,2250.71,No
9309-TR02904,Female,0,No,No,16,Yes,Yes,Fiber optic,Yes,No,No,No,No,No,Month-to-month,Yes,Electronic check,80.0,1244.63,Yes
7897-TR01542,Female,1,No,No,9,Yes,No,Fiber optic,No,Yes,No,No,Yes,Yes,Month-to-month,Yes,Electronic check,96.52,787.88,Yes
3680-TR01219,Female,0,No,No,5,Yes,No,Fiber optic,No,No,No,No,No,No,Month-to-month,Yes,Electronic check,65.63,305.08,Yes
8381-TR02353,Female,1,Yes,No,2,Yes,No,Fiber optic,No,No,No,No,No,No,Month-to-month,Yes,Electronic check,68.9,143.05,No
5570-TR01432,Male,0,No,No,67,Yes,No,DSL,No,No,No,Yes,No,No,Two year,No,Bank transfer (automatic),49.73,3280.61,No
7650-TR02412,Female,0,No,No,35,Yes,No,Fiber optic,No,Yes,No,No,Yes,Yes,Month-to-month,Yes,Credit card (automatic),94.45,3288.25,No
8894-TR01780,Male,0,Yes,Yes,72,Yes,No,No,No internet service,No internet service,No internet service,No internet service,No internet service,No internet service,Two year,No,Credit card (automatic),23.15,1727.52,No
9295-TR02681,Male,0,Yes,No,28,No,No phone service,DSL,No,No,No,No,Yes,No,Month-to-month,No,Mailed check,33.71,919.04,No
3261-TR01160,Female,0,No,No,48,Yes,No,No,No internet service,No internet service,No internet service,No internet service,No internet service,No internet service,Two year,Yes,Mailed check,18.3,869.3,No
1699-TR01212,Female,0,Yes,No,38,Yes,Yes,No,No internet service,No internet service,No internet service,No internet service,No internet service,No internet service,Month-to-month,No,Electronic check,23.7,871.37,No
4749-TR02534,Female,0,Yes,Yes,29,Yes,No,DSL,Yes,No,Yes,Yes,Yes,Yes,One year,Yes,Mailed check,80.7,2248.78,No
2765-TR00165,Male,0,Yes,Yes,68,No,No phone service,DSL,Yes,Yes,Yes,Yes,No,Yes,Two year,Yes,Credit card (automatic),55.82,3741.79,No
8215-TR01815,Male,0,No,No,7,Yes,Yes,Fiber optic,No,Yes,No,No,Yes,Yes,Month-to-month,Yes,Credit card (automatic),99.42,672.43,No
0314-TKOSI,Female,0,No,No,6,Yes,No,DSL,Yes,Yes,No,No,No,No,Month-to-month,No,Mailed check,55.15,322.9,No
1002-TR02813,Female,0,No,No,66,Yes,Yes,DSL,Yes,No,No,No,No,No,Month-to-month,No,Mailed check,49.89,3114.44,No
6564-TR00763,Male,0,Yes,No,72,Yes,Yes,DSL,Yes,Yes,Yes,Yes,Yes,Yes,Two year,Yes,Bank transfer (automatic),95.62,7164.85,No
8176-TR00613,Male,0,Yes,No,70,Yes,Yes,DSL,Yes,Yes,Yes,Yes,Yes,Yes,Two year,Yes,Credit card (automatic),90.9,6456.09,No
1965-TR01519,Female,0,No,No,12,Yes,Yes,Fiber optic,No,No,Yes,No,Yes,Yes,Month-to-month,Yes,Bank transfer (automatic),93.89,1086.27,Yes
4847-TR02074,Male,0,No,No,52,Yes,Yes,No,No internet service,No internet service,No internet service,No internet service,No internet service,No internet service,Two year,No,Bank transfer (automatic),22.47,1125.71,No
2139-TR02583,Male,0,No,No,49,Yes,No,Fiber optic,Yes,Yes,No,Yes,No,Yes,Month-to-month,Yes,Credit card (automatic),94.55,4705.09,No
3646-TR00087,Male,0,No,No,3,Yes,No,No,No internet service,No internet service,No internet service,No internet service,No internet service,No internet service,Month-to-month,No,Mailed check,18.0,56.59,No
2337-TR00654,Male,0,Yes,Yes,38,Yes,Yes,Fiber optic,Yes,No,No,No,Yes,Yes,One year,No,Electronic check,93.9,3571.44,No
4317-TR01966,Female,0,No,No,10,Yes,No,Fiber optic,No,Yes,No,Yes,No,No,Month-to-month,Yes,Credit card (automatic),81.1,797.32,No
7993-TR01856,Female,0,No,No,43,Yes,No,Fiber optic,No,Yes,Yes,Yes,Yes,Yes,Month-to-month,Yes,Bank transfer (automatic),102.71,4319.64,No
8193-TR00422,Female,0,No,No,71,Yes,Yes,DSL,No,Yes,Yes,Yes,Yes,Yes,Two year,No,Bank transfer (automatic),85.44,6155.03,No
4983-TR02844,Male,1,No,No,5,No,No phone service,DSL,No,No,Yes,No,No,Yes,Month-to-month,Yes,Electronic check,40.83,193.01,Yes
2528-TR00393,Female,1,No,No,56,Yes,Yes,DSL,Yes,Yes,No,Yes,Yes,Yes,One year,No,Bank transfer (automatic),83.22,4748.21,Yes
8840-TR02444,Female,1,No,No,52,Yes,Yes,DSL,Yes,Yes,No,Yes,Yes,Yes,One year,No,Bank transfer (automatic),81.52,4314.93,Yes
1814-TR01000,Male,0,No,No,4,Yes,No,Fiber optic,No,No,Yes,Yes,No,Yes,Month-to-month,Yes,Electronic check,88.09,338.92,No
7476-TR00012,Female,0,Yes,Yes,72,Yes,Yes,Fiber optic,Yes,Yes,No,No,Yes,Yes,One year,Yes,Electronic check,103.34,7554.81,No
4412-YLTKF,Female,1,No,No,27,Yes,Yes,Fiber optic,No,No,Yes,No,No,No,Month-to-month,Yes,Electronic check,78.05,2135.5,Yes
5681-TR02280,Female,0,No,No,41,Yes,No,Fiber optic,No,Yes,No,Yes,Yes,Yes,Two year,Yes,Bank transfer (automatic),99.72,3878.01,No
1416-TR02081,Female,1,No,No,13,Yes,No,Fiber optic,No,Yes,No,No,Yes,Yes,Month-to-month,Yes,Electronic check,99.62,1294.37,Yes
7709-TR02879,Female,0,No,No,3,No,No phone service,DSL,No,No,No,No,No,No,Month-to-month,No,Electronic check,27.06,85.9,No
8969-TR02852,Female,0,Yes,No,0,Yes,No,DSL,No,No,No,No,No,No,Month-to-month,Yes,Credit card (automatic),47.68,0.0,Yes
8287-TR00592,Female,0,Yes,Yes,44,Yes,No,No,No internet service,No internet service,No internet service,No internet service,No internet service,No internet service,Two year,No,Bank transfer (automatic),18.18,762.47,No
5499-TR01587,Male,0,Yes,Yes,34,Yes,No,Fiber optic,No,Yes,Yes,No,No,No,Month-to-month,No,Bank transfer (automatic),76.84,2601.73,No
3695-TR00624,Female,0,No,No,29,Yes,No,Fiber optic,No,Yes,No,Yes,No,No,One year,Yes,Bank transfer (automatic),82.35,2234.87,No
6250-TR02590,Female,0,No,No,0,Yes,Yes,Fiber optic,No,No,Yes,No,No,No,Month-to-month,No,Mailed check,79.21,0.0,Yes
5171-TR01620,Male,1,No,No,2,Yes,No,DSL,No,No,No,No,No,No,Month-to-month,No,Bank transfer (automatic),44.86,88.84,No
8637-XJIVR,Female,0,No,No,12,Yes,Yes,Fiber optic,Yes,No,No,No,No,No,Month-to-month,Yes,Electronic check,78.95,927.35,Yes
4854-TR02639,Male,0,No,No,7,Yes,No,No,No internet service,No internet service,No internet service,No internet service,No internet service,No internet service,One year,No,Mailed check,20.68,143.06,No
9980-TR01886,Female,0,No,No,39,Yes,Yes,Fiber optic,No,Yes,Yes,No,Yes,Yes,Two year,Yes,Electronic check,108.33,4389.78,Yes
9473-TR00972,Female,0,No,No,17,Yes,No,Fiber optic,Yes,Yes,No,No,Yes,Yes,Month-to-month,Yes,Credit card (automatic),99.92,1700.61,Yes
2847-TR00190,Male,0,No,No,4,Yes,No,Fiber optic,Yes,No,No,No,No,Yes,Month-to-month,Yes,Mailed check,84.68,335.91,Yes
3964-TR00622,Male,0,No,No,28,Yes,No,Fiber optic,Yes,No,Yes,Yes,Yes,Yes,Month-to-month,Yes,Electronic check,108.2,2999.62,No
8134-TR02479,Female,0,No,No,29,Yes,Yes,No,No internet service,No internet service,No internet service,No internet service,No internet service,No internet service,Month-to-month,No,Electronic check,26.03,758.8,No
6575-SUVOI,Female,1,Yes,No,25,Yes,Yes,DSL,Yes,No,No,Yes,Yes,No,Month-to-month,Yes,Credit card (automatic),69.5,1752.65,No
2618-TR00695,Female,0,Yes,No,52,Yes,Yes,Fiber optic,No,Yes,Yes,No,Yes,Yes,Month-to-month,Yes,Electronic check,106.88,5602.3,Yes
8045-TR01381,Male,0,Yes,No,10,Yes,No,Fiber optic,No,Yes,Yes,No,No,Yes,Month-to-month,Yes,Electronic check,93.12,926.56,Yes
5432-TR00952,Female,0,Yes,Yes,52,Yes,Yes,Fiber optic,No,No,Yes,No,Yes,Yes,One year,Yes,Credit card (automatic),99.13,5087.3,No
2518-TR01580,Female,0,No,No,0,Yes,No,Fiber optic,No,No,No,No,No,No,Month-to-month,Yes,Electronic check,66.88,0.0,No
6550-TR00278,Male,0,No,No,70,Yes,Yes,Fiber optic,No,Yes,Yes,Yes,Yes,Yes,Two year,No,Bank transfer (automatic),107.65,7176.25,No
6813-TR01142,Female,0,No,No,39,Yes,No,Fiber optic,No,Yes,No,No,Yes,Yes,Month-to-month,Yes,Credit card (automatic),94.76,3691.19,No
9095-TR00700,Male,0,Yes,No,57,Yes,No,DSL,No,No,Yes,No,No,No,One year,No,Credit card (automatic),53.61,3114.7,No
3896-TR02226,Male,0,No,No,72,No,No phone service,DSL,Yes,Yes,No,Yes,Yes,Yes,Two year,Yes,Bank transfer (automatic),64.15,4552.63,No
8076-TR01320,Female,0,Yes,No,3,Yes,No,DSL,No,No,No,No,No,No,Month-to-month,Yes,Credit card (automatic),42.93,123.02,Yes
6880-TR00292,Female,0,Yes,Yes,72,Yes,No,Fiber optic,No,No,Yes,No,No,No,Two year,No,Electronic check,81.74,6057.69,No
4089-TR02841,Male,0,No,No,5,Yes,No,DSL,Yes,No,No,No,No,No,Month-to-month,Yes,Mailed check,44.07,212.42,Yes
8654-TR01522,Female,1,No,No,16,Yes,No,DSL,No,Yes,Yes,No,No,No,Month-to-month,Yes,Electronic check,47.85,794.95,No
7351-TR02898,Male,0,Yes,Yes,39,Yes,Yes,DSL,Yes,No,Yes,Yes,No,No,Two year,Yes,Credit card (automatic),58.72,2363.49,No
5040-TR01056,Female,0,Yes,Yes,72,Yes,Yes,Fiber optic,Yes,Yes,No,Yes,Yes,No,Two year,No,Bank transfer (automatic),99.13,7275.93,No
2287-TR00714,Female,0,No,No,25,Yes,No,Fiber optic,Yes,No,No,Yes,No,Yes,Month-to-month,Yes,Electronic check,90.06,2233.24,No
3803-TR00381,Male,0,Yes,No,72,Yes,Yes,DSL,Yes,Yes,Yes,Yes,Yes,Yes,Two year,Yes,Bank transfer (automatic),87.97,5935.57,No
3104-TR01654,Female,1,Yes,No,65,No,No phone service,DSL,No,Yes,Yes,No,Yes,No,One year,No,Bank transfer (automatic),41.09,2539.45,No
3085-TR00562,Male,1,Yes,No,37,Yes,Yes,Fiber optic,No,No,Yes,No,Yes,Yes,Month-to-month,Yes,Electronic check,103.9,3766.93,No
6035-TR00154,Male,0,Yes,Yes,72,Yes,Yes,Fiber optic,Yes,No,Yes,No,Yes,Yes,Two year,No,Electronic check,102.89,6999.9,No
7903-TR01344,Male,0,Yes,Yes,13,Yes,No,DSL,No,Yes,Yes,Yes,No,Yes,Month-to-month,Yes,Mailed check,72.9,899.34,No
3277-TR01997,Male,0,Yes,Yes,17,Yes,No,DSL,Yes,No,No,No,No,No,Month-to-month,Yes,Mailed check,50.32,845.81,No
8378-TR01568,Female,1,Yes,No,33,No,No phone service,DSL,Yes,No,Yes,No,No,Yes,Month-to-month,Yes,Electronic check,39.49,1317.69,No
3566-TR02123,Male,0,Yes,Yes,69,Yes,Yes,DSL,No,Yes,Yes,Yes,No,Yes,One year,Yes,Bank transfer (automatic),79.57,5328.37,Yes
3888-TR02561,Female,0,Yes,No,0,Yes,No,DSL,No,No,No,No,Yes,No,Month-to-month,No,Mailed check,53.79,0.56,Yes
7787-TR02390,Male,1,No,No,1,No,No phone service,DSL,No,No,Yes,No,No,Yes,Month-to-month,Yes,Electronic check,39.16,40.37,Yes
4728-TR01680,Male,0,Yes,Yes,44,Yes,Yes,DSL,Yes,No,No,Yes,No,Yes,One year,Yes,Credit card (automatic),74.16,3270.25,No
9084-TR02557,Female,0,Yes,Yes,67,Yes,No,No,No internet service,No internet service,No internet service,No internet service,No internet service,No internet service,Two year,No,Mailed check,18.39,1247.14,No
1338-TR02364,Male,0,No,Yes,14,Yes,No,DSL,No,No,No,No,No,No,One year,No,Mailed check,47.26,651.02,No
7391-TR00954,Female,0,Yes,Yes,36,Yes,No,DSL,Yes,Yes,No,Yes,Yes,Yes,One year,No,Credit card (automatic),75.96,2827.36,Yes
8643-TR00001,Female,0,Yes,Yes,27,Yes,No,No,No internet service,No internet service,No internet service,No internet service,No internet service,No internet service,One year,No,Electronic check,22.49,625.89,No
8668-TR01254,Female,0,No,No,47,Yes,Yes,Fiber optic,No,Yes,Yes,No,Yes,Yes,Two year,Yes,Electronic check,104.61,4723.02,Yes
1678-TR00295,Male,0,Yes,No,54,Yes,No,DSL,No,No,Yes,No,No,No,One year,No,Credit card (automatic),56.73,2993.74,No
2897-TR00988,Male,0,Yes,No,17,Yes,Yes,Fiber optic,No,No,No,No,No,No,Month-to-month,Yes,Electronic check,72.24,1211.13,No
4562-TR02598,Female,0,Yes,No,58,Yes,Yes,DSL,No,Yes,No,Yes,No,No,Two year,Yes,Credit card (automatic),60.14,3469.09,No
3010-TR02054,Female,1,No,No,25,Yes,Yes,Fiber optic,No,No,Yes,No,No,No,Month-to-month,Yes,Electronic check,79.1,2013.37,Yes
6183-TR02177,Female,0,Yes,No,10,Yes,No,Fiber optic,No,No,Yes,No,No,No,Month-to-month,Yes,Bank transfer (automatic),74.18,727.91,Yes
4933-TR02035,Male,0,No,No,8,Yes,No,Fiber optic,No,No,No,No,No,No,Month-to-month,Yes,Electronic check,70.19,568.24,Yes
6117-TR01351,Male,0,No,No,35,Yes,Yes,Fiber optic,No,Yes,Yes,No,Yes,Yes,Month-to-month,Yes,Electronic check,104.66,3597.75,Yes
1165-TR02117,Female,0,Yes,Yes,14,Yes,No,No,No internet service,No internet service,No internet service,No internet service,No internet service,No internet service,One year,No,Mailed check,24.02,348.71,No
6383-TR01124,Female,1,No,No,58,Yes,Yes,Fiber optic,Yes,Yes,Yes,No,Yes,Yes,One year,No,Electronic check,110.95,6989.6,No
4239-TR00132,Female,1,No,No,11,Yes,No,Fiber optic,No,Yes,No,No,Yes,Yes,Month-to-month,Yes,Electronic check,95.1,1077.21,Yes
9338-TR00241,Male,0,No,No,38,Yes,No,DSL,Yes,No,Yes,No,No,No,One year,No,Mailed check,54.95,2065.73,No
4332-TR00761,Male,0,Yes,Yes,43,Yes,Yes,Fiber optic,Yes,No,No,No,Yes,Yes,One year,No,Electronic check,97.44,4133.12,No
7558-TR02128,Male,0,No,No,69,Yes,Yes,Fiber optic,No,Yes,Yes,No,Yes,Yes,Two year,Yes,Bank transfer (automatic),97.98,6620.26,No
6240-TR02380,Female,0,Yes,No,70,Yes,Yes,No,No internet service,No internet service,No internet service,No internet service,No internet service,No internet service,Two year,No,Bank transfer (automatic),28.47,2041.85,No
6091-TR02730,Male,1,Yes,Yes,68,Yes,Yes,Fiber optic,No,Yes,Yes,Yes,Yes,Yes,One year,Yes,Electronic check,110.91,7775.08,No
8108-UXRQN,Female,0,Yes,Yes,11,No,No phone service,DSL,Yes,No,No,No,Yes,Yes,Month-to-month,No,Electronic check,50.55,565.35,No
6207-WIOLX,Female,0,Yes,Yes,25,No,No phone service,DSL,Yes,Yes,Yes,No,Yes,Yes,Month-to-month,Yes,Credit card (automatic),58.6,1502.65,Yes
7972-TR02547,Male,0,No,No,32,Yes,No,DSL,Yes,No,Yes,No,No,No,One year,No,Mailed check,52.95,1768.9,No
1949-TR00128,Female,0,No,No,39,Yes,Yes,Fiber optic,Yes,Yes,Yes,Yes,Yes,Yes,Two year,No,Credit card (automatic),114.23,4435.03,No
7708-TR02544,Male,0,No,No,44,Yes,No,Fiber optic,No,No,No,No,No,No,Month-to-month,No,Credit card (automatic),66.36,2822.65,No
7515-TR02854,Male,0,Yes,Yes,43,Yes,Yes,Fiber optic,No,Yes,No,No,Yes,Yes,Month-to-month,Yes,Electronic check,100.46,4376.3,Yes
5229-TR02434,Female,0,Yes,Yes,72,Yes,Yes,Fiber optic,Yes,Yes,No,Yes,Yes,No,Two year,No,Bank transfer (automatic),98.98,7189.64,No
6741-TR01075,Female,1,Yes,No,35,Yes,Yes,Fiber optic,No,No,No,No,No,No,Month-to-month,Yes,Electronic check,75.12,2761.71,Yes
1151-TR00263,Male,0,No,No,2,No,No phone service,DSL,No,No,No,Yes,No,No,Month-to-month,No,Electronic check,29.05,57.61,No
3269-TR01891,Male,0,No,No,3,Yes,No,No,No internet service,No internet service,No internet service,No internet service,No internet service,No internet service,Month-to-month,No,Bank transfer (automatic),20.52,64.83,No
7009-TR01420,Female,1,No,No,15,Yes,Yes,Fiber optic,No,No,Yes,No,No,No,Month-to-month,Yes,Credit card (automatic),83.56,1275.98,No
2944-TR02565,Male,0,No,No,13,Yes,No,No,No internet service,No internet service,No internet service,No internet service,No internet service,No internet service,Month-to-month,Yes,Mailed check,19.04,239.6,No
4422-TR01456,Male,0,No,No,52,Yes,Yes,Fiber optic,No,Yes,Yes,No,Yes,Yes,Month-to-month,Yes,Bank transfer (automatic),99.15,4922.12,Yes
6457-TR00277,Male,0,Yes,Yes,3,No,No phone service,DSL,No,Yes,No,No,No,No,Month-to-month,No,Electronic check,26.72,83.37,Yes
7646-TR00059,Male,0,No,No,1,Yes,No,Fiber optic,Yes,No,No,No,No,Yes,Month-to-month,Yes,Mailed check,81.08,81.08,Yes
3930-ZGWVE,Male,0,No,No,1,Yes,No,No,No internet service,No internet service,No internet service,No internet service,No internet service,No internet service,Month-to-month,No,Mailed check,19.75,19.75,No
5756-TR01977,Female,0,Yes,No,55,No,No phone service,DSL,Yes,Yes,Yes,No,Yes,Yes,Month-to-month,Yes,Bank transfer (automatic),58.19,3176.68,No
3695-TR02411,Female,1,No,No,16,Yes,No,Fiber optic,No,No,No,Yes,Yes,Yes,Month-to-month,Yes,Electronic check,92.39,1481.79,Yes
4801-TR00877,Female,1,No,No,24,No,No phone service,DSL,Yes,No,No,No,Yes,No,Month-to-month,Yes,Electronic check,41.48,1001.58,Yes
8305-TR01423,Female,0,Yes,No,55,Yes,Yes,Fiber optic,No,Yes,No,Yes,Yes,Yes,Month-to-month,Yes,Credit card (automatic),100.59,5266.47,No
2008-TR00992,Male,0,Yes,No,48,Yes,Yes,Fiber optic,No,Yes,No,No,No,No,One year,Yes,Electronic check,80.74,3693.21,No
3845-TR02648,Male,0,Yes,No,72,Yes,Yes,DSL,Yes,Yes,Yes,Yes,Yes,Yes,Two year,Yes,Bank transfer (automatic),88.77,6209.67,No
7988-TR01397,Female,0,No,No,11,Yes,Yes,Fiber optic,Yes,No,No,No,No,No,Month-to-month,Yes,Electronic check,78.09,817.13,Yes
5412-TR01374,Female,0,Yes,Yes,10,Yes,No,DSL,No,No,No,Yes,Yes,Yes,Month-to-month,Yes,Electronic check,68.74,666.96,No
2436-TR01298,Male,0,Yes,No,5,Yes,Yes,Fiber optic,No,Yes,No,Yes,No,No,Month-to-month,Yes,Electronic check,90.34,429.5,Yes
4258-TR01409,Female,1,No,No,20,Yes,No,Fiber optic,Yes,Yes,No,Yes,Yes,Yes,Month-to-month,Yes,Mailed check,105.25,2119.72,No
3457-TR00404,Female,0,No,No,11,Yes,No,No,No internet service,No internet service,No internet service,No internet service,No internet service,No internet service,One year,Yes,Bank transfer (automatic),18.0,208.67,No
8196-TR02717,Male,0,Yes,Yes,28,Yes,Yes,No,No internet service,No internet service,No internet service,No internet service,No internet service,No internet service,Two year,Yes,Bank transfer (automatic),23.65,661.52,No
9077-TR00055,Female,0,No,No,26,Yes,Yes,Fiber optic,No,No,No,No,No,No,One year,Yes,Credit card (automatic),76.86,2070.87,No
8443-TR01508,Female,1,Yes,No,4,Yes,Yes,Fiber optic,No,Yes,No,No,No,No,Month-to-month,Yes,Credit card (automatic),79.83,317.6,Yes
8595-TR02212,Female,0,No,No,36,Yes,No,Fiber optic,No,Yes,No,Yes,No,No,One year,Yes,Bank transfer (automatic),76.65,2795.08,No
7812-TR02302,Male,0,No,Yes,29,Yes,No,DSL,No,Yes,Yes,No,Yes,No,One year,No,Credit card (automatic),64.59,1887.93,No
6130-TR02026,Male,0,No,Yes,0,Yes,No,No,No internet service,No internet service,No internet service,No internet service,No internet service,No internet service,Month-to-month,No,Mailed check,18.0,0.0,No
4818-TR00844,Female,0,No,No,4,Yes,Yes,Fiber optic,No,No,No,No,No,No,Month-to-month,Yes,Electronic check,71.96,277.66,Yes
8280-TR01952,Female,0,Yes,Yes,67,Yes,Yes,Fiber optic,Yes,Yes,Yes,Yes,Yes,Yes,Two year,No,Credit card (automatic),112.79,7377.7,No
6013-TR02792,Female,0,No,No,8,Yes,Yes,Fiber optic,No,No,No,No,Yes,Yes,Month-to-month,No,Electronic check,100.24,780.92,Yes
3184-TR02732,Female,0,No,No,38,Yes,No,Fiber optic,No,Yes,No,No,Yes,Yes,Month-to-month,Yes,Credit card (automatic),97.66,4014.6,No
7655-TR02716,Male,0,Yes,Yes,69,Yes,Yes,Fiber optic,Yes,No,Yes,No,Yes,Yes,Two year,No,Electronic check,105.52,7485.7,No
5923-TR01046,Female,0,Yes,Yes,50,Yes,No,No,No internet service,No internet service,No internet service,No internet service,No internet service,No internet service,Two year,No,Bank transfer (automatic),21.38,1128.34,No
4414-TR02365,Male,1,No,No,9,Yes,No,Fiber optic,No,Yes,No,No,No,No,Month-to-month,Yes,Electronic check,75.76,675.87,Yes
2604-TR00160,Male,0,Yes,Yes,13,Yes,No,DSL,Yes,No,No,No,No,No,Month-to-month,Yes,Mailed check,47.11,570.66,No
2726-TR00620,Male,0,Yes,Yes,70,Yes,Yes,Fiber optic,Yes,No,Yes,No,Yes,Yes,Two year,No,Electronic check,104.32,7389.36,No
3425-TR01864,Female,0,No,No,5,Yes,No,DSL,No,Yes,No,Yes,Yes,Yes,Month-to-month,Yes,Electronic check,74.82,345.31,No
3345-TR00906,Female,0,No,No,8,Yes,No,No,No internet service,No internet service,No internet service,No internet service,No internet service,No internet service,Month-to-month,No,Mailed check,19.18,159.75,No
2379-TR00981,Male,0,Yes,No,70,No,No phone service,DSL,Yes,Yes,Yes,No,No,No,Two year,No,Bank transfer (automatic),42.48,2931.12,No
1413-TR01798,Female,0,Yes,No,8,Yes,No,Fiber optic,No,No,Yes,No,No,No,Month-to-month,Yes,Bank transfer (automatic),74.18,587.79,Yes
7469-LKBCI,Male,0,No,No,16,Yes,No,No,No internet service,No internet service,No internet service,No internet service,No internet service,No internet service,Two year,No,Credit card (automatic),18.95,326.8,No
4404-TR00681,Male,1,Yes,No,20,Yes,No,DSL,Yes,Yes,No,No,No,Yes,Month-to-month,Yes,Bank transfer (automatic),67.72,1340.71,No
5015-TR02664,Female,0,Yes,Yes,70,Yes,No,No,No internet service,No internet service,No internet service,No internet service,No internet service,No internet service,Two year,No,Bank transfer (automatic),19.05,1308.43,No
1355-TR00690,Male,0,Yes,Yes,51,Yes,Yes,No,No internet service,No internet service,No internet service,No internet service,No internet service,No internet service,Two year,No,Mailed check,24.04,1267.43,No
8023-TR00956,Male,0,Yes,Yes,53,Yes,No,DSL,Yes,Yes,No,Yes,No,No,Month-to-month,No,Credit card (automatic),58.43,3178.28,No
3152-TR01932,Female,0,No,No,3,Yes,No,DSL,No,Yes,No,Yes,Yes,Yes,Month-to-month,Yes,Electronic check,76.14,228.59,No
4199-TR01125,Male,0,No,No,2,Yes,No,Fiber optic,No,No,No,No,No,No,Month-to-month,Yes,Electronic check,73.72,153.98,Yes
1172-TR00991,Female,0,Yes,Yes,65,No,No phone service,DSL,No,Yes,Yes,Yes,Yes,Yes,Two year,Yes,Electronic check,60.67,3922.17,No
3834-TR02194,Male,0,No,No,2,Yes,No,DSL,No,No,No,No,No,No,Month-to-month,Yes,Credit card (automatic),46.5,92.46,Yes
1984-GPTEH,Female,0,No,No,29,Yes,Yes,No,No internet service,No internet service,No internet service,No internet service,No internet service,No internet service,Month-to-month,No,Electronic check,25.15,702.0,No
7739-TR01193,Male,0,Yes,No,71,No,No phone service,DSL,Yes,Yes,Yes,No,No,No,Two year,No,Bank transfer (automatic),42.41,2973.71,No
4104-TR02629,Male,1,No,No,16,Yes,No,Fiber optic,No,Yes,No,No,No,No,Month-to-month,Yes,Electronic check,76.34,1220.57,Yes
7520-HQWJU,Female,0,Yes,Yes,66,Yes,Yes,DSL,Yes,Yes,Yes,No,No,No,Month-to-month,Yes,Bank transfer (automatic),67.45,4508.65,No
8150-TR01062,Male,0,No,No,2,Yes,No,DSL,Yes,Yes,No,No,No,No,Month-to-month,Yes,Mailed check,47.75,93.66,Yes
6478-TR00444,Male,1,No,No,15,Yes,Yes,Fiber optic,No,Yes,Yes,No,Yes,Yes,Month-to-month,Yes,Electronic check,113.05,1767.96,Yes
6813-TR01799,Male,0,Yes,No,60,Yes,No,DSL,No,No,Yes,No,No,No,One year,No,Credit card (automatic),49.42,2908.3,No
1214-TR02587,Male,0,Yes,Yes,5,Yes,Yes,Fiber optic,No,Yes,Yes,No,No,No,Month-to-month,Yes,Bank transfer (automatic),76.81,383.17,Yes
2701-TR01379,Female,0,Yes,Yes,20,Yes,No,No,No internet service,No internet service,No internet service,No internet service,No internet service,No internet service,One year,No,Mailed check,24.31,498.86,No
5799-TR01271,Male,0,No,No,12,Yes,Yes,Fiber optic,No,Yes,No,No,Yes,Yes,Month-to-month,Yes,Credit card (automatic),97.8,1165.65,No
8804-TR01818,Female,0,No,No,29,Yes,Yes,No,No internet service,No internet service,No internet service,No internet service,No internet service,No internet service,Month-to-month,No,Electronic check,22.64,705.11,No
6160-TR00341,Male,0,No,No,59,Yes,Yes,Fiber optic,No,Yes,No,No,Yes,No,Month-to-month,Yes,Bank transfer (automatic),89.29,5115.74,No
7493-TR02533,Male,1,Yes,Yes,63,Yes,Yes,Fiber optic,Yes,No,Yes,Yes,Yes,Yes,Two year,Yes,Bank transfer (automatic),107.42,6345.74,No
6985-TR01828,Male,0,No,Yes,1,Yes,No,No,No internet service,No internet service,No internet service,No internet service,No internet service,No internet service,Month-to-month,No,Mailed check,25.47,25.47,No
6038-TR01347,Male,0,Yes,No,72,No,No phone service,DSL,Yes,Yes,Yes,No,No,No,Two year,No,Bank transfer (automatic),42.0,3089.63,No
9979-TR00997,Female,0,Yes,No,0,Yes,No,DSL,No,No,No,No,Yes,No,Month-to-month,No,Mailed check,57.01,0.0,Yes
8091-TR02203,Female,0,No,No,8,Yes,No,Fiber optic,No,No,No,No,No,Yes,Month-to-month,Yes,Bank transfer (automatic),80.44,652.88,Yes
5935-TR01087,Male,1,No,No,2,Yes,No,Fiber optic,No,No,No,Yes,No,No,Month-to-month,No,Electronic check,72.34,149.98,No
9575-TR00286,Female,1,Yes,No,37,Yes,Yes,Fiber optic,No,No,No,No,No,No,Month-to-month,Yes,Electronic check,75.36,2823.57,Yes
5243-TR00035,Male,0,No,No,72,Yes,Yes,Fiber optic,No,Yes,Yes,No,Yes,Yes,Two year,Yes,Bank transfer (automatic),96.06,6651.95,No
4372-TR01598,Male,0,No,No,8,Yes,No,Fiber optic,No,No,No,No,No,No,Month-to-month,Yes,Electronic check,73.02,549.94,Yes
2278-TR00599,Male,0,No,Yes,60,Yes,No,No,No internet service,No internet service,No internet service,No internet service,No internet service,No internet service,Two year,Yes,Mailed check,22.51,1337.89,No
7257-TR00850,Female,0,Yes,No,43,Yes,Yes,DSL,No,Yes,No,No,No,No,Month-to-month,No,Credit card (automatic),51.67,2218.06,No
7461-TR00487,Male,0,Yes,No,6,Yes,Yes,Fiber optic,No,Yes,No,Yes,No,No,Month-to-month,Yes,Electronic check,86.68,545.47,Yes
2294-SALNE,Male,0,Yes,Yes,23,Yes,No,Fiber optic,No,Yes,Yes,Yes,No,No,One year,No,Mailed check,86.8,1940.8,No
6814-TR01491,Male,0,Yes,Yes,58,Yes,No,No,No internet service,No internet service,No internet service,No internet service,No internet service,No internet service,Two year,No,Credit card (automatic),21.82,1307.37,No
4454-TR01611,Male,0,No,No,1,Yes,No,DSL,Yes,Yes,No,No,No,No,Month-to-month,Yes,Mailed check,51.91,54.53,Yes
8004-TR02190,Female,0,Yes,Yes,13,Yes,No,DSL,Yes,No,No,No,No,No,One year,No,Mailed check,44.51,595.12,No
8597-CWYHH,Male,0,No,No,43,Yes,Yes,Fiber optic,No,No,No,No,Yes,Yes,One year,No,Mailed check,94.35,3921.3,No
2331-TR00556,Female,0,Yes,Yes,72,Yes,Yes,Fiber optic,Yes,Yes,No,No,Yes,Yes,One year,Yes,Electronic check,100.22,7383.45,No
1852-TR02746,Female,0,No,No,48,Yes,No,No,No internet service,No internet service,No internet service,No internet service,No internet service,No internet service,One year,No,Mailed check,20.58,975.36,No
2080-TR02791,Female,1,Yes,No,68,No,No phone service,DSL,No,Yes,Yes,No,Yes,No,One year,No,Bank transfer (automatic),45.15,3184.77,No
5416-TR01874,Male,0,Yes,No,34,Yes,Yes,Fiber optic,No,No,No,Yes,Yes,No,Month-to-month,Yes,Credit card (automatic),88.47,2959.82,No
7874-TR01303,Female,0,No,No,40,Yes,No,No,No internet service,No internet service,No internet service,No internet service,No internet service,No internet service,Two year,No,Mailed check,20.91,874.54,No
9629-TR00750,Male,1,Yes,Yes,70,Yes,Yes,Fiber optic,No,Yes,Yes,Yes,Yes,Yes,One year,Yes,Electronic check,108.58,7927.99,No
7028-TR02371,Male,0,Yes,Yes,12,Yes,No,DSL,No,Yes,No,No,No,No,One year,No,Mailed check,48.27,584.71,No
8513-TR01251,Female,0,No,No,7,Yes,No,No,No internet service,No internet service,No internet service,No internet service,No internet service,No internet service,Month-to-month,No,Mailed check,21.87,152.07,No
3760-TR01838,Female,0,No,No,55,Yes,No,No,No internet service,No internet service,No internet service,No internet service,No internet service,No internet service,One year,No,Mailed check,20.07,1130.98,No
4836-TR01571,Female,0,Yes,No,2,Yes,No,DSL,No,No,No,No,Yes,No,Month-to-month,No,Mailed check,55.75,105.9,Yes
8202-TR00777,Female,0,No,No,45,Yes,No,Fiber optic,No,No,Yes,No,No,No,Month-to-month,Yes,Credit card (automatic),72.96,3352.98,No
6388-TABGU,Male,0,No,Yes,62,Yes,No,DSL,Yes,Yes,No,No,No,No,One year,No,Bank transfer (automatic),56.15,3487.95,No
4072-TR02314,Female,0,Yes,Yes,43,Yes,No,No,No internet service,No internet service,No internet service,No internet service,No internet service,No internet service,Two year,Yes,Mailed check,22.73,959.24,No
9489-DEDVP,Female,0,Yes,Yes,70,Yes,Yes,DSL,Yes,Yes,No,No,Yes,No,Two year,Yes,Credit card (automatic),69.2,4872.35,No
7670-TR00212,Male,0,No,No,13,Yes,No,No,No internet service,No internet service,No internet service,No internet service,No internet service,No internet service,Two year,No,Mailed check,20.01,250.24,No
6285-TR00459,Male,0,No,No,49,Yes,Yes,DSL,Yes,No,No,Yes,Yes,Yes,Two year,Yes,Credit card (automatic),81.0,4096.99,No
6317-TR02694,Female,1,Yes,No,0,Yes,No,Fiber optic,No,No,No,No,No,No,Month-to-month,Yes,Mailed check,72.93,0.21,Yes
3957-SQXML,Female,0,Yes,Yes,34,Yes,Yes,No,No internet service,No internet service,No internet service,No internet service,No internet service,No internet service,Two year,No,Credit card (automatic),24.95,894.3,No
3850-TR00531,Male,0,No,No,22,Yes,No,Fiber optic,Yes,No,Yes,Yes,Yes,Yes,Month-to-month,Yes,Electronic check,111.33,2510.29,No
2853-TR01461,Male,0,No,No,4,Yes,No,No,No internet service,No internet service,No internet service,No internet service,No internet service,No internet service,Month-to-month,No,Mailed check,21.17,82.57,No
8815-TR02903,Female,0,No,No,11,No,No phone service,DSL,Yes,No,No,No,No,No,Month-to-month,No,Mailed check,30.61,327.82,No
2875-TR02138,Female,0,Yes,No,67,Yes,Yes,DSL,Yes,Yes,Yes,Yes,Yes,Yes,Two year,No,Credit card (automatic),83.05,5553.48,No
9991-TR01096,Female,0,No,No,7,Yes,No,DSL,No,Yes,No,Yes,Yes,Yes,Month-to-month,Yes,Electronic check,76.26,547.41,No
4819-TR02378,Female,0,Yes,Yes,44,Yes,Yes,No,No internet service,No internet service,No internet service,No internet service,No internet service,No internet service,One year,Yes,Credit card (automatic),27.05,1215.41,No
3609-TR00973,Male,0,Yes,Yes,24,Yes,No,No,No internet service,No internet service,No internet service,No internet service,No internet service,No internet service,One year,No,Mailed check,21.08,509.9,No
3767-TR02339,Male,0,No,No,61,Yes,Yes,Fiber optic,Yes,Yes,No,No,No,No,One year,Yes,Credit card (automatic),86.6,4996.81,No
9587-TR02106,Female,0,No,No,70,Yes,Yes,DSL,No,Yes,Yes,Yes,Yes,Yes,Two year,No,Bank transfer (automatic),81.94,5606.67,No
6816-TR01305,Female,0,No,No,24,Yes,No,Fiber optic,Yes,No,No,No,No,No,Month-to-month,Yes,Bank transfer (automatic),73.08,1710.52,No
7482-TR02634,Male,0,Yes,No,62,No,No phone service,DSL,Yes,Yes,Yes,Yes,Yes,No,Two year,Yes,Bank transfer (automatic),52.57,3188.13,No
6542-TR01314,Female,0,No,Yes,3,Yes,Yes,No,No internet service,No internet service,No internet service,No internet service,No internet service,No internet service,Month-to-month,No,Mailed check,23.36,71.71,No
5085-TR02808,Male,0,No,No,20,Yes,No,No,No internet service,No internet service,No internet service,No internet service,No internet service,No internet service,Two year,No,Mailed check,21.31,403.57,No
3693-TR00478,Female,0,No,No,23,Yes,No,Fiber optic,Yes,No,Yes,Yes,Yes,Yes,Month-to-month,Yes,Electronic check,106.79,2443.63,Yes
6004-TR02698,Male,0,No,No,20,Yes,No,No,No internet service,No internet service,No internet service,No internet service,No internet service,No internet service,Two year,No,Credit card (automatic),20.1,398.24,No
1334-TR02651,Male,0,No,No,65,No,No phone service,DSL,Yes,Yes,No,Yes,Yes,Yes,Two year,Yes,Bank transfer (automatic),56.79,3699.7,No
1192-TR01727,Male,0,No,Yes,31,Yes,No,DSL,No,Yes,Yes,No,Yes,No,One year,No,Credit card (automatic),61.79,1900.39,No
2749-TR02571,Female,1,Yes,No,5,Yes,No,Fiber optic,No,No,No,No,No,No,Month-to-month,Yes,Mailed check,68.18,350.14,Yes
5992-TR00792,Female,0,No,No,11,Yes,Yes,Fiber optic,No,No,No,No,Yes,Yes,Month-to-month,No,Electronic check,97.13,1037.48,Yes
3287-TR02061,Female,1,Yes,No,70,Yes,Yes,Fiber optic,Yes,Yes,Yes,Yes,No,No,Two year,Yes,Credit card (automatic),98.24,6974.45,No
5242-TR01476,Male,0,Yes,Yes,56,Yes,No,No,No internet service,No internet service,No internet service,No internet service,No internet service,No internet service,Two year,No,Credit card (automatic),18.36,997.54,No
8820-TR01032,Male,1,Yes,No,68,Yes,Yes,No,No internet service,No internet service,No internet service,No internet service,No internet service,No internet service,Two year,No,Bank transfer (automatic),23.15,1659.06,No
9004-TR02691,Female,0,No,No,30,Yes,No,Fiber optic,No,Yes,No,Yes,No,No,One year,Yes,Bank transfer (automatic),76.7,2239.76,No
9731-TR02788,Female,0,No,No,5,Yes,Yes,Fiber optic,No,No,No,No,No,No,Month-to-month,Yes,Electronic check,73.62,373.64,Yes
9087-TR01678,Male,0,No,No,5,Yes,No,No,No internet service,No internet service,No internet service,No internet service,No internet service,No internet service,Month-to-month,No,Mailed check,22.24,109.31,Yes
2918-TR02532,Male,0,No,No,5,No,No phone service,DSL,No,No,No,Yes,No,No,Month-to-month,No,Electronic check,27.02,139.46,No
8365-TR01110,Female,0,Yes,No,50,Yes,Yes,Fiber optic,No,No,Yes,No,Yes,Yes,Month-to-month,Yes,Electronic check,101.22,5084.66,No
2125-TR01871,Female,0,Yes,Yes,64,Yes,Yes,DSL,Yes,Yes,Yes,Yes,Yes,Yes,Two year,No,Mailed check,92.12,5796.17,No
8045-TR02125,Female,0,Yes,No,54,Yes,Yes,Fiber optic,No,Yes,Yes,No,Yes,Yes,Month-to-month,Yes,Electronic check,103.55,5687.53,Yes
3052-TR01679,Female,0,No,No,14,Yes,No,No,No internet service,No internet service,No internet service,No internet service,No internet service,No internet service,One year,No,Electronic check,18.0,246.45,No
5237-TR00870,Male,1,No,No,0,No,No phone service,DSL,No,No,Yes,No,No,Yes,Month-to-month,Yes,Electronic check,40.82,0.0,Yes
6142-TR00670,Female,0,Yes,Yes,72,Yes,No,Fiber optic,No,No,Yes,No,No,No,Two year,No,Electronic check,70.99,5131.25,No
6023-TR02801,Male,0,No,Yes,41,Yes,Yes,Fiber optic,No,Yes,No,No,No,No,Month-to-month,Yes,Mailed check,79.84,3445.81,No
1740-TR01622,Male,0,No,No,0,Yes,No,No,No internet service,No internet service,No internet service,No internet service,No internet service,No internet service,Month-to-month,No,Mailed check,22.99,0.0,Yes
3767-TR00105,Female,0,Yes,Yes,40,Yes,No,DSL,Yes,Yes,No,Yes,Yes,Yes,One year,No,Credit card (automatic),80.39,3206.74,Yes
2894-TR00291,Female,0,No,No,3,Yes,No,DSL,Yes,Yes,No,No,No,No,Month-to-month,No,Mailed check,56.3,171.1,No
3367-TR00655,Male,0,No,Yes,12,Yes,No,Fiber optic,No,No,No,No,Yes,No,Month-to-month,Yes,Credit card (automatic),79.06,952.39,No
7574-TR00411,Female,0,No,No,3,Yes,No,DSL,No,No,No,No,No,No,Month-to-month,No,Mailed check,46.77,139.85,No
5040-TR00138,Female,0,Yes,Yes,4,Yes,No,No,No internet service,No internet service,No internet service,No internet service,No internet service,No internet service,Month-to-month,No,Mailed check,21.85,93.05,No
8503-TR01395,Male,0,No,No,6,Yes,Yes,No,No internet service,No internet service,No internet service,No internet service,No internet service,No internet service,Two year,No,Bank transfer (automatic),26.97,169.67,No
1248-DYXUB,Male,0,Yes,Yes,52,Yes,Yes,No,No internet service,No internet service,No internet service,No internet service,No internet service,No internet service,Two year,No,Mailed check,24.8,1229.1,No
4190-MFLUW,Female,0,Yes,Yes,10,Yes,No,DSL,No,No,Yes,Yes,No,No,Month-to-month,No,Credit card (automatic),55.2,528.35,Yes
7470-TR00030,Female,0,Yes,Yes,69,Yes,Yes,Fiber optic,Yes,Yes,No,Yes,Yes,No,Two year,No,Bank transfer (automatic),99.37,6959.61,No
7850-TR02469,Female,0,Yes,Yes,72,Yes,No,No,No internet service,No internet service,No internet service,No internet service,No internet service,No internet service,Two year,No,Bank transfer (automatic),18.04,1355.1,No
1879-TR01963,Male,1,Yes,No,57,No,No phone service,DSL,No,Yes,Yes,No,No,Yes,Month-to-month,Yes,Electronic check,49.49,2759.33,Yes
5403-TR00872,Female,0,Yes,No,4,Yes,No,DSL,No,No,No,No,No,No,Month-to-month,Yes,Credit card (automatic),48.91,196.81,Yes
6422-TR01159,Female,0,No,No,10,Yes,Yes,Fiber optic,No,No,No,No,No,Yes,Month-to-month,Yes,Electronic check,87.22,848.56,No
5940-AHUHD,Male,0,No,No,1,Yes,No,Fiber optic,No,No,No,No,No,No,Month-to-month,No,Mailed check,70.6,70.6,Yes
3896-TR01419,Female,0,No,No,18,Yes,No,Fiber optic,Yes,Yes,No,No,Yes,Yes,Month-to-month,Yes,Credit card (automatic),93.23,1701.05,Yes
4529-TR00283,Male,0,Yes,Yes,63,Yes,No,No,No internet service,No internet service,No internet service,No internet service,No internet service,No internet service,Two year,No,Credit card (automatic),18.0,1106.52,No
1095-TR02166,Male,0,No,No,57,Yes,Yes,DSL,No,Yes,Yes,Yes,No,Yes,Two year,Yes,Bank transfer (automatic),76.47,4213.66,No
1534-TR00046,Male,0,No,Yes,34,Yes,Yes,Fiber optic,No,Yes,No,No,No,No,Month-to-month,Yes,Mailed check,80.4,2703.26,No
9566-TR01753,Male,0,Yes,No,57,Yes,Yes,Fiber optic,Yes,Yes,No,No,Yes,No,Month-to-month,Yes,Electronic check,95.41,5330.97,Yes
3800-TR01536,Female,0,No,No,49,Yes,No,DSL,Yes,No,Yes,Yes,No,No,One year,No,Credit card (automatic),59.37,2894.89,No
3673-TR00632,Male,0,Yes,Yes,67,Yes,Yes,Fiber optic,Yes,No,Yes,No,Yes,Yes,Two year,No,Electronic check,106.93,7609.51,No
4622-YNKIJ,Male,0,No,No,33,Yes,No,Fiber optic,Yes,No,No,Yes,Yes,No,Two year,Yes,Electronic check,88.95,3027.65,No
2998-TR00083,Female,0,No,No,50,Yes,Yes,Fiber optic,No,No,No,No,No,Yes,Month-to-month,Yes,Electronic check,89.0,4610.24,No
7618-TR02373,Female,0,Yes,Yes,6,Yes,No,No,No internet service,No internet service,No internet service,No internet service,No internet service,No internet service,Month-to-month,No,Mailed check,25.96,148.46,No
3150-TR01478,Female,0,No,No,0,Yes,No,DSL,No,No,No,No,No,No,Month-to-month,No,Mailed check,46.47,0.57,No
9629-TR01170,Female,0,Yes,Yes,63,Yes,Yes,Fiber optic,Yes,No,No,No,Yes,Yes,One year,Yes,Credit card (automatic),101.19,6616.27,No
8167-GJLRN,Male,0,No,No,3,No,No phone service,DSL,No,No,No,Yes,No,No,Month-to-month,No,Electronic check,30.4,82.15,No
1593-TR00403,Male,0,Yes,Yes,27,Yes,Yes,Fiber optic,No,Yes,No,Yes,No,No,Month-to-month,Yes,Credit card (automatic),83.27,2361.74,No
3392-TR02877,Male,0,Yes,No,72,Yes,Yes,DSL,Yes,Yes,Yes,Yes,Yes,Yes,Two year,Yes,Bank transfer (automatic),86.63,6237.42,No
5122-CYFXA,Female,0,No,No,3,Yes,No,DSL,No,Yes,No,Yes,Yes,Yes,Month-to-month,Yes,Electronic check,75.3,244.1,No
7296-TR02709,Female,0,No,No,0,Yes,No,No,No internet service,No internet service,No internet service,No internet service,No internet service,No internet service,Month-to-month,Yes,Bank transfer (automatic),19.58,0.0,No
3436-TR00183,Male,0,No,No,53,Yes,Yes,No,No internet service,No internet service,No internet service,No internet service,No internet service,No internet service,Two year,No,Bank transfer (automatic),23.3,1224.59,No
2790-TR01656,Male,0,No,No,2,No,No phone service,DSL,No,No,No,No,No,Yes,Month-to-month,Yes,Electronic check,35.53,70.3,Yes
8614-TR01687,Male,0,Yes,No,31,Yes,Yes,Fiber optic,No,No,No,Yes,Yes,No,Month-to-month,Yes,Credit card (automatic),91.99,2834.14,No
2348-TR00520,Female,0,No,No,4,Yes,No,Fiber optic,No,No,No,No,Yes,No,Month-to-month,Yes,Bank transfer (automatic),80.07,303.31,No
5091-TR02668,Male,0,Yes,Yes,30,Yes,No,Fiber optic,No,Yes,Yes,No,No,No,Month-to-month,No,Bank transfer (automatic),81.16,2392.69,No
9149-TR01660,Female,0,No,No,7,No,No phone service,DSL,Yes,No,No,No,No,No,Month-to-month,No,Mailed check,27.71,208.09,No
4450-TR02415,Female,1,Yes,No,15,Yes,No,Fiber optic,No,No,No,Yes,Yes,No,Month-to-month,Yes,Electronic check,82.75,1285.68,No
8913-TR02679,Female,0,No,No,41,Yes,No,Fiber optic,No,Yes,Yes,Yes,Yes,Yes,Month-to-month,Yes,Bank transfer (automatic),106.2,4240.65,No
3629-TR02855,Male,0,Yes,Yes,32,Yes,No,Fiber optic,No,Yes,Yes,No,No,No,Month-to-month,No,Bank transfer (automatic),77.94,2513.97,No
9657-TR00871,Female,0,No,No,11,Yes,No,Fiber optic,No,Yes,Yes,No,No,No,Month-to-month,Yes,Electronic check,80.15,888.69,Yes
4279-TR01511,Female,0,Yes,Yes,49,Yes,No,No,No internet service,No internet service,No internet service,No internet service,No internet service,No internet service,Two year,Yes,Mailed check,24.01,1183.87,No
8077-TR02028,Female,0,No,No,1,Yes,No,Fiber optic,No,No,No,No,No,No,Month-to-month,Yes,Bank transfer (automatic),70.92,70.92,Yes
4847-TAJYI,Female,1,No,No,6,Yes,No,Fiber optic,No,No,No,No,Yes,Yes,Month-to-month,Yes,Electronic check,89.35,567.8,No
1743-TR00120,Female,0,No,No,6,Yes,No,Fiber optic,No,No,No,No,No,No,Month-to-month,Yes,Electronic check,66.91,423.71,Yes
4098-TR00252,Male,0,Yes,Yes,30,Yes,No,DSL,Yes,No,Yes,No,Yes,Yes,One year,No,Credit card (automatic),70.48,2066.82,No
9926-TR00900,Female,0,No,No,7,Yes,Yes,Fiber optic,No,No,No,No,No,No,Month-to-month,Yes,Electronic check,75.89,538.62,Yes
3497-TR00445,Female,0,No,No,15,Yes,No,Fiber optic,Yes,No,Yes,Yes,Yes,Yes,Month-to-month,Yes,Electronic check,108.22,1581.97,Yes
5408-TR00017,Male,0,No,No,19,Yes,No,No,No internet service,No internet service,No internet service,No internet service,No internet service,No internet service,Two year,No,Credit card (automatic),19.05,346.7,No
8783-TR02362,Male,1,Yes,Yes,67,Yes,Yes,Fiber optic,No,Yes,Yes,Yes,Yes,Yes,One year,Yes,Electronic check,110.22,7555.53,No
5270-TR00600,Female,0,Yes,Yes,54,Yes,Yes,Fiber optic,No,No,Yes,No,Yes,Yes,One year,Yes,Credit card (automatic),100.87,5390.61,No
6100-TR00838,Male,0,No,No,53,Yes,Yes,Fiber optic,Yes,Yes,Yes,Yes,Yes,Yes,One year,No,Credit card (automatic),120.0,6268.75,No
5615-TR01156,Male,0,No,No,25,No,No phone service,DSL,Yes,No,No,No,Yes,Yes,One year,Yes,Mailed check,50.01,1296.91,No
7315-TR02806,Female,0,Yes,No,22,Yes,No,Fiber optic,Yes,Yes,No,Yes,Yes,No,Month-to-month,Yes,Electronic check,99.51,2157.59,No
2656-FMOKZ,Female,1,No,No,15,Yes,Yes,Fiber optic,No,No,No,No,No,No,Month-to-month,Yes,Mailed check,74.45,1145.7,Yes
2916-TR01847,Female,0,Yes,Yes,18,Yes,No,No,No internet service,No internet service,No internet service,No internet service,No internet service,No internet service,One year,No,Mailed check,20.88,404.41,No
6104-TR00428,Male,0,No,No,3,Yes,No,DSL,No,No,No,Yes,No,No,Month-to-month,No,Mailed check,45.85,132.26,No
6765-TR01127,Male,0,Yes,No,0,Yes,No,Fiber optic,No,No,No,No,No,No,Month-to-month,No,Electronic check,74.0,0.2,Yes
6404-TR02517,Female,0,Yes,Yes,19,Yes,No,DSL,No,No,Yes,Yes,No,No,One year,Yes,Credit card (automatic),49.41,924.22,No
3198-TR00688,Male,0,No,Yes,38,Yes,Yes,Fiber optic,No,Yes,No,No,No,No,Month-to-month,Yes,Mailed check,87.01,3442.89,No
7293-TR01958,Male,0,No,No,46,Yes,No,Fiber optic,Yes,Yes,No,Yes,No,Yes,Month-to-month,Yes,Credit card (automatic),91.14,4245.71,No
7283-TR01246,Female,0,No,No,1,No,No phone service,DSL,No,Yes,No,No,No,No,Month-to-month,No,Bank transfer (automatic),28.67,31.43,Yes
7652-TR02507,Female,0,No,No,8,No,No phone service,DSL,Yes,No,No,No,No,No,Month-to-month,No,Mailed check,26.38,207.62,No
9724-TR01257,Male,0,Yes,Yes,44,Yes,Yes,Fiber optic,Yes,No,No,No,Yes,Yes,One year,No,Electronic check,98.34,4245.32,No
2679-TR02292,Male,1,Yes,No,22,Yes,Yes,Fiber optic,No,No,No,No,No,Yes,Month-to-month,No,Electronic check,85.73,1899.42,No
3233-TR00070,Male,0,Yes,Yes,34,Yes,Yes,DSL,Yes,No,Yes,Yes,No,No,Two year,Yes,Credit card (automatic),63.28,2225.72,No
3533-TR00689,Male,0,Yes,Yes,4,No,No phone service,DSL,No,Yes,No,No,No,No,Month-to-month,No,Electronic check,33.75,139.73,Yes
9959-WOFKT,Male,0,No,Yes,71,Yes,Yes,Fiber optic,Yes,No,Yes,No,Yes,Yes,Two year,No,Bank transfer (automatic),106.7,7382.25,No
6437-TR00692,Female,0,No,No,37,Yes,No,Fiber optic,No,Yes,No,No,Yes,Yes,Month-to-month,Yes,Credit card (automatic),94.24,3607.06,No
4332-TR02172,Male,0,Yes,Yes,51,Yes,Yes,No,No internet service,No internet service,No internet service,No internet service,No internet service,No internet service,Two year,No,Mailed check,26.1,1297.83,No
7052-TR00901,Female,0,No,No,22,Yes,Yes,Fiber optic,No,No,No,No,No,No,One year,Yes,Credit card (automatic),77.41,1711.92,No
9712-TR01740,Male,0,No,No,13,Yes,No,No,No internet service,No internet service,No internet service,No internet service,No internet service,No internet service,Month-to-month,Yes,Mailed check,20.81,286.19,No
7224-TR01882,Female,0,Yes,No,72,Yes,Yes,No,No internet service,No internet service,No internet service,No internet service,No internet service,No internet service,Two year,No,Bank transfer (automatic),23.77,1719.39,No
6631-TR00828,Female,1,Yes,No,8,Yes,Yes,Fiber optic,No,Yes,No,No,No,No,Month-to-month,Yes,Credit card (automatic),84.17,680.22,Yes
3793-TR02103,Male,0,No,No,12,Yes,No,No,No internet service,No internet service,No internet service,No internet service,No internet service,No internet service,Two year,No,Credit card (automatic),19.02,218.18,No
6345-FZOQH,Male,0,Yes,No,69,Yes,No,No,No internet service,No internet service,No internet service,No internet service,No internet service,No internet service,Two year,No,Mailed check,19.9,1363.45,No
5485-TR00326,Female,0,No,No,1,Yes,No,Fiber optic,No,No,No,No,Yes,No,Month-to-month,Yes,Electronic check,80.54,80.54,Yes
5305-TR02406,Female,0,No,No,11,Yes,No,Fiber optic,No,Yes,No,Yes,No,No,Month-to-month,Yes,Credit card (automatic),75.54,831.76,No
2548-TR00882,Female,0,Yes,Yes,72,Yes,Yes,Fiber optic,Yes,Yes,No,Yes,Yes,No,Two year,No,Bank transfer (automatic),96.29,6731.7,No
5736-TR00889,Female,0,No,No,29,Yes,No,No,No internet service,No internet service,No internet service,No internet service,No internet service,No internet service,One year,No,Bank transfer (automatic),21.0,617.0,No
7908-TR02252,Male,0,No,No,5,Yes,No,No,No internet service,No internet service,No internet service,No internet service,No internet service,No internet service,Month-to-month,No,Bank transfer (automatic),18.0,85.0,No
5774-TR02060,Female,0,No,No,40,Yes,No,No,No internet service,No internet service,No internet service,No internet service,No internet service,No internet service,Two year,No,Mailed check,24.63,994.33,No
1954-TR00321,Male,0,No,No,48,Yes,Yes,DSL,Yes,No,No,Yes,Yes,Yes,Two year,Yes,Credit card (automatic),78.86,3505.84,No
8544-TR01220,Female,0,No,No,45,Yes,Yes,Fiber optic,No,Yes,Yes,No,Yes,Yes,Two year,Yes,Electronic check,106.86,4656.28,Yes
7573-TR01173,Female,0,Yes,No,72,Yes,Yes,No,No internet service,No internet service,No internet service,No internet service,No internet service,No internet service,Two year,No,Bank transfer (automatic),27.85,2053.21,No
4796-TR00108,Male,0,Yes,Yes,19,Yes,No,No,No internet service,No internet service,No internet service,No internet service,No internet service,No internet service,One year,No,Mailed check,18.1,345.16,No
7712-TR00701,Female,0,Yes,Yes,59,Yes,Yes,Fiber optic,No,No,Yes,No,Yes,Yes,One year,Yes,Credit card (automatic),100.2,6205.75,No
4710-TR00641,Female,1,Yes,Yes,64,Yes,No,DSL,Yes,Yes,Yes,Yes,No,Yes,One year,Yes,Credit card (automatic),75.01,4702.92,No
9648-TR00078,Female,1,Yes,Yes,29,No,No phone service,DSL,No,No,No,No,Yes,No,Month-to-month,Yes,Electronic check,35.45,1005.95,No
6912-TR02816,Female,0,Yes,No,54,Yes,Yes,Fiber optic,No,Yes,No,Yes,Yes,Yes,Month-to-month,Yes,Credit card (automatic),99.35,5427.55,No
5093-TR02023,Female,1,No,No,57,Yes,Yes,DSL,Yes,Yes,No,Yes,Yes,Yes,One year,No,Bank transfer (automatic),80.0,4258.73,Yes
1884-TR00300,Female,0,Yes,Yes,12,Yes,No,DSL,Yes,No,No,No,No,No,One year,No,Mailed check,49.3,617.26,No
7737-TR01824,Female,0,Yes,Yes,33,Yes,No,No,No internet service,No internet service,No internet service,No internet service,No internet service,No internet service,One year,No,Electronic check,19.74,687.87,No
8346-TR00433,Female,0,No,No,31,No,No phone service,DSL,Yes,Yes,No,Yes,No,Yes,Two year,Yes,Bank transfer (automatic),49.41,1550.51,No
6919-TR00533,Male,0,Yes,No,8,Yes,No,Fiber optic,No,Yes,Yes,No,No,Yes,Month-to-month,Yes,Electronic check,87.13,691.23,Yes
3202-TR01634,Male,0,No,No,7,Yes,Yes,Fiber optic,No,No,No,No,Yes,Yes,Month-to-month,No,Mailed check,96.86,713.13,Yes
8910-TR01885,Female,0,Yes,No,72,Yes,Yes,No,No internet service,No internet service,No internet service,No internet service,No internet service,No internet service,Two year,No,Bank transfer (automatic),23.25,1713.3,No
3106-TR00394,Female,0,No,No,13,Yes,No,DSL,No,Yes,No,No,No,No,Month-to-month,No,Electronic check,56.6,746.64,No
3424-TR02510,Female,0,Yes,Yes,1,Yes,No,No,No internet service,No internet service,No internet service,No internet service,No internet service,No internet service,Month-to-month,No,Electronic check,19.05,19.05,No
2799-ARNLO,Female,1,Yes,No,5,Yes,No,Fiber optic,No,No,No,No,No,No,Month-to-month,Yes,Electronic check,69.35,341.6,No
1334-TR02321,Male,0,Yes,No,62,Yes,Yes,Fiber optic,No,Yes,Yes,No,Yes,Yes,Month-to-month,Yes,Electronic check,103.04,6031.04,Yes
7543-TR00335,Male,0,No,No,5,Yes,No,Fiber optic,No,No,Yes,Yes,No,Yes,Month-to-month,Yes,Electronic check,88.54,433.67,No
7010-TR00041,Male,0,No,Yes,20,Yes,No,DSL,No,No,No,No,No,No,One year,No,Mailed check,40.38,784.13,No
3131-TR01512,Female,0,Yes,Yes,30,Yes,Yes,No,No internet service,No internet service,No internet service,No internet service,No internet service,No internet service,Two year,No,Credit card (automatic),24.57,749.3,No
1550-TR00097,Male,0,No,No,5,Yes,No,No,No internet service,No internet service,No internet service,No internet service,No internet service,No internet service,Month-to-month,No,Mailed check,25.81,126.84,Yes
3796-TR02175,Female,0,No,No,45,Yes,No,Fiber optic,No,Yes,No,Yes,Yes,Yes,Two year,Yes,Bank transfer (automatic),97.26,4193.51,No
8184-TR00816,Female,0,No,No,21,Yes,Yes,Fiber optic,No,No,No,No,No,No,One year,Yes,Credit card (automatic),75.77,1724.68,No
7483-TR02278,Female,0,No,No,10,Yes,No,Fiber optic,No,Yes,No,Yes,No,No,Month-to-month,Yes,Credit card (automatic),82.81,811.79,No
2585-TR01524,Male,0,Yes,No,54,Yes,No,DSL,Yes,Yes,No,Yes,No,No,Two year,Yes,Electronic check,67.77,3407.74,No
4623-TR02861,Female,0,No,No,39,Yes,No,Fiber optic,No,Yes,No,No,Yes,Yes,Month-to-month,Yes,Credit card (automatic),95.39,3740.58,No
9302-TR00417,Male,0,No,No,20,No,No phone service,DSL,Yes,No,No,No,Yes,Yes,One year,Yes,Mailed check,48.22,959.01,No
8694-TR00746,Male,0,Yes,No,4,Yes,Yes,Fiber optic,No,Yes,No,Yes,No,No,Month-to-month,Yes,Electronic check,88.74,357.72,Yes
7334-TR01810,Male,0,No,No,2,Yes,No,No,No internet service,No internet service,No internet service,No internet service,No internet service,No internet service,Month-to-month,No,Bank transfer (automatic),21.16,38.77,No
8240-TR02785,Female,0,No,No,48,Yes,No,Fiber optic,No,No,Yes,No,No,No,Month-to-month,Yes,Credit card (automatic),73.05,3470.82,No
8085-TR02475,Female,0,No,No,72,Yes,Yes,Fiber optic,No,No,Yes,Yes,Yes,Yes,Two year,Yes,Credit card (automatic),108.6,7856.49,No
5863-TR01268,Female,0,Yes,Yes,72,Yes,No,Fiber optic,No,No,Yes,No,No,No,Two year,No,Electronic check,73.44,5304.68,No
8595-TR02649,Female,1,No,No,14,Yes,Yes,DSL,Yes,No,No,No,No,No,Month-to-month,Yes,Electronic check,53.93,740.14,No
4006-TR01301,Male,0,Yes,Yes,46,Yes,No,DSL,Yes,Yes,No,Yes,No,No,Month-to-month,No,Credit card (automatic),61.92,3001.4,No
6859-TR02744,Female,0,Yes,Yes,0,Yes,No,No,No internet service,No internet service,No internet service,No internet service,No internet service,No internet service,Month-to-month,No,Electronic check,19.3,0.06,No
9208-TR02398,Female,1,No,No,1,Yes,Yes,Fiber optic,No,No,No,No,Yes,Yes,Month-to-month,Yes,Electronic check,94.69,98.31,Yes
8801-TR00819,Male,0,Yes,Yes,55,Yes,Yes,No,No internet service,No internet service,No internet service,No internet service,No internet service,No internet service,Two year,No,Mailed check,20.12,1067.3,No
4392-TR00172,Female,0,Yes,Yes,31,Yes,No,No,No internet service,No internet service,No internet service,No internet service,No internet service,No internet service,One year,No,Electronic check,22.17,703.1,No
3566-TR01267,Female,0,No,No,40,Yes,No,Fiber optic,No,Yes,Yes,Yes,Yes,Yes,Month-to-month,Yes,Bank transfer (automatic),105.34,4213.4,No
9402-TR00930,Female,0,Yes,No,72,Yes,Yes,DSL,Yes,Yes,Yes,Yes,Yes,Yes,Two year,No,Credit card (automatic),85.68,6240.47,No
1391-TR02127,Male,0,Yes,Yes,60,Yes,No,DSL,Yes,Yes,Yes,Yes,Yes,Yes,Two year,No,Electronic check,88.24,5393.86,No
4856-TR02870,Female,1,No,No,15,Yes,No,Fiber optic,Yes,Yes,No,Yes,Yes,Yes,Month-to-month,Yes,Mailed check,104.31,1595.99,No
2365-TR02214,Female,0,Yes,No,2,Yes,No,DSL,No,No,No,No,No,No,Month-to-month,Yes,Credit card (automatic),43.47,87.64,Yes
4188-TR01215,Female,0,Yes,No,2,Yes,No,DSL,No,No,No,No,No,No,Month-to-month,Yes,Credit card (automatic),46.65,98.06,Yes
9637-TR01741,Female,0,Yes,Yes,30,Yes,Yes,No,No internet service,No internet service,No internet service,No internet service,No internet service,No internet service,Two year,No,Credit card (automatic),27.99,823.71,No
1586-TR00811,Male,0,No,No,72,No,No phone service,DSL,Yes,Yes,No,Yes,Yes,Yes,Two year,Yes,Bank transfer (automatic),65.41,4684.22,No
5126-TR00367,Male,0,No,No,52,Yes,Yes,DSL,No,Yes,Yes,Yes,No,Yes,Two year,Yes,Bank transfer (automatic),72.4,3959.28,No
9426-TR02573,Male,0,No,No,35,Yes,Yes,Fiber optic,No,Yes,Yes,No,Yes,Yes,Month-to-month,Yes,Electronic check,105.27,3564.65,Yes
7719-TR00045,Male,0,Yes,Yes,25,Yes,Yes,Fiber optic,No,Yes,No,Yes,No,No,Month-to-month,Yes,Credit card (automatic),86.19,2051.88,No
6728-DKUCO,Female,0,Yes,Yes,72,Yes,Yes,Fiber optic,Yes,Yes,No,No,Yes,Yes,One year,Yes,Electronic check,104.15,7303.05,No
6929-TR01322,Female,0,Yes,No,0,No,No phone service,DSL,No,No,No,No,No,No,Month-to-month,Yes,Electronic check,25.54,0.99,Yes
7224-TR01048,Male,1,No,No,20,Yes,Yes,Fiber optic,No,No,No,No,No,No,Month-to-month,Yes,Electronic check,76.85,1484.87,Yes
7008-TR02392,Female,0,Yes,Yes,57,Yes,Yes,Fiber optic,No,No,Yes,No,Yes,Yes,One year,Yes,Credit card (automatic),100.05,5603.73,No
1197-TR02223,Female,0,No,No,69,Yes,Yes,Fiber optic,No,No,Yes,Yes,Yes,Yes,Two year,Yes,Credit card (automatic),108.82,7577.31,No
3431-TR02700,Female,0,Yes,Yes,69,Yes,Yes,DSL,Yes,Yes,No,No,Yes,No,Two year,Yes,Credit card (automatic),68.14,4786.58,No
7168-TR01553,Female,0,No,No,10,No,No phone service,DSL,Yes,No,No,No,No,No,Month-to-month,No,Mailed check,28.99,295.17,No
9079-TR01299,Male,1,No,No,0,No,No phone service,DSL,No,No,Yes,No,No,Yes,Month-to-month,Yes,Electronic check,38.66,0.91,Yes
8493-TR01785,Male,0,No,No,0,Yes,No,No,No internet service,No internet service,No internet service,No internet service,No internet service,No internet service,Month-to-month,No,Bank transfer (automatic),21.35,0.0,No
7883-TR01645,Female,0,No,No,5,Yes,No,Fiber optic,No,No,No,No,No,No,Month-to-month,Yes,Electronic check,68.83,358.47,No
4654-TR02733,Female,0,Yes,Yes,70,Yes,No,No,No internet service,No internet service,No internet service,No internet service,No internet service,No internet service,Two year,No,Bank transfer (automatic),18.71,1333.41,No
5004-TR00523,Male,0,Yes,Yes,9,Yes,No,DSL,No,Yes,No,No,No,No,One year,No,Mailed check,48.09,434.48,No
9430-TR00774,Male,0,No,No,6,Yes,No,Fiber optic,No,No,No,No,No,No,Month-to-month,Yes,Electronic check,71.44,441.6,Yes
8935-TR01877,Female,0,No,No,40,Yes,No,No,No internet service,No internet service,No internet service,No internet service,No internet service,No internet service,Two year,No,Mailed check,20.84,845.84,No
5997-OPVFA,Male,0,Yes,No,72,Yes,Yes,DSL,Yes,Yes,Yes,Yes,Yes,Yes,Two year,Yes,Bank transfer (automatic),89.05,6254.45,No
5093-TR02108,Female,1,No,No,23,Yes,No,Fiber optic,Yes,Yes,No,Yes,Yes,Yes,Month-to-month,Yes,Mailed check,103.03,2387.49,No
3311-TR00572,Female,1,No,No,21,Yes,No,Fiber optic,Yes,Yes,No,Yes,Yes,Yes,Month-to-month,Yes,Mailed check,105.83,2234.98,No
3077-RSNTJ,Female,0,Yes,Yes,6,Yes,No,No,No internet service,No internet service,No internet service,No internet service,No internet service,No internet service,Month-to-month,No,Mailed check,19.7,113.5,No
3980-TR01208,Male,0,Yes,No,4,Yes,No,Fiber optic,No,Yes,Yes,No,No,Yes,Month-to-month,Yes,Electronic check,92.95,356.35,Yes
7650-TR02543,Female,0,Yes,No,46,Yes,Yes,Fiber optic,Yes,Yes,Yes,Yes,Yes,Yes,One year,No,Mailed check,116.51,5253.45,No
5575-GNVDE,Male,0,No,No,34,Yes,No,DSL,Yes,No,Yes,No,No,No,One year,No,Mailed check,56.95,1889.5,No
6035-BXTTY,Female,1,No,No,32,Yes,No,DSL,No,Yes,No,Yes,No,No,Month-to-month,No,Bank transfer (automatic),54.65,1830.1,No
2035-TR01956,Female,0,Yes,Yes,19,Yes,No,DSL,No,No,Yes,Yes,No,No,One year,Yes,Credit card (automatic),57.33,1145.4,No
1985-TR01228,Female,1,Yes,No,63,No,No phone service,DSL,No,Yes,Yes,No,Yes,No,One year,No,Bank transfer (automatic),44.35,2789.91,No
2042-TR02891,Male,0,No,Yes,34,Yes,No,DSL,No,Yes,Yes,No,Yes,No,One year,No,Credit card (automatic),67.62,2261.35,No
2191-TR01533,Male,0,Yes,Yes,29,Yes,No,DSL,Yes,No,Yes,No,Yes,Yes,One year,No,Credit card (automatic),73.76,2102.25,No
8045-TR02062,Female,0,No,Yes,0,Yes,No,DSL,Yes,No,No,Yes,No,Yes,Month-to-month,Yes,Bank transfer (automatic),66.21,0.13,No
6192-TR02154,Male,0,No,No,3,Yes,No,DSL,Yes,No,No,No,No,No,Month-to-month,Yes,Mailed check,52.52,151.48,Yes
5915-TR02901,Female,0,Yes,Yes,28,Yes,No,DSL,Yes,No,Yes,Yes,Yes,Yes,One year,Yes,Mailed check,83.66,2343.9,No
7512-TR02784,Male,0,Yes,Yes,69,Yes,Yes,DSL,Yes,Yes,No,Yes,No,No,One year,Yes,Credit card (automatic),67.5,4707.59,No
3761-TR02202,Male,1,No,No,14,Yes,No,Fiber optic,No,Yes,No,No,No,No,Month-to-month,Yes,Electronic check,75.96,1036.45,Yes
8167-TR02115,Female,0,No,No,11,Yes,No,Fiber optic,No,Yes,Yes,No,No,No,Month-to-month,Yes,Electronic check,77.84,883.77,Yes
9704-TR02206,Female,0,No,No,30,Yes,Yes,No,No internet service,No internet service,No internet service,No internet service,No internet service,No internet service,Month-to-month,No,Electronic check,26.37,764.67,No
8020-TR02871,Female,0,No,No,25,No,No phone service,DSL,No,No,No,No,Yes,Yes,Month-to-month,Yes,Electronic check,44.73,1109.93,No
3253-TR01729,Male,0,No,No,2,Yes,Yes,Fiber optic,No,No,No,No,No,No,Month-to-month,Yes,Electronic check,73.81,145.16,Yes
4806-TR00002,Female,0,No,No,11,Yes,Yes,Fiber optic,Yes,No,No,No,No,No,Month-to-month,Yes,Electronic check,78.41,856.88,Yes
3770-TR00419,Male,1,No,No,10,Yes,Yes,Fiber optic,No,Yes,Yes,No,Yes,Yes,Month-to-month,Yes,Electronic check,103.33,1019.78,Yes
9903-LYSAB,Male,0,Yes,No,18,Yes,Yes,Fiber optic,No,No,No,No,No,No,Month-to-month,Yes,Electronic check,73.15,1305.95,No
4335-TR01231,Male,1,Yes,No,68,Yes,Yes,No,No internet service,No internet service,No internet service,No internet service,No internet service,No internet service,Two year,No,Bank transfer (automatic),22.24,1466.69,No
4766-TR02798,Female,0,Yes,Yes,53,Yes,No,No,No internet service,No internet service,No internet service,No internet service,No internet service,No internet service,Two year,No,Bank transfer (automatic),18.14,961.32,No
7933-TR02848,Female,1,No,No,16,Yes,No,Fiber optic,Yes,Yes,No,Yes,Yes,Yes,Month-to-month,Yes,Mailed check,104.68,1672.76,No
2014-TR02783,Male,0,No,No,52,Yes,No,No,No internet service,No internet service,No internet service,No internet service,No internet service,No internet service,Two year,No,Bank transfer (automatic),22.48,1167.79,No
5069-TR00188,Female,0,No,No,3,Yes,No,Fiber optic,No,No,No,No,Yes,No,Month-to-month,Yes,Electronic check,75.92,229.46,Yes
9858-TR02078,Female,0,Yes,Yes,16,Yes,No,Fiber optic,No,No,No,No,No,Yes,Month-to-month,Yes,Bank transfer (automatic),83.21,1341.77,No
8863-TR01237,Male,0,No,No,32,Yes,No,DSL,Yes,Yes,Yes,No,No,No,One year,No,Mailed check,66.98,2081.52,No
9705-TR02432,Female,1,Yes,No,34,Yes,Yes,Fiber optic,No,No,No,No,No,No,Month-to-month,Yes,Electronic check,73.51,2509.92,Yes
2662-TR01579,Male,0,Yes,No,59,Yes,No,DSL,Yes,Yes,No,Yes,No,No,Two year,Yes,Electronic check,60.85,3748.0,No
7688-TR01221,Male,0,Yes,Yes,43,Yes,Yes,Fiber optic,Yes,No,No,No,Yes,Yes,One year,No,Electronic check,99.65,4339.26,No
9686-TR02862,Female,0,No,No,3,Yes,No,DSL,No,Yes,No,Yes,Yes,Yes,Month-to-month,Yes,Electronic check,77.27,230.23,No
3798-TR01469,Male,0,No,Yes,44,Yes,Yes,DSL,Yes,No,Yes,No,Yes,Yes,One year,Yes,Credit card (automatic),83.17,3718.86,No
3082-TR01197,Female,0,Yes,No,41,Yes,Yes,DSL,No,Yes,No,No,No,No,Month-to-month,No,Credit card (automatic),58.0,2459.51,No
8250-TR00878,Female,0,Yes,Yes,71,No,No phone service,DSL,No,Yes,Yes,Yes,Yes,Yes,Two year,Yes,Electronic check,58.4,4220.04,No
2938-TR02491,Male,1,No,No,0,Yes,No,DSL,No,No,No,No,No,No,Month-to-month,No,Bank transfer (automatic),46.96,0.0,No
1629-TR02572,Male,1,Yes,No,71,Yes,Yes,No,No internet service,No internet service,No internet service,No internet service,No internet service,No internet service,Two year,No,Bank transfer (automatic),25.18,1845.68,No
7776-TR02419,Male,1,Yes,No,56,Yes,Yes,Fiber optic,No,Yes,No,No,No,Yes,Month-to-month,Yes,Electronic check,89.03,4965.67,No
6151-TR02317,Male,0,Yes,Yes,71,Yes,Yes,Fiber optic,Yes,No,Yes,No,Yes,Yes,Two year,No,Electronic check,105.57,7203.14,No
9243-TR02076,Female,1,Yes,No,7,Yes,No,Fiber optic,No,No,No,No,No,No,Month-to-month,Yes,Electronic check,68.3,477.41,No
2285-TR02136,Male,0,Yes,Yes,25,Yes,No,Fiber optic,No,Yes,Yes,Yes,No,No,One year,No,Mailed check,85.45,2120.52,No
2003-TR00112,Male,0,Yes,Yes,39,Yes,Yes,Fiber optic,Yes,No,No,No,Yes,Yes,One year,No,Electronic check,95.16,3641.71,No
5711-TR00464,Female,0,No,No,6,Yes,Yes,Fiber optic,No,No,No,No,No,No,Month-to-month,Yes,Electronic check,73.21,447.39,Yes
4752-TR02857,Female,0,Yes,Yes,60,Yes,Yes,Fiber optic,Yes,Yes,Yes,Yes,Yes,Yes,Two year,No,Credit card (automatic),112.75,6881.12,No
2734-TR02790,Male,0,Yes,No,72,Yes,Yes,DSL,Yes,Yes,Yes,Yes,Yes,Yes,Two year,Yes,Bank transfer (automatic),91.08,6451.56,No
3534-TR02135,Male,0,No,No,5,Yes,No,Fiber optic,Yes,No,No,No,No,Yes,Month-to-month,Yes,Mailed check,85.21,425.22,Yes
9514-JDSKI,Male,1,Yes,No,1,No,No phone service,DSL,No,Yes,No,No,Yes,No,Month-to-month,No,Electronic check,40.2,40.2,Yes
3548-TR01040,Male,0,No,No,1,Yes,No,DSL,Yes,No,No,No,No,No,Month-to-month,Yes,Mailed check,46.68,46.9,Yes
2546-TR02257,Female,0,No,No,13,Yes,Yes,Fiber optic,Yes,No,No,No,No,No,Month-to-month,Yes,Electronic check,75.71,954.87,Yes
7776-TR00450,Male,1,Yes,Yes,67,Yes,Yes,Fiber optic,No,Yes,Yes,Yes,Yes,Yes,One year,Yes,Electronic check,105.46,7201.86,No
5038-TR00513,Male,1,Yes,No,56,No,No phone service,DSL,No,Yes,Yes,No,No,Yes,Month-to-month,Yes,Electronic check,44.97,2535.71,Yes
5088-TR02663,Female,0,Yes,Yes,12,Yes,No,DSL,No,No,Yes,Yes,No,No,Month-to-month,No,Credit card (automatic),54.81,641.8,Yes
3258-TR01817,Female,1,No,No,1,Yes,Yes,Fiber optic,No,No,No,No,Yes,Yes,Month-to-month,Yes,Electronic check,95.79,95.79,Yes
6130-TR02375,Male,1,No,No,0,Yes,No,Fiber optic,No,No,No,Yes,No,No,Month-to-month,No,Electronic check,77.55,0.08,No
4560-TR01242,Female,0,No,No,70,Yes,Yes,DSL,Yes,No,No,No,No,No,Month-to-month,No,Mailed check,54.48,3905.39,No
4786-TR01939,Female,0,Yes,Yes,63,Yes,Yes,DSL,Yes,Yes,Yes,Yes,Yes,Yes,Two year,No,Mailed check,88.61,5684.01,No
9626-TR02837,Female,0,Yes,No,29,Yes,Yes,Fiber optic,No,No,Yes,Yes,Yes,Yes,Month-to-month,Yes,Electronic check,106.09,3136.06,Yes
8782-TR02345,Female,0,Yes,Yes,15,Yes,No,Fiber optic,No,No,No,No,No,Yes,Month-to-month,Yes,Bank transfer (automatic),78.0,1187.45,No
3606-TWKGI,Male,1,No,No,13,Yes,Yes,Fiber optic,No,Yes,Yes,No,Yes,Yes,Month-to-month,Yes,Electronic check,106.9,1364.3,Yes
9037-TR01744,Male,0,No,No,42,Yes,Yes,Fiber optic,No,No,No,No,Yes,Yes,One year,No,Mailed check,95.95,4057.07,No
6543-TR01901,Male,0,Yes,No,2,Yes,Yes,Fiber optic,No,Yes,No,Yes,No,No,Month-to-month,Yes,Electronic check,85.96,177.84,Yes
5639-TR01820,Male,0,No,No,3,Yes,No,No,No internet service,No internet service,No internet service,No internet service,No internet service,No internet service,Month-to-month,No,Mailed check,18.0,52.95,No
9840-TR01022,Male,0,No,No,11,Yes,Yes,Fiber optic,No,No,No,No,No,Yes,Month-to-month,No,Bank transfer (automatic),85.03,946.42,Yes
6465-TR00399,Female,0,No,No,63,Yes,Yes,DSL,Yes,Yes,Yes,Yes,Yes,No,Two year,Yes,Credit card (automatic),77.37,4845.38,No
5390-TR00525,Female,0,No,No,67,Yes,Yes,DSL,Yes,Yes,Yes,Yes,Yes,No,Two year,Yes,Credit card (automatic),85.6,5719.67,No
5314-TR01435,Male,0,Yes,No,28,No,No phone service,DSL,No,No,No,No,Yes,No,Month-to-month,No,Mailed check,31.56,856.34,No
7400-TR01093,Male,0,Yes,No,59,Yes,Yes,Fiber optic,Yes,Yes,No,No,Yes,No,Month-to-month,Yes,Electronic check,101.38,5839.41,Yes
9761-TR01552,Male,0,No,Yes,12,Yes,No,Fiber optic,No,No,No,No,Yes,No,Month-to-month,Yes,Credit card (automatic),79.27,942.33,No
2074-TR02146,Male,1,Yes,Yes,34,Yes,Yes,Fiber optic,No,Yes,No,No,Yes,Yes,Month-to-month,No,Electronic check,98.98,3422.65,No
1801-TR02493,Male,0,Yes,Yes,66,Yes,Yes,DSL,No,Yes,Yes,Yes,No,Yes,One year,Yes,Bank transfer (automatic),71.67,4749.28,Yes
1102-TR01306,Female,0,Yes,No,56,Yes,Yes,Fiber optic,No,Yes,Yes,No,Yes,Yes,Month-to-month,Yes,Electronic check,108.03,6325.63,Yes
3465-TR02428,Female,0,Yes,No,52,Yes,No,Fiber optic,Yes,Yes,Yes,No,Yes,No,One year,Yes,Electronic check,92.04,4520.74,No
4208-TR02329,Female,0,No,Yes,5,Yes,No,DSL,Yes,No,No,Yes,No,Yes,Month-to-month,Yes,Bank transfer (automatic),66.86,316.62,No
5463-TR00408,Female,1,Yes,No,0,Yes,No,Fiber optic,No,No,No,No,No,No,Month-to-month,Yes,Mailed check,70.46,1.14,Yes
2113-TR01206,Female,0,No,No,13,Yes,No,No,No internet service,No internet service,No internet service,No internet service,No internet service,No internet service,One year,No,Electronic check,20.24,248.97,No
4554-TR02542,Male,0,No,No,57,Yes,Yes,Fiber optic,No,Yes,Yes,Yes,Yes,Yes,Month-to-month,Yes,Electronic check,105.96,6077.46,No
3962-TR00628,Female,0,No,No,70,Yes,No,No,No internet service,No internet service,No internet service,No internet service,No internet service,No internet service,Two year,No,Credit card (automatic),19.23,1303.54,No
6692-TR01131,Female,0,No,No,26,Yes,No,Fiber optic,Yes,No,No,No,No,No,Month-to-month,Yes,Bank transfer (automatic),74.13,1999.57,No
4095-TR01415,Male,0,Yes,Yes,0,No,No phone service,DSL,No,Yes,No,No,No,No,Month-to-month,No,Electronic check,33.27,0.4,Yes
8123-TR00612,Male,0,Yes,Yes,3,No,No phone service,DSL,No,Yes,No,No,No,No,Month-to-month,No,Electronic check,32.98,95.56,Yes
2461-TR00161,Female,0,No,No,15,Yes,No,Fiber optic,Yes,No,Yes,Yes,Yes,Yes,Month-to-month,Yes,Electronic check,105.15,1502.31,Yes
1161-TR01933,Female,0,Yes,Yes,67,Yes,No,Fiber optic,No,No,Yes,No,No,No,Two year,No,Electronic check,77.71,5232.85,No
2801-TR01948,Male,0,No,No,34,Yes,Yes,Fiber optic,No,No,Yes,Yes,Yes,No,One year,No,Bank transfer (automatic),92.18,3151.0,No
5005-TR02170,Female,0,Yes,Yes,29,No,No phone service,DSL,Yes,Yes,Yes,No,Yes,Yes,Month-to-month,Yes,Credit card (automatic),58.11,1683.94,Yes
8501-TR01923,Male,0,Yes,Yes,72,Yes,Yes,Fiber optic,Yes,No,Yes,No,Yes,Yes,Two year,No,Electronic check,103.62,7335.2,No
2985-JUUBZ,Male,0,Yes,Yes,40,Yes,Yes,DSL,No,No,Yes,No,Yes,Yes,Month-to-month,Yes,Electronic check,74.55,3015.75,No
8084-TR00437,Male,0,No,No,1,No,No phone service,DSL,No,No,No,Yes,No,No,Month-to-month,No,Electronic check,30.8,32.8,No
1918-TR02016,Male,0,No,No,6,Yes,Yes,Fiber optic,No,No,No,No,Yes,Yes,Month-to-month,No,Mailed check,97.31,551.45,Yes
5284-TR01017,Male,1,Yes,No,37,Yes,Yes,Fiber optic,No,No,Yes,No,Yes,Yes,Month-to-month,Yes,Electronic check,101.05,3616.89,No
5443-TR02164,Female,0,Yes,Yes,72,Yes,No,Fiber optic,No,No,Yes,No,No,No,Two year,No,Electronic check,71.82,5110.39,No
0094-OIFMO,Female,1,No,No,11,Yes,No,Fiber optic,No,Yes,No,No,Yes,Yes,Month-to-month,Yes,Electronic check,95.0,1120.3,Yes
5327-TR01711,Male,0,No,No,1,Yes,No,DSL,No,Yes,No,No,No,No,Month-to-month,No,Mailed check,51.15,51.56,No
9883-TR01836,Female,0,No,Yes,17,Yes,No,DSL,Yes,Yes,No,No,No,No,Month-to-month,Yes,Electronic check,57.9,957.56,No
8894-TR01604,Male,0,No,No,38,Yes,No,DSL,Yes,Yes,Yes,No,No,No,One year,No,Mailed check,65.49,2471.21,No
6171-TR01359,Female,1,No,No,31,Yes,No,DSL,No,Yes,No,Yes,No,No,Month-to-month,No,Bank transfer (automatic),56.9,1793.99,No
8640-TR01329,Female,0,Yes,No,55,No,No phone service,DSL,Yes,Yes,Yes,No,Yes,Yes,Month-to-month,Yes,Bank transfer (automatic),59.52,3267.09,No
1013-TR00294,Male,0,Yes,Yes,25,Yes,No,Fiber optic,No,Yes,Yes,Yes,No,No,One year,No,Mailed check,85.73,2219.32,No
1365-TR01108,Female,0,No,Yes,17,Yes,No,DSL,Yes,Yes,No,No,No,No,Month-to-month,Yes,Electronic check,58.77,971.75,No
3147-TR00704,Male,0,No,No,12,Yes,No,No,No internet service,No internet service,No internet service,No internet service,No internet service,No internet service,Two year,No,Credit card (automatic),21.64,262.82,No
8162-TR00883,Female,1,Yes,No,69,No,No phone service,DSL,No,Yes,Yes,No,Yes,No,One year,No,Bank transfer (automatic),45.14,3061.19,No
1583-TR01407,Female,0,No,No,5,Yes,No,No,No internet service,No internet service,No internet service,No internet service,No internet service,No internet service,Month-to-month,Yes,Bank transfer (automatic),22.61,115.83,No
1906-TR00747,Male,0,No,No,57,Yes,Yes,DSL,No,Yes,Yes,Yes,No,Yes,Two year,Yes,Bank transfer (automatic),70.01,4191.54,No
4959-JOSRX,Female,0,Yes,No,2,Yes,No,DSL,No,No,No,No,No,No,Month-to-month,Yes,Credit card (automatic),44.6,80.55,Yes
9071-TR02851,Male,0,No,No,36,Yes,Yes,Fiber optic,No,Yes,Yes,No,Yes,Yes,Month-to-month,Yes,Electronic check,113.27,3899.09,Yes
8379-TR02236,Female,1,No,No,8,Yes,Yes,Fiber optic,No,No,No,No,Yes,Yes,Month-to-month,Yes,Electronic check,98.9,831.55,Yes
5834-TR01086,Female,0,Yes,Yes,31,Yes,No,DSL,Yes,No,Yes,Yes,Yes,Yes,One year,Yes,Mailed check,79.24,2469.14,No
5919-TMRGD,Female,0,No,Yes,1,Yes,No,Fiber optic,No,No,No,No,Yes,No,Month-to-month,Yes,Electronic check,79.35,79.35,Yes
2722-TR01583,Male,0,No,No,9,Yes,Yes,Fiber optic,No,No,No,No,Yes,Yes,Month-to-month,No,Mailed check,96.95,885.9,Yes
7542-TR01758,Male,0,Yes,Yes,38,Yes,Yes,DSL,No,No,Yes,No,Yes,Yes,Month-to-month,Yes,Electronic check,71.94,2684.48,No
9917-TR02049,Male,0,No,No,51,Yes,No,Fiber optic,Yes,Yes,No,Yes,No,Yes,Month-to-month,Yes,Credit card (automatic),94.25,4829.74,No
6672-TR02487,Female,0,Yes,Yes,70,No,No phone service,DSL,No,Yes,Yes,Yes,Yes,Yes,Two year,No,Credit card (automatic),57.17,3981.04,No
4846-TR02019,Female,0,No,No,7,Yes,Yes,Fiber optic,No,No,Yes,No,Yes,Yes,Month-to-month,Yes,Bank transfer (automatic),99.22,698.92,Yes
3082-TR02846,Female,1,Yes,No,4,Yes,Yes,Fiber optic,No,Yes,No,No,No,No,Month-to-month,Yes,Credit card (automatic),80.68,325.74,Yes
7674-TR01457,Male,1,No,No,0,No,No phone service,DSL,No,No,Yes,No,No,Yes,Month-to-month,Yes,Electronic check,39.33,0.39,Yes
9176-TR00316,Male,0,No,No,3,No,No phone service,DSL,No,No,No,No,No,No,Month-to-month,No,Mailed check,28.23,90.25,No
4674-TR00839,Female,1,Yes,No,26,No,No phone service,DSL,Yes,No,Yes,No,No,Yes,Month-to-month,Yes,Electronic check,39.41,1016.91,No
4808-YNLEU,Female,0,Yes,No,35,Yes,No,DSL,Yes,No,No,No,Yes,No,One year,Yes,Bank transfer (automatic),62.15,2215.45,No
1923-TR00148,Female,1,No,No,44,Yes,Yes,Fiber optic,No,Yes,No,No,Yes,No,Month-to-month,Yes,Electronic check,89.83,4077.33,No
6417-TR00372,Female,0,No,No,2,Yes,No,No,No internet service,No internet service,No internet service,No internet service,No internet service,No internet service,Month-to-month,No,Mailed check,22.41,44.66,No
1813-TR02483,Male,0,Yes,Yes,8,Yes,Yes,Fiber optic,No,Yes,Yes,No,No,No,Month-to-month,Yes,Bank transfer (automatic),88.96,694.93,Yes
7533-TR00200,Female,1,No,No,36,Yes,No,DSL,No,Yes,No,Yes,No,No,Month-to-month,No,Bank transfer (automatic),56.3,2026.17,No
1440-TR00965,Female,1,No,No,9,Yes,No,Fiber optic,No,No,No,No,Yes,Yes,Month-to-month,Yes,Electronic check,90.18,800.42,No
9344-TR01008,Male,1,Yes,No,67,Yes,Yes,No,No internet service,No internet service,No internet service,No internet service,No internet service,No internet service,Two year,No,Bank transfer (automatic),24.73,1675.52,No
5939-TR02417,Female,0,Yes,Yes,69,Yes,Yes,Fiber optic,Yes,Yes,No,Yes,Yes,No,Two year,Yes,Credit card (automatic),96.67,7110.24,No
5541-TR02233,Male,1,Yes,No,18,Yes,No,DSL,Yes,Yes,No,No,No,Yes,Month-to-month,Yes,Bank transfer (automatic),63.93,1116.86,No
8098-TR01089,Female,0,No,Yes,0,Yes,No,Fiber optic,No,No,No,No,Yes,No,Month-to-month,Yes,Electronic check,77.18,0.07,Yes
6502-TR01011,Female,0,Yes,Yes,31,Yes,No,DSL,Yes,No,Yes,Yes,Yes,Yes,One year,Yes,Mailed check,81.58,2422.09,No
8266-VBFQL,Male,0,No,No,4,Yes,No,Fiber optic,No,No,Yes,Yes,No,Yes,Month-to-month,Yes,Electronic check,90.4,356.65,No
2096-TR00227,Female,0,Yes,Yes,69,Yes,Yes,DSL,Yes,Yes,Yes,No,No,No,Month-to-month,Yes,Bank transfer (automatic),67.78,4792.52,No
5749-TR00442,Female,0,No,No,35,No,No phone service,DSL,Yes,Yes,No,Yes,No,Yes,Two year,Yes,Bank transfer (automatic),54.17,1869.19,No
7996-TR02539,Male,1,Yes,No,37,Yes,Yes,Fiber optic,No,No,Yes,No,Yes,Yes,Month-to-month,Yes,Electronic check,97.88,3498.97,No
6148-TR00299,Female,0,Yes,Yes,25,No,No phone service,DSL,Yes,Yes,Yes,No,Yes,Yes,Month-to-month,Yes,Credit card (automatic),61.83,1558.13,Yes
9944-TR01010,Female,0,No,No,8,Yes,No,DSL,Yes,Yes,No,No,No,No,Month-to-month,No,Mailed check,53.41,413.41,No
5087-TR01094,Female,1,No,No,18,Yes,Yes,DSL,Yes,No,No,No,No,No,Month-to-month,Yes,Electronic check,53.84,955.7,No
6459-TR01793,Male,0,No,No,21,Yes,No,DSL,No,Yes,No,No,No,No,Month-to-month,Yes,Mailed check,51.03,1093.53,No
9385-TR02089,Male,0,No,No,45,No,No phone service,DSL,Yes,No,Yes,Yes,No,No,One year,No,Bank transfer (automatic),41.35,1833.38,No
2524-TR02834,Male,0,Yes,No,66,Yes,No,Fiber optic,No,Yes,Yes,Yes,Yes,Yes,One year,Yes,Credit card (automatic),103.69,6772.1,No
2731-TR00611,Female,0,No,No,12,Yes,Yes,Fiber optic,No,No,Yes,No,Yes,Yes,Month-to-month,Yes,Bank transfer (automatic),99.7,1229.94,Yes
5936-TR02422,Male,0,No,No,7,Yes,Yes,Fiber optic,No,No,No,No,No,No,Month-to-month,Yes,Electronic check,71.65,513.86,Yes
7047-TR00986,Female,0,Yes,Yes,56,Yes,Yes,Fiber optic,No,No,Yes,No,Yes,Yes,One year,Yes,Credit card (automatic),96.93,5442.65,No
8986-TR02270,Male,0,Yes,Yes,3,Yes,Yes,Fiber optic,No,Yes,Yes,No,No,No,Month-to-month,Yes,Bank transfer (automatic),83.08,243.14,Yes
9971-TR02776,Male,0,Yes,No,59,Yes,No,DSL,No,No,Yes,No,No,No,One year,No,Credit card (automatic),50.07,2956.26,No
6888-TR02255,Female,0,Yes,Yes,69,Yes,Yes,Fiber optic,Yes,Yes,Yes,No,Yes,Yes,Two year,No,Credit card (automatic),112.83,8095.01,No
1080-TR02338,Female,0,No,No,18,Yes,Yes,Fiber optic,No,No,No,No,No,No,One year,Yes,Credit card (automatic),76.32,1432.18,No
8433-TR02249,Female,0,Yes,Yes,18,Yes,No,No,No internet service,No internet service,No internet service,No internet service,No internet service,No internet service,Month-to-month,No,Electronic check,18.0,315.16,No
6025-TR00413,Female,0,No,No,35,No,No phone service,DSL,Yes,Yes,No,Yes,No,Yes,Two year,Yes,Bank transfer (automatic),53.95,1858.64,No
3439-TR02526,Male,0,No,No,0,Yes,No,DSL,No,Yes,No,No,No,No,Month-to-month,No,Mailed check,53.28,1.05,No
1511-TR00452,Female,0,No,No,16,Yes,No,No,No internet service,No internet service,No internet service,No internet service,No internet service,No internet service,One year,Yes,Bank transfer (automatic),18.0,282.86,No
1066-TR01646,Female,0,Yes,No,61,No,No phone service,DSL,Yes,Yes,Yes,No,Yes,Yes,Month-to-month,Yes,Bank transfer (automatic),60.17,3806.09,No
1387-TR01813,Female,0,Yes,Yes,13,Yes,No,DSL,No,No,Yes,Yes,No,No,Month-to-month,No,Credit card (automatic),57.93,735.18,Yes
8419-TR00220,Male,0,No,No,12,Yes,No,No,No internet service,No internet service,No internet service,No internet service,No internet service,No internet service,Two year,No,Credit card (automatic),18.0,214.04,No
4827-USJHP,Male,0,No,No,20,Yes,No,DSL,No,Yes,No,No,No,No,Month-to-month,Yes,Mailed check,51.8,1023.85,No
5720-TR01015,Male,0,No,No,56,Yes,No,No,No internet service,No internet service,No internet service,No internet service,No internet service,No internet service,Two year,No,Bank transfer (automatic),18.0,977.93,No
1319-TR02370,Female,0,No,No,19,Yes,Yes,Fiber optic,No,No,No,No,No,No,One year,Yes,Credit card (automatic),76.04,1469.64,No
8457-TR00621,Female,0,Yes,No,3,Yes,No,Fiber optic,No,No,Yes,No,No,No,Month-to-month,Yes,Bank transfer (automatic),75.05,222.72,Yes
3711-TR02653,Female,0,No,No,42,Yes,No,Fiber optic,No,Yes,Yes,Yes,Yes,Yes,Month-to-month,Yes,Bank transfer (automatic),104.26,4308.61,No
3971-TR00481,Female,0,No,No,49,Yes,Yes,Fiber optic,No,No,No,No,No,Yes,Month-to-month,Yes,Electronic check,86.47,4362.06,No
5538-TR00036,Female,0,No,No,2,No,No phone service,DSL,No,Yes,No,No,No,No,Month-to-month,No,Bank transfer (automatic),29.36,58.2,Yes
5166-TR01761,Male,0,Yes,No,36,Yes,Yes,Fiber optic,No,No,No,Yes,Yes,No,Month-to-month,Yes,Credit card (automatic),89.41,3112.04,No
9413-TR01708,Male,0,No,No,4,Yes,No,No,No internet service,No internet service,No internet service,No internet service,No internet service,No internet service,Month-to-month,No,Bank transfer (automatic),20.5,75.17,No
5032-TR00650,Male,0,Yes,Yes,60,Yes,No,No,No internet service,No internet service,No internet service,No internet service,No internet service,No internet service,Two year,No,Credit card (automatic),18.44,1013.95,No
3875-TR00529,Female,0,No,No,21,Yes,No,Fiber optic,Yes,No,No,Yes,No,Yes,Month-to-month,Yes,Electronic check,93.12,1952.0,No
5346-TR00616,Female,1,No,No,4,Yes,Yes,Fiber optic,No,No,No,No,Yes,Yes,Month-to-month,Yes,Electronic check,91.94,379.39,Yes
6713-OKOMC,Female,0,No,No,10,No,No phone service,DSL,Yes,No,No,No,No,No,Month-to-month,No,Mailed check,29.75,301.9,No
3841-NFECX,Female,1,Yes,No,71,Yes,Yes,Fiber optic,Yes,Yes,Yes,Yes,No,No,Two year,Yes,Credit card (automatic),96.35,6766.95,No
7239-TR01230,Female,1,No,No,45,Yes,Yes,Fiber optic,No,Yes,No,No,Yes,No,Month-to-month,Yes,Electronic check,91.29,4116.74,No
5697-TR00158,Female,0,No,No,72,Yes,No,No,No internet service,No internet service,No internet service,No internet service,No internet service,No internet service,Two year,No,Credit card (automatic),18.0,1303.96,No
4104-TR01018,Female,0,No,No,24,Yes,Yes,Fiber optic,No,No,No,No,No,No,One year,Yes,Credit card (automatic),76.05,1903.28,No
2917-TR00818,Male,1,No,No,21,Yes,Yes,Fiber optic,No,No,No,No,No,No,Month-to-month,Yes,Electronic check,72.72,1510.81,Yes
8956-TR00994,Male,0,Yes,No,8,Yes,Yes,Fiber optic,No,Yes,No,Yes,No,No,Month-to-month,Yes,Electronic check,79.89,608.58,Yes
6655-TR00034,Female,0,Yes,Yes,10,Yes,No,DSL,No,No,No,Yes,Yes,Yes,Month-to-month,Yes,Electronic check,66.76,695.19,No
4479-TR01497,Female,0,Yes,Yes,64,Yes,Yes,Fiber optic,Yes,Yes,Yes,Yes,Yes,Yes,Two year,No,Credit card (automatic),116.25,7892.39,No
6724-TR02541,Male,0,Yes,Yes,27,Yes,Yes,Fiber optic,No,Yes,No,Yes,No,No,Month-to-month,Yes,Credit card (automatic),83.71,2291.9,No
5438-TR01714,Male,0,No,Yes,57,Yes,No,No,No internet service,No internet service,No internet service,No internet service,No internet service,No internet service,Two year,Yes,Mailed check,20.63,1170.91,No
6096-TR01565,Male,1,No,No,0,No,No phone service,DSL,No,No,Yes,No,No,Yes,Month-to-month,Yes,Electronic check,41.64,0.29,Yes
2020-TR00019,Female,0,Yes,Yes,69,Yes,Yes,Fiber optic,Yes,Yes,No,Yes,Yes,No,Two year,No,Bank transfer (automatic),102.71,7084.12,No
3384-TR00539,Female,0,Yes,Yes,29,No,No phone service,DSL,Yes,Yes,Yes,No,Yes,Yes,Month-to-month,Yes,Credit card (automatic),62.35,1830.35,Yes
3301-TR00908,Female,0,No,No,16,Yes,No,Fiber optic,No,Yes,No,Yes,No,No,Month-to-month,Yes,Credit card (automatic),81.88,1269.78,No
8500-TR02180,Male,0,Yes,No,68,No,No phone service,DSL,Yes,Yes,Yes,No,No,No,Two year,No,Bank transfer (automatic),44.21,3104.96,No
4420-TR02267,Male,0,No,No,9,No,No phone service,DSL,No,No,No,No,No,No,Month-to-month,No,Mailed check,28.26,244.36,No
9442-TR02189,Male,0,No,No,35,Yes,No,DSL,Yes,No,Yes,No,No,No,One year,No,Mailed check,52.06,1918.73,No
9479-TR01188,Female,1,Yes,Yes,26,No,No phone service,DSL,No,No,No,No,Yes,No,Month-to-month,Yes,Electronic check,38.72,980.83,No
6433-TR00484,Female,0,No,No,7,Yes,Yes,Fiber optic,No,No,Yes,No,Yes,Yes,Month-to-month,Yes,Bank transfer (automatic),98.17,679.85,Yes
2261-TR00506,Male,0,Yes,No,6,Yes,Yes,Fiber optic,No,Yes,No,Yes,No,No,Month-to-month,Yes,Electronic check,83.79,491.86,Yes
3466-BYAVD,Male,0,Yes,Yes,15,Yes,No,DSL,No,Yes,Yes,Yes,No,Yes,Month-to-month,Yes,Mailed check,69.5,1071.4,No
2075-TR01627,Male,0,No,No,31,Yes,No,DSL,Yes,No,Yes,No,No,No,One year,No,Mailed check,59.27,1772.25,No
5337-TR02465,Male,0,Yes,No,45,Yes,Yes,Fiber optic,No,Yes,No,No,No,No,One year,Yes,Electronic check,78.89,3761.88,No
5999-TR02409,Male,0,No,No,4,Yes,No,DSL,No,No,No,Yes,No,No,Month-to-month,No,Mailed check,52.12,212.83,No
1269-TR01408,Male,0,No,No,42,Yes,Yes,Fiber optic,No,No,Yes,Yes,Yes,No,One year,No,Bank transfer (automatic),94.78,3828.89,No
7529-TR02702,Male,0,Yes,No,58,Yes,No,No,No internet service,No internet service,No internet service,No internet service,No internet service,No internet service,One year,Yes,Credit card (automatic),20.87,1275.4,No
1143-TR00694,Female,1,No,No,15,Yes,No,Fiber optic,No,Yes,No,No,Yes,Yes,Month-to-month,Yes,Electronic check,98.28,1513.74,Yes
9100-TR02010,Female,0,Yes,Yes,9,Yes,No,DSL,No,No,Yes,Yes,No,No,Month-to-month,No,Credit card (automatic),55.24,506.27,Yes
2852-TR01101,Male,0,No,No,1,Yes,No,DSL,No,Yes,No,No,No,No,Month-to-month,No,Mailed check,49.98,50.64,No
4632-TR00475,Male,0,Yes,Yes,5,No,No phone service,DSL,No,Yes,No,No,No,No,Month-to-month,No,Electronic check,27.91,144.64,Yes
3048-TR02538,Male,0,Yes,No,1,Yes,Yes,Fiber optic,No,Yes,No,Yes,No,No,Month-to-month,Yes,Electronic check,86.21,86.21,Yes
6243-OZGFH,Female,0,No,No,23,No,No phone service,DSL,No,No,No,No,Yes,Yes,Month-to-month,Yes,Electronic check,44.95,996.85,No
7751-TR02523,Male,0,Yes,Yes,51,Yes,No,DSL,Yes,Yes,No,Yes,No,No,Month-to-month,No,Credit card (automatic),61.33,3127.7,No
4067-TR00135,Female,0,No,No,36,No,No phone service,DSL,Yes,No,No,No,No,No,One year,No,Mailed check,32.48,1186.74,No
5687-TR01786,Female,0,Yes,Yes,5,Yes,No,No,No internet service,No internet service,No internet service,No internet service,No internet service,No internet service,Month-to-month,No,Electronic check,18.92,101.63,No
5577-TR00429,Female,1,No,No,30,Yes,Yes,Fiber optic,No,No,Yes,No,No,No,Month-to-month,Yes,Electronic check,77.14,2412.74,Yes
2790-TR00658,Female,0,Yes,Yes,72,Yes,Yes,Fiber optic,Yes,Yes,Yes,Yes,Yes,Yes,Two year,No,Credit card (automatic),112.55,7868.03,No
9000-TR00696,Female,0,No,No,11,Yes,Yes,Fiber optic,No,No,No,No,Yes,Yes,Month-to-month,No,Electronic check,93.81,993.17,Yes
8916-TR02688,Male,0,Yes,No,0,Yes,No,Fiber optic,No,No,No,No,No,No,Month-to-month,No,Electronic check,67.93,0.0,Yes
5018-TR01878,Male,0,Yes,Yes,51,Yes,Yes,Fiber optic,No,Yes,No,No,Yes,Yes,Month-to-month,Yes,Electronic check,97.12,4845.53,Yes
5853-TR00033,Male,0,Yes,Yes,40,Yes,Yes,Fiber optic,Yes,No,No,No,Yes,Yes,One year,No,Electronic check,92.11,3496.77,No
7781-TR01090,Female,0,No,No,68,Yes,No,No,No internet service,No internet service,No internet service,No internet service,No internet service,No internet service,Two year,No,Credit card (automatic),18.0,1162.79,No
8340-TR01431,Male,0,Yes,Yes,18,Yes,No,DSL,No,Yes,Yes,Yes,No,Yes,Month-to-month,Yes,Mailed check,70.47,1269.56,No
2488-TR00793,Male,0,Yes,Yes,8,Yes,No,DSL,No,Yes,No,No,No,No,One year,No,Mailed check,50.7,404.66,No
9291-TR00048,Female,0,No,No,5,Yes,No,No,No internet service,No internet service,No internet service,No internet service,No internet service,No internet service,One year,Yes,Mailed check,21.22,105.49,No
7083-MIOPC,Female,0,No,No,72,Yes,No,No,No internet service,No internet service,No internet service,No internet service,No internet service,No internet service,Two year,No,Credit card (automatic),20.25,1566.9,No
3103-TR02205,Male,0,Yes,Yes,36,Yes,Yes,DSL,Yes,No,Yes,Yes,No,No,Two year,Yes,Credit card (automatic),67.12,2371.37,No
7328-TR00814,Female,0,Yes,Yes,7,Yes,No,DSL,Yes,No,No,No,No,No,Month-to-month,No,Mailed check,47.24,329.72,No
4651-TR00555,Female,0,No,No,72,Yes,No,No,No internet service,No internet service,No internet service,No internet service,No internet service,No internet service,Two year,No,Credit card (automatic),18.14,1340.6,No
9714-TR00673,Male,0,No,No,65,Yes,Yes,Fiber optic,Yes,Yes,No,No,No,No,One year,Yes,Credit card (automatic),84.32,5461.72,No
7115-TR02337,Female,1,No,No,42,Yes,Yes,Fiber optic,No,Yes,No,No,Yes,No,Month-to-month,Yes,Electronic check,87.81,3738.45,No
6927-TR00368,Female,0,Yes,Yes,26,No,No phone service,DSL,Yes,Yes,Yes,No,Yes,Yes,Month-to-month,Yes,Credit card (automatic),60.61,1581.83,Yes
9246-TR00709,Female,1,Yes,No,3,Yes,No,Fiber optic,No,No,No,No,No,No,Month-to-month,Yes,Electronic check,65.5,195.73,No
7732-TR02207,Male,0,No,No,56,Yes,No,No,No internet service,No internet service,No internet service,No internet service,No internet service,No internet service,Two year,No,Bank transfer (automatic),21.02,1146.14,No
1028-TR02394,Male,0,Yes,Yes,21,Yes,No,No,No internet service,No internet service,No internet service,No internet service,No internet service,No internet service,One year,No,Mailed check,22.29,455.02,No
6518-TR02540,Female,0,Yes,No,21,Yes,No,Fiber optic,Yes,Yes,No,Yes,Yes,No,Month-to-month,Yes,Electronic check,96.7,2043.54,No
2896-TR01586,Male,0,Yes,Yes,13,Yes,No,DSL,No,Yes,No,No,No,No,One year,No,Mailed check,51.39,667.64,No
1545-TR02713,Male,0,Yes,No,54,Yes,No,DSL,No,No,Yes,No,No,No,One year,No,Credit card (automatic),52.03,2788.41,No
6095-TR00910,Male,0,No,No,70,Yes,No,No,No internet service,No internet service,No internet service,No internet service,No internet service,No internet service,Two year,Yes,Credit card (automatic),19.14,1330.99,No
6477-TR01697,Female,0,No,Yes,0,Yes,No,DSL,Yes,No,No,Yes,No,Yes,Month-to-month,Yes,Bank transfer (automatic),66.92,0.0,No
0230-WEQUW,Male,0,Yes,No,66,No,No phone service,DSL,Yes,Yes,Yes,Yes,Yes,No,Two year,Yes,Bank transfer (automatic),56.6,3789.2,No
3830-TR02706,Male,0,No,No,1,Yes,No,DSL,Yes,No,No,No,No,No,Month-to-month,Yes,Mailed check,46.87,46.87,Yes
3343-TR01875,Male,0,No,No,24,No,No phone service,DSL,Yes,No,No,No,Yes,Yes,One year,Yes,Mailed check,49.91,1199.1,No
1738-TR01928,Male,0,No,Yes,60,Yes,No,DSL,Yes,Yes,No,No,No,No,One year,No,Bank transfer (automatic),57.68,3587.55,No
9569-TR02165,Male,0,No,No,3,Yes,No,No,No internet service,No internet service,No internet service,No internet service,No internet service,No internet service,Month-to-month,No,Mailed check,20.58,61.78,Yes
5192-TR00582,Male,0,No,No,49,Yes,Yes,DSL,Yes,No,No,Yes,Yes,Yes,Two year,Yes,Credit card (automatic),80.43,3832.69,No
8274-TR02582,Male,0,No,No,57,Yes,Yes,Fiber optic,No,Yes,No,No,Yes,No,Month-to-month,Yes,Bank transfer (automatic),88.0,5040.07,No
7440-TR00645,Female,1,No,No,14,Yes,Yes,DSL,Yes,No,No,No,No,No,Month-to-month,Yes,Electronic check,50.03,692.76,No
7250-TR02383,Male,0,Yes,No,58,Yes,Yes,Fiber optic,Yes,Yes,No,No,Yes,No,Month-to-month,Yes,Electronic check,93.08,5392.56,Yes
8791-TR02875,Male,0,Yes,No,63,Yes,Yes,Fiber optic,No,Yes,No,Yes,Yes,Yes,Two year,Yes,Electronic check,104.93,6476.83,No
5722-TR00092,Female,1,No,No,60,Yes,Yes,Fiber optic,Yes,Yes,Yes,No,Yes,Yes,One year,No,Electronic check,109.16,6239.04,No
5106-TR02159,Male,1,Yes,No,0,No,No phone service,DSL,No,Yes,No,No,Yes,No,Month-to-month,No,Electronic check,40.88,0.0,Yes
1819-TR02384,Male,0,No,Yes,58,Yes,No,DSL,Yes,Yes,No,No,No,No,One year,No,Bank transfer (automatic),53.22,3052.11,No
6081-TR02056,Female,0,Yes,Yes,69,Yes,Yes,Fiber optic,Yes,Yes,No,No,Yes,Yes,One year,Yes,Electronic check,108.03,7548.73,No
8516-TR01940,Male,0,No,No,22,Yes,No,Fiber optic,Yes,No,Yes,Yes,Yes,Yes,Month-to-month,Yes,Electronic check,107.28,2295.08,No
5859-TR00643,Female,0,Yes,No,3,Yes,No,Fiber optic,No,No,Yes,No,No,No,Month-to-month,Yes,Bank transfer (automatic),74.16,222.91,Yes
5463-TR02459,Male,0,No,Yes,44,Yes,Yes,DSL,Yes,No,Yes,No,Yes,Yes,One year,Yes,Credit card (automatic),78.38,3422.5,No
5255-TR02824,Female,0,No,No,6,No,No phone service,DSL,Yes,No,No,No,No,No,Month-to-month,No,Mailed check,29.46,196.08,No
5285-TR01039,Female,0,Yes,Yes,33,Yes,No,No,No internet service,No internet service,No internet service,No internet service,No internet service,No internet service,Two year,Yes,Mailed check,19.19,629.88,No
9288-TR01641,Female,1,No,No,18,Yes,No,Fiber optic,No,No,No,Yes,Yes,Yes,Month-to-month,Yes,Electronic check,94.73,1756.26,Yes
7509-TR00642,Female,1,No,No,6,Yes,No,Fiber optic,No,No,No,No,Yes,Yes,Month-to-month,Yes,Electronic check,89.4,535.81,No
9072-TR00273,Male,0,No,No,60,Yes,Yes,Fiber optic,No,Yes,Yes,Yes,Yes,Yes,Month-to-month,Yes,Electronic check,112.56,6534.2,No
5682-TR01561,Female,0,Yes,No,50,Yes,Yes,Fiber optic,No,Yes,Yes,No,Yes,Yes,Month-to-month,Yes,Electronic check,103.75,5051.15,Yes
5534-TR02297,Male,0,Yes,Yes,55,Yes,No,No,No internet service,No internet service,No internet service,No internet service,No internet service,No internet service,Two year,No,Credit card (automatic),19.77,1064.84,No
7165-TR01352,Female,0,Yes,Yes,13,Yes,No,DSL,No,No,Yes,Yes,No,No,Month-to-month,No,Credit card (automatic),56.01,739.18,Yes
9405-TR01973,Female,0,Yes,No,53,No,No phone service,DSL,Yes,Yes,Yes,No,Yes,Yes,Month-to-month,Yes,Bank transfer (automatic),54.85,2955.04,No
9915-TR01499,Female,1,No,No,57,Yes,Yes,Fiber optic,Yes,Yes,Yes,No,Yes,Yes,One year,No,Electronic check,107.3,6320.98,No
1917-TR01137,Female,1,No,No,34,Yes,No,DSL,No,Yes,No,Yes,No,No,Month-to-month,No,Bank transfer (automatic),55.78,1870.61,No
3140-TR02187,Female,0,Yes,Yes,18,Yes,No,Fiber optic,No,No,No,No,No,Yes,Month-to-month,Yes,Bank transfer (automatic),78.83,1345.97,No
3131-TR00720,Male,1,Yes,No,17,Yes,No,DSL,Yes,Yes,No,No,No,Yes,Month-to-month,Yes,Bank transfer (automatic),65.23,1065.87,No
6644-TR01635,Female,0,Yes,No,72,Yes,Yes,DSL,Yes,Yes,Yes,Yes,Yes,Yes,Two year,No,Credit card (automatic),80.36,5884.28,No
7273-TR02112,Male,0,Yes,Yes,71,Yes,Yes,DSL,Yes,Yes,No,Yes,No,No,One year,Yes,Credit card (automatic),66.29,4362.3,No
3675-YDUPJ,Male,0,No,No,10,Yes,No,No,No internet service,No internet service,No internet service,No internet service,No internet service,No internet service,Month-to-month,Yes,Mailed check,19.85,193.05,No
6668-TR01945,Female,0,No,No,45,Yes,No,Fiber optic,No,No,Yes,No,No,No,Month-to-month,Yes,Credit card (automatic),76.14,3433.94,No
1938-TR01054,Male,0,Yes,Yes,30,Yes,No,Fiber optic,No,Yes,Yes,No,No,No,Month-to-month,No,Bank transfer (automatic),86.11,2611.54,No
4726-TR00062,Female,1,No,No,34,Yes,No,DSL,No,Yes,No,Yes,No,No,Month-to-month,No,Bank transfer (automatic),54.51,1917.45,No
7957-TR00534,Female,0,Yes,Yes,65,Yes,Yes,DSL,Yes,Yes,Yes,No,No,No,Month-to-month,Yes,Bank transfer (automatic),62.52,4194.13,No
3062-TR01346,Female,1,No,No,2,Yes,No,Fiber optic,No,No,No,No,Yes,Yes,Month-to-month,Yes,Electronic check,91.71,175.62,No
5602-TR00691,Female,0,No,No,8,Yes,No,DSL,No,Yes,No,No,No,No,Month-to-month,No,Bank transfer (automatic),47.28,385.78,No
2446-TR00069,Male,0,No,No,0,Yes,No,DSL,No,Yes,No,No,No,No,Month-to-month,No,Mailed check,49.37,0.76,No
6474-TR00052,Female,0,Yes,Yes,8,Yes,No,DSL,Yes,No,No,No,No,No,One year,No,Mailed check,48.66,386.49,No
5848-TR02176,Male,0,No,No,0,Yes,Yes,Fiber optic,No,No,No,No,No,No,Month-to-month,Yes,Electronic check,75.95,0.0,Yes
1431-TR02420,Female,0,Yes,Yes,16,Yes,No,Fiber optic,No,No,No,No,No,Yes,Month-to-month,Yes,Bank transfer (automatic),81.04,1297.35,No
4855-TR00418,Female,0,No,No,5,Yes,No,Fiber optic,No,No,No,No,No,No,Month-to-month,Yes,Electronic check,67.18,328.15,No
7760-TR01918,Female,0,Yes,Yes,15,No,No phone service,DSL,Yes,No,No,No,Yes,Yes,Month-to-month,No,Electronic check,50.96,725.01,No
1343-EHPYB,Male,0,Yes,No,63,Yes,Yes,Fiber optic,No,Yes,Yes,No,Yes,Yes,Month-to-month,Yes,Electronic check,103.4,6603.0,Yes
1138-TR02286,Male,0,No,No,32,Yes,No,Fiber optic,Yes,No,No,Yes,Yes,No,Two year,Yes,Electronic check,91.04,2959.69,No
9262-TR01823,Female,0,No,No,0,Yes,No,No,No internet service,No internet service,No internet service,No internet service,No internet service,No internet service,Month-to-month,Yes,Bank transfer (automatic),20.12,0.0,No
7584-TR01541,Female,0,Yes,Yes,49,Yes,No,No,No internet service,No internet service,No internet service,No internet service,No internet service,No internet service,Two year,No,Bank transfer (automatic),21.21,1037.57,No
9413-TR00500,Female,0,Yes,No,3,Yes,No,DSL,No,No,No,No,No,No,Month-to-month,Yes,Credit card (automatic),44.7,139.84,Yes
4918-TR02658,Female,0,No,No,21,Yes,No,Fiber optic,Yes,No,No,No,No,No,Month-to-month,Yes,Bank transfer (automatic),73.63,1507.53,No
2954-PIBKO,Female,0,Yes,Yes,69,Yes,Yes,DSL,Yes,No,Yes,Yes,No,No,Two year,Yes,Credit card (automatic),64.15,4254.1,No
9305-CDSKC,Female,0,No,No,8,Yes,Yes,Fiber optic,No,No,Yes,No,Yes,Yes,Month-to-month,Yes,Electronic check,99.65,820.5,Yes
7667-TR02101,Male,1,No,No,27,Yes,Yes,Fiber optic,No,No,No,No,No,No,Month-to-month,Yes,Electronic check,78.42,2255.59,Yes
2466-TR02804,Male,0,No,No,67,Yes,No,DSL,No,No,No,Yes,No,No,Two year,No,Bank transfer (automatic),47.5,3154.16,No
8034-TR01607,Male,0,No,No,14,Yes,Yes,No,No internet service,No internet service,No internet service,No internet service,No internet service,No internet service,Two year,No,Bank transfer (automatic),25.35,364.78,No
2551-TR02840,Female,0,No,No,5,Yes,No,Fiber optic,No,No,No,No,No,No,Month-to-month,Yes,Electronic check,71.85,353.5,Yes
3383-TR01639,Male,1,Yes,No,25,No,No phone service,DSL,Yes,No,No,No,No,No,Month-to-month,No,Credit card (automatic),34.47,864.53,Yes
4766-TR02277,Female,1,No,No,14,Yes,Yes,Fiber optic,No,No,No,No,No,No,Month-to-month,Yes,Mailed check,78.72,1121.21,Yes
5541-TR01572,Female,0,Yes,Yes,68,Yes,Yes,Fiber optic,Yes,Yes,No,No,Yes,Yes,One year,Yes,Electronic check,102.85,7091.71,No
5070-TR01365,Male,0,No,No,44,No,No phone service,DSL,Yes,No,Yes,Yes,No,No,One year,No,Bank transfer (automatic),43.89,1983.42,No
3033-TR00223,Female,0,No,No,11,Yes,No,Fiber optic,No,Yes,Yes,No,No,No,Month-to-month,Yes,Electronic check,80.27,893.61,Yes
9226-TR01564,Female,0,No,Yes,0,Yes,No,Fiber optic,Yes,No,No,No,No,No,Month-to-month,Yes,Mailed check,71.19,0.0,Yes
6126-TR00984,Female,1,No,No,7,Yes,No,Fiber optic,No,No,No,No,Yes,Yes,Month-to-month,Yes,Electronic check,90.05,612.55,No
2430-TR00657,Female,0,Yes,No,48,Yes,Yes,Fiber optic,No,No,Yes,No,Yes,Yes,Month-to-month,Yes,Electronic check,100.48,4734.42,No
9917-TR00827,Female,0,No,No,38,Yes,No,No,No internet service,No internet service,No internet service,No internet service,No internet service,No internet service,Two year,No,Mailed check,18.0,690.38,No
2440-TR01911,Female,0,Yes,Yes,9,Yes,No,DSL,No,No,No,Yes,Yes,Yes,Month-to-month,Yes,Electronic check,71.65,617.8,No
6814-TR00126,Female,0,Yes,Yes,67,Yes,Yes,Fiber optic,Yes,Yes,Yes,No,Yes,Yes,One year,Yes,Credit card (automatic),104.0,6966.34,No
1021-TR00629,Female,1,No,No,33,Yes,No,DSL,No,Yes,No,Yes,No,No,Month-to-month,No,Bank transfer (automatic),55.34,1798.62,No
8879-TR02490,Female,0,Yes,No,55,No,No phone service,DSL,Yes,Yes,Yes,No,Yes,Yes,Month-to-month,Yes,Bank transfer (automatic),59.26,3328.4,No
5880-TR00184,Female,0,Yes,Yes,7,Yes,No,DSL,No,No,Yes,Yes,No,No,Month-to-month,No,Credit card (automatic),53.36,379.44,Yes
1216-TR01742,Male,1,No,No,3,No,No phone service,DSL,No,No,Yes,No,No,Yes,Month-to-month,Yes,Electronic check,39.06,116.53,Yes
9140-TR02036,Male,0,No,No,34,Yes,No,DSL,Yes,No,Yes,No,No,No,One year,No,Mailed check,55.37,1952.96,No
6765-TR01399,Male,0,No,No,1,Yes,No,Fiber optic,No,No,No,No,No,Yes,Month-to-month,No,Electronic check,78.71,78.71,Yes
3222-TR02072,Male,0,Yes,Yes,53,Yes,No,DSL,Yes,Yes,No,Yes,No,No,Month-to-month,No,Credit card (automatic),61.95,3349.72,No
5999-TR01178,Female,0,Yes,Yes,12,Yes,No,Fiber optic,No,No,No,No,No,Yes,Month-to-month,Yes,Bank transfer (automatic),80.06,985.41,No
7722-TR00909,Female,1,No,No,13,Yes,No,Fiber optic,No,Yes,No,No,Yes,Yes,Month-to-month,Yes,Electronic check,96.87,1255.89,Yes
3408-TR01376,Male,1,Yes,Yes,69,Yes,Yes,Fiber optic,No,Yes,Yes,Yes,Yes,Yes,One year,Yes,Electronic check,109.46,7555.55,No
3001-TR02669,Female,0,No,No,65,Yes,Yes,DSL,Yes,No,No,No,No,No,Month-to-month,No,Mailed check,52.79,3216.33,No
7773-TR01677,Male,1,Yes,No,58,Yes,Yes,Fiber optic,No,Yes,No,No,No,Yes,Month-to-month,Yes,Electronic check,89.91,4997.26,No
7871-TR01858,Female,0,No,No,6,Yes,No,Fiber optic,No,No,No,No,No,No,Month-to-month,Yes,Bank transfer (automatic),65.84,387.83,Yes
8593-TR00527,Male,0,No,No,3,Yes,No,DSL,Yes,Yes,No,No,No,No,Month-to-month,Yes,Mailed check,52.73,159.4,Yes
6667-TR01704,Female,0,No,No,20,Yes,No,Fiber optic,Yes,No,No,Yes,No,Yes,Month-to-month,Yes,Electronic check,88.2,1856.95,No
7237-TR02765,Male,0,No,Yes,10,Yes,No,Fiber optic,No,No,No,No,Yes,No,Month-to-month,Yes,Credit card (automatic),82.34,865.02,No
9025-TR00955,Male,0,No,Yes,0,Yes,No,No,No internet service,No internet service,No internet service,No internet service,No internet service,No internet service,Month-to-month,No,Mailed check,19.83,0.29,No
4829-TR02055,Female,1,No,No,35,Yes,No,DSL,No,Yes,No,Yes,No,No,Month-to-month,No,Bank transfer (automatic),53.86,1847.51,No
3286-TR02546,Female,0,No,No,8,Yes,No,DSL,No,Yes,No,No,No,No,Month-to-month,No,Bank transfer (automatic),50.57,416.33,No
8406-TR01897,Female,0,No,No,4,Yes,No,No,No internet service,No internet service,No internet service,No internet service,No internet service,No internet service,Month-to-month,Yes,Bank transfer (automatic),22.99,92.06,No
5635-TR02495,Female,0,Yes,Yes,57,Yes,Yes,DSL,Yes,Yes,Yes,Yes,Yes,Yes,Two year,No,Mailed check,85.51,4789.39,No
8749-TR00753,Male,0,Yes,No,68,Yes,Yes,DSL,Yes,Yes,Yes,Yes,Yes,Yes,Two year,Yes,Bank transfer (automatic),86.78,5901.81,No
1593-TR01595,Male,0,No,No,22,Yes,No,Fiber optic,Yes,No,Yes,Yes,Yes,Yes,Month-to-month,Yes,Electronic check,103.91,2291.07,No
3358-TR00322,Female,0,Yes,Yes,52,Yes,Yes,Fiber optic,No,No,Yes,No,Yes,Yes,One year,Yes,Credit card (automatic),98.05,5105.16,No
8577-TR01025,Female,0,Yes,Yes,65,No,No phone service,DSL,No,Yes,Yes,Yes,Yes,Yes,Two year,No,Credit card (automatic),66.37,4207.49,No
4632-TR02782,Female,0,No,No,41,Yes,No,Fiber optic,No,Yes,No,Yes,Yes,Yes,Two year,Yes,Bank transfer (automatic),103.1,4159.25,No
4551-TR01843,Male,0,No,No,2,Yes,No,Fiber optic,No,No,No,No,No,No,Month-to-month,Yes,Electronic check,69.93,133.61,Yes
3607-TR02737,Male,0,Yes,Yes,37,Yes,No,DSL,Yes,No,Yes,No,Yes,Yes,One year,No,Credit card (automatic),69.52,2477.59,No
5749-TR01479,Male,1,Yes,No,57,Yes,Yes,Fiber optic,No,Yes,No,No,No,Yes,Month-to-month,Yes,Electronic check,91.78,5166.21,No
7888-TR02853,Female,1,No,No,8,Yes,No,Fiber optic,No,Yes,No,No,Yes,Yes,Month-to-month,Yes,Electronic check,94.03,735.8,Yes
6234-RAAPL,Female,0,Yes,Yes,72,Yes,Yes,Fiber optic,Yes,Yes,No,Yes,Yes,No,Two year,No,Bank transfer (automatic),99.9,7251.7,No
3413-BMNZE,Male,1,No,No,1,Yes,No,DSL,No,No,No,No,No,No,Month-to-month,No,Bank transfer (automatic),45.25,45.25,No
6269-TR01759,Female,0,No,No,47,Yes,No,No,No internet service,No internet service,No internet service,No internet service,No internet service,No internet service,Two year,Yes,Mailed check,18.58,875.87,No
6286-TR00431,Female,0,Yes,Yes,12,Yes,No,No,No internet service,No internet service,No internet service,No internet service,No internet service,No internet service,One year,No,Mailed check,18.45,227.95,No
8884-TR01021,Female,0,Yes,Yes,72,Yes,Yes,Fiber optic,Yes,Yes,Yes,Yes,Yes,Yes,Two year,No,Credit card (automatic),111.7,7977.52,No
9680-TR01558,Male,0,Yes,Yes,16,Yes,No,DSL,Yes,No,No,No,No,No,Month-to-month,Yes,Mailed check,48.95,753.88,No
5427-TR02778,Male,0,Yes,No,63,Yes,No,Fiber optic,No,Yes,Yes,Yes,Yes,Yes,One year,Yes,Credit card (automatic),97.34,6076.72,No
1118-TR02361,Female,0,No,No,45,Yes,No,Fiber optic,No,Yes,Yes,No,Yes,No,Month-to-month,Yes,Electronic check,94.99,4463.66,No
3028-TR01079,Male,0,No,No,55,Yes,No,No,No internet service,No internet service,No internet service,No internet service,No internet service,No internet service,Two year,No,Bank transfer (automatic),19.65,1107.06,No
3484-TR01562,Male,0,Yes,No,14,Yes,Yes,Fiber optic,No,No,No,No,No,No,Month-to-month,Yes,Electronic check,74.4,1094.58,No
8501-TR01026,Male,0,Yes,Yes,27,Yes,No,Fiber optic,No,Yes,Yes,No,No,No,Month-to-month,No,Bank transfer (automatic),80.17,2282.33,No
3959-TR02771,Male,1,No,No,16,Yes,No,Fiber optic,No,Yes,No,No,No,No,Month-to-month,Yes,Electronic check,72.46,1193.47,Yes
1799-TR02029,Female,0,Yes,No,61,No,No phone service,DSL,Yes,Yes,Yes,No,Yes,Yes,Month-to-month,Yes,Bank transfer (automatic),60.66,3526.62,No
4199-TR00082,Female,1,Yes,No,41,Yes,Yes,Fiber optic,No,No,No,No,No,No,Month-to-month,Yes,Electronic check,82.47,3268.57,Yes
4286-TR01615,Male,0,No,No,67,Yes,No,DSL,No,No,No,Yes,No,No,Two year,No,Bank transfer (automatic),48.82,3418.16,No
2770-TR00040,Male,0,No,No,28,Yes,No,Fiber optic,Yes,No,Yes,Yes,Yes,Yes,Month-to-month,Yes,Electronic check,110.52,3004.53,No
4185-TR02116,Male,1,Yes,Yes,70,Yes,Yes,Fiber optic,No,Yes,Yes,Yes,Yes,Yes,One year,Yes,Electronic check,106.7,7306.27,No
9018-TR02167,Male,0,No,No,6,Yes,No,Fiber optic,No,No,No,No,No,No,Month-to-month,Yes,Electronic check,67.14,398.13,Yes
3186-TR01311,Female,0,Yes,Yes,8,Yes,No,No,No internet service,No internet service,No internet service,No internet service,No internet service,No internet service,Month-to-month,No,Mailed check,18.0,145.35,No
4809-TR00825,Female,1,No,No,9,Yes,No,Fiber optic,No,Yes,No,No,Yes,Yes,Month-to-month,Yes,Electronic check,91.97,794.7,Yes
8253-TR02724,Male,0,No,No,20,Yes,No,No,No internet service,No internet service,No internet service,No internet service,No internet service,No internet service,Two year,No,Mailed check,20.25,387.12,No
1124-TR01650,Male,0,Yes,Yes,37,Yes,No,DSL,Yes,No,Yes,No,Yes,Yes,One year,No,Credit card (automatic),74.12,2750.99,No
1462-TR02126,Female,0,No,No,59,Yes,Yes,DSL,Yes,Yes,Yes,Yes,Yes,No,Two year,Yes,Credit card (automatic),80.95,4419.89,No
2371-TR02399,Female,0,Yes,Yes,72,Yes,Yes,Fiber optic,Yes,Yes,No,No,Yes,Yes,One year,Yes,Electronic check,101.56,7234.65,No
8638-TR01049,Male,0,No,No,28,No,No phone service,DSL,Yes,No,No,No,Yes,Yes,One year,Yes,Mailed check,53.24,1503.17,No
6233-TR00027,Male,0,Yes,Yes,6,Yes,No,DSL,No,Yes,No,No,No,No,One year,No,Mailed check,46.79,283.78,No
9246-TR01326,Male,0,No,No,4,Yes,No,No,No internet service,No internet service,No internet service,No internet service,No internet service,No internet service,Month-to-month,No,Mailed check,25.86,102.11,Yes
3076-TR02318,Male,0,No,No,2,Yes,No,No,No internet service,No internet service,No internet service,No internet service,No internet service,No internet service,One year,No,Mailed check,21.92,41.97,No
5586-TR01767,Male,0,No,No,6,Yes,No,DSL,No,Yes,No,No,No,No,Month-to-month,No,Mailed check,48.82,297.96,No
5885-TR01926,Female,0,Yes,No,0,Yes,No,DSL,No,No,No,No,Yes,No,Month-to-month,No,Mailed check,54.1,1.61,Yes
7358-TR01380,Female,0,Yes,No,39,Yes,Yes,DSL,No,Yes,No,No,No,No,Month-to-month,No,Credit card (automatic),58.3,2318.02,No
1038-TR01649,Male,0,No,No,52,Yes,No,No,No internet service,No internet service,No internet service,No internet service,No internet service,No internet service,Two year,No,Bank transfer (automatic),18.7,1001.88,No
3780-YVMFA,Female,0,Yes,Yes,8,Yes,No,DSL,No,No,No,Yes,Yes,Yes,Month-to-month,Yes,Electronic check,68.55,564.35,No
8115-TR02220,Female,1,Yes,No,28,Yes,Yes,DSL,Yes,No,No,Yes,Yes,No,Month-to-month,Yes,Credit card (automatic),65.84,1885.53,No
2816-TR01746,Female,0,Yes,Yes,44,Yes,Yes,No,No internet service,No internet service,No internet service,No internet service,No internet service,No internet service,One year,Yes,Credit card (automatic),27.46,1184.83,No
5835-TR00396,Male,0,Yes,Yes,72,Yes,No,No,No internet service,No internet service,No internet service,No internet service,No internet service,No internet service,Two year,No,Credit card (automatic),20.12,1363.55,No
2852-TR00608,Female,0,Yes,No,56,Yes,Yes,DSL,No,Yes,No,Yes,No,No,Two year,Yes,Credit card (automatic),61.44,3289.23,No
4542-TR01733,Female,0,Yes,Yes,60,Yes,No,No,No internet service,No internet service,No internet service,No internet service,No internet service,No internet service,Two year,No,Mailed check,18.0,1056.45,No
2749-CTKAJ,Male,0,Yes,Yes,22,Yes,No,No,No internet service,No internet service,No internet service,No internet service,No internet service,No internet service,One year,No,Mailed check,20.15,419.9,No
2170-TR01624,Male,0,Yes,Yes,46,Yes,Yes,Fiber optic,Yes,No,No,No,Yes,Yes,One year,No,Electronic check,94.97,4303.22,No
1344-TR01535,Female,0,No,No,0,Yes,No,Fiber optic,No,No,No,No,Yes,Yes,Month-to-month,Yes,Electronic check,89.88,0.7,Yes
5772-TR01280,Female,0,Yes,Yes,8,Yes,No,No,No internet service,No internet service,No internet service,No internet service,No internet service,No internet service,One year,No,Mailed check,21.57,172.86,No
2341-TR00026,Male,0,Yes,Yes,46,Yes,No,DSL,Yes,Yes,No,Yes,No,No,Month-to-month,No,Credit card (automatic),58.04,2582.93,No
4998-TR00360,Male,0,No,No,4,Yes,No,Fiber optic,No,No,No,No,No,No,Month-to-month,Yes,Electronic check,69.69,286.39,Yes
4597-TR01844,Female,0,Yes,Yes,34,Yes,Yes,No,No internet service,No internet service,No internet service,No internet service,No internet service,No internet service,Two year,No,Credit card (automatic),21.3,699.96,No
9499-TR02188,Female,0,No,No,10,Yes,Yes,Fiber optic,No,No,Yes,No,Yes,Yes,Month-to-month,Yes,Bank transfer (automatic),93.86,939.03,Yes
4164-TR00265,Female,0,No,No,47,Yes,No,No,No internet service,No internet service,No internet service,No internet service,No internet service,No internet service,Two year,Yes,Mailed check,19.41,924.69,No
8041-TR01894,Female,0,No,No,25,Yes,Yes,No,No internet service,No internet service,No internet service,No internet service,No internet service,No internet service,Month-to-month,No,Electronic check,27.64,702.28,No
5248-YGIJN,Male,0,Yes,No,72,Yes,Yes,DSL,Yes,Yes,Yes,Yes,Yes,Yes,Two year,Yes,Credit card (automatic),90.25,6369.45,No
6474-TR00238,Female,0,No,No,63,Yes,Yes,DSL,Yes,Yes,Yes,Yes,Yes,No,Two year,Yes,Credit card (automatic),80.33,5398.0,No
7301-ABVAD,Female,0,No,No,72,Yes,Yes,DSL,No,Yes,Yes,Yes,Yes,Yes,Two year,No,Bank transfer (automatic),86.6,6350.5,No
4930-TR00430,Male,0,Yes,No,68,No,No phone service,DSL,Yes,Yes,Yes,Yes,Yes,No,Two year,Yes,Bank transfer (automatic),57.84,3950.45,No
1308-TR02299,Female,0,Yes,No,5,No,No phone service,DSL,No,Yes,No,No,No,No,Month-to-month,Yes,Electronic check,30.24,154.38,No
8050-TR02449,Male,0,No,No,67,Yes,No,DSL,No,No,No,Yes,No,No,Two year,No,Bank transfer (automatic),53.56,3523.09,No
4258-TR01140,Female,0,Yes,Yes,67,Yes,Yes,DSL,Yes,Yes,No,No,Yes,No,Two year,Yes,Credit card (automatic),74.14,4876.67,No
4092-TR02195,Male,1,Yes,No,56,No,No phone service,DSL,No,Yes,Yes,No,No,Yes,Month-to-month,Yes,Electronic check,46.8,2624.16,Yes
1349-TR02873,Male,0,Yes,No,61,Yes,No,No,No internet service,No internet service,No internet service,No internet service,No internet service,No internet service,One year,Yes,Credit card (automatic),23.7,1493.8,No
9446-TR01165,Male,0,No,No,4,Yes,Yes,Fiber optic,No,No,No,No,No,No,Month-to-month,Yes,Electronic check,75.08,294.03,Yes
6812-TR02589,Female,0,Yes,Yes,5,Yes,No,No,No internet service,No internet service,No internet service,No internet service,No internet service,No internet service,Month-to-month,No,Mailed check,20.88,100.14,No
1347-TR00553,Male,0,Yes,Yes,7,Yes,Yes,Fiber optic,No,Yes,Yes,No,No,No,Month-to-month,Yes,Bank transfer (automatic),85.23,591.13,Yes
3316-UWXUY,Male,0,No,No,50,Yes,No,Fiber optic,Yes,Yes,No,Yes,No,Yes,Month-to-month,Yes,Credit card (automatic),93.5,4747.5,No
5814-TR01171,Female,0,Yes,Yes,62,Yes,Yes,Fiber optic,Yes,No,No,No,Yes,Yes,One year,Yes,Credit card (automatic),98.54,5725.76,No
1423-TR00653,Male,0,No,No,45,Yes,No,Fiber optic,No,No,No,No,No,No,Month-to-month,No,Credit card (automatic),69.39,3034.66,No
3916-TR01728,Male,0,No,Yes,37,Yes,Yes,Fiber optic,No,Yes,No,No,No,No,Month-to-month,Yes,Mailed check,80.21,2973.57,No
1471-TR01336,Male,0,Yes,No,68,Yes,No,No,No internet service,No internet service,No internet service,No internet service,No internet service,No internet service,Two year,No,Mailed check,18.0,1192.75,No
6322-HRPFA,Male,0,Yes,Yes,49,Yes,No,DSL,Yes,Yes,No,Yes,No,No,Month-to-month,No,Credit card (automatic),59.6,2970.3,No
4585-TR00352,Male,0,No,No,1,Yes,No,Fiber optic,No,No,No,No,No,Yes,Month-to-month,No,Electronic check,77.96,77.96,Yes
1859-TR01577,Female,0,Yes,Yes,27,Yes,No,DSL,Yes,No,Yes,Yes,Yes,Yes,One year,Yes,Mailed check,84.41,2229.05,No
9237-HQITU,Female,0,No,No,2,Yes,No,Fiber optic,No,No,No,No,No,No,Month-to-month,Yes,Electronic check,70.7,151.65,Yes
4484-GLZOU,Female,0,Yes,No,52,Yes,Yes,Fiber optic,No,Yes,Yes,No,Yes,Yes,Month-to-month,Yes,Electronic check,105.05,5624.85,Yes
8038-TR01462,Male,0,Yes,Yes,72,Yes,No,No,No internet service,No internet service,No internet service,No internet service,No internet service,No internet service,Two year,No,Credit card (automatic),18.53,1339.6,No
6909-TR00174,Male,0,No,No,52,Yes,Yes,No,No internet service,No internet service,No internet service,No internet service,No internet service,No internet service,Two year,No,Bank transfer (automatic),21.52,1174.5,No
7795-CFOCW,Male,0,No,No,45,No,No phone service,DSL,Yes,No,Yes,Yes,No,No,One year,No,Bank transfer (automatic),42.3,1840.75,No
5644-TR00953,Female,0,No,Yes,21,Yes,No,DSL,No,No,No,No,Yes,Yes,Month-to-month,Yes,Mailed check,60.11,1231.58,Yes
2604-TR00626,Female,0,No,No,15,Yes,Yes,Fiber optic,No,No,No,No,No,Yes,Month-to-month,Yes,Electronic check,84.56,1319.34,No
7017-VFHAY,Female,0,Yes,Yes,61,Yes,Yes,Fiber optic,Yes,Yes,Yes,Yes,Yes,Yes,Two year,No,Credit card (automatic),115.1,7008.15,No
6802-TR00770,Female,0,No,No,13,Yes,Yes,Fiber optic,Yes,No,No,No,No,No,Month-to-month,Yes,Electronic check,78.25,1032.08,Yes
9385-EHGDO,Female,0,Yes,Yes,35,Yes,No,No,No internet service,No internet service,No internet service,No internet service,No internet service,No internet service,Two year,Yes,Mailed check,19.85,739.35,No
5294-TR02144,Female,0,Yes,Yes,13,Yes,No,DSL,Yes,No,No,No,No,No,One year,No,Mailed check,45.61,582.09,No
2361-TR00867,Male,0,No,No,54,Yes,No,No,No internet service,No internet service,No internet service,No internet service,No internet service,No internet service,Two year,No,Bank transfer (automatic),19.38,1005.92,No
8064-TR02391,Female,1,No,No,13,Yes,No,DSL,No,Yes,Yes,No,No,No,Month-to-month,Yes,Electronic check,56.63,742.87,No
9095-TR01233,Female,1,No,No,5,Yes,Yes,Fiber optic,No,No,No,No,No,No,Month-to-month,Yes,Electronic check,75.36,364.79,No
6973-TR01312,Female,0,Yes,Yes,64,Yes,Yes,Fiber optic,Yes,Yes,Yes,Yes,Yes,Yes,Two year,No,Credit card (automatic),111.28,6981.34,No
2368-TR02680,Female,0,No,No,47,Yes,No,Fiber optic,No,No,Yes,No,No,No,Month-to-month,Yes,Credit card (automatic),81.22,3706.17,No
7412-TR02882,Female,1,Yes,No,71,Yes,Yes,Fiber optic,Yes,Yes,Yes,Yes,No,No,Two year,Yes,Credit card (automatic),96.56,7088.21,No
3726-TR02193,Male,0,Yes,No,64,Yes,No,No,No internet service,No internet service,No internet service,No internet service,No internet service,No internet service,One year,Yes,Credit card (automatic),20.33,1322.28,No
4130-TR02423,Female,0,Yes,Yes,31,Yes,No,No,No internet service,No internet service,No internet service,No internet service,No internet service,No internet service,Two year,Yes,Mailed check,18.0,554.71,No
4334-TR01696,Male,0,No,No,6,Yes,No,DSL,No,Yes,No,No,No,No,Month-to-month,No,Mailed check,48.31,298.62,No
6614-TR02662,Female,0,No,Yes,4,Yes,No,DSL,Yes,No,No,Yes,No,Yes,Month-to-month,Yes,Bank transfer (automatic),63.97,250.15,No
4092-TR01682,Male,0,Yes,No,64,Yes,Yes,Fiber optic,No,Yes,Yes,No,Yes,Yes,Month-to-month,Yes,Electronic check,106.8,6805.84,Yes
7318-TR01468,Female,0,Yes,Yes,10,Yes,No,DSL,Yes,No,No,No,No,No,Month-to-month,No,Mailed check,47.74,469.47,No
2029-TR01012,Male,0,Yes,No,19,Yes,Yes,Fiber optic,No,No,No,No,No,No,Month-to-month,Yes,Electronic check,69.41,1316.63,No
6283-TR01248,Female,0,Yes,Yes,39,Yes,No,DSL,Yes,No,No,Yes,Yes,Yes,One year,Yes,Credit card (automatic),72.36,2823.06,No
4107-TR00329,Male,0,Yes,Yes,41,Yes,Yes,Fiber optic,Yes,No,No,No,Yes,Yes,One year,No,Electronic check,95.49,3984.82,No
4961-TR02179,Male,1,No,No,0,No,No phone service,DSL,No,No,Yes,No,No,Yes,Month-to-month,Yes,Electronic check,39.11,2.04,Yes
7177-TR01200,Male,0,No,No,66,No,No phone service,DSL,Yes,Yes,No,Yes,Yes,Yes,Two year,Yes,Bank transfer (automatic),61.02,4060.9,No
6734-PSBAW,Male,0,Yes,No,72,Yes,Yes,No,No internet service,No internet service,No internet service,No internet service,No internet service,No internet service,Two year,Yes,Bank transfer (automatic),23.55,1723.95,No
5883-TR01982,Female,1,No,No,17,Yes,Yes,Fiber optic,No,No,No,No,No,No,Month-to-month,Yes,Mailed check,78.52,1335.61,Yes
5563-TR02129,Male,0,Yes,Yes,3,Yes,Yes,Fiber optic,No,Yes,Yes,No,No,No,Month-to-month,Yes,Bank transfer (automatic),88.06,265.84,Yes
5936-TR00876,Female,0,Yes,Yes,15,Yes,No,No,No internet service,No internet service,No internet service,No internet service,No internet service,No internet service,One year,No,Mailed check,18.34,269.14,No
5967-TR02333,Male,0,Yes,Yes,8,Yes,No,DSL,No,Yes,No,No,No,No,One year,No,Mailed check,54.05,461.51,No
4130-MZLCC,Female,0,No,No,5,Yes,No,DSL,No,Yes,No,No,No,No,Month-to-month,No,Bank transfer (automatic),50.55,244.75,No
2796-NNUFI,Female,0,Yes,Yes,46,Yes,No,No,No internet service,No internet service,No internet service,No internet service,No internet service,No internet service,Two year,Yes,Mailed check,19.95,927.1,No
7652-TR02596,Female,0,No,No,13,Yes,No,No,No internet service,No internet service,No internet service,No internet service,No internet service,No internet service,One year,Yes,Bank transfer (automatic),22.06,292.5,No
7516-TR01779,Male,0,No,No,1,Yes,No,Fiber optic,Yes,No,No,No,No,Yes,Month-to-month,Yes,Mailed check,83.37,83.37,Yes
1269-TR01899,Female,0,No,No,11,Yes,Yes,Fiber optic,No,No,No,No,No,Yes,Month-to-month,Yes,Electronic check,89.9,1002.35,No
9459-TR00243,Female,0,No,No,44,Yes,Yes,Fiber optic,No,Yes,Yes,No,Yes,Yes,Two year,Yes,Electronic check,104.36,4545.75,Yes
8773-HHUOZ,Female,0,No,Yes,17,Yes,No,DSL,No,No,No,No,Yes,Yes,Month-to-month,Yes,Mailed check,64.7,1093.1,Yes
2129-TR01840,Female,0,Yes,Yes,14,Yes,No,No,No internet service,No internet service,No internet service,No internet service,No internet service,No internet service,Month-to-month,No,Electronic check,18.0,251.69,No
3692-TR00961,Male,0,Yes,No,31,Yes,Yes,Fiber optic,No,No,No,Yes,Yes,No,Month-to-month,Yes,Credit card (automatic),90.9,2785.54,No
3616-TR02385,Female,0,No,No,1,Yes,No,No,No internet service,No internet service,No internet service,No internet service,No internet service,No internet service,Month-to-month,Yes,Bank transfer (automatic),18.0,19.43,No
1278-TR01683,Male,0,Yes,Yes,37,Yes,Yes,DSL,Yes,No,Yes,Yes,No,No,Two year,Yes,Credit card (automatic),62.56,2312.19,No
9254-TR02334,Male,0,Yes,Yes,41,Yes,Yes,Fiber optic,Yes,No,No,No,Yes,Yes,One year,No,Electronic check,95.04,3861.45,No
1759-TR02574,Female,0,Yes,Yes,28,Yes,No,No,No internet service,No internet service,No internet service,No internet service,No internet service,No internet service,One year,No,Electronic check,18.77,514.11,No
7332-TR01782,Female,0,Yes,Yes,29,No,No phone service,DSL,Yes,Yes,Yes,No,Yes,Yes,Month-to-month,Yes,Credit card (automatic),55.73,1594.52,Yes
7807-TR00191,Female,0,Yes,Yes,64,Yes,Yes,Fiber optic,Yes,No,No,No,Yes,Yes,One year,Yes,Credit card (automatic),98.93,6369.4,No
5513-TR01361,Male,0,No,No,72,Yes,Yes,Fiber optic,No,Yes,Yes,Yes,Yes,Yes,Two year,No,Bank transfer (automatic),110.42,8143.47,No
2827-TR02562,Male,1,No,No,27,Yes,Yes,Fiber optic,No,No,No,No,No,No,Month-to-month,Yes,Electronic check,73.22,1946.03,Yes
1105-TR02130,Female,0,No,No,11,Yes,No,DSL,No,Yes,No,No,No,No,Month-to-month,No,Electronic check,51.17,568.44,No
3402-TR02273,Female,0,No,No,10,Yes,Yes,Fiber optic,No,No,Yes,No,Yes,Yes,Month-to-month,Yes,Bank transfer (automatic),102.44,1031.77,Yes
8740-TR01481,Male,0,No,No,34,Yes,Yes,Fiber optic,No,No,Yes,Yes,Yes,No,One year,No,Bank transfer (automatic),94.04,3068.52,No
6077-TR00625,Male,1,Yes,No,22,Yes,Yes,Fiber optic,No,No,No,No,No,Yes,Month-to-month,No,Electronic check,85.8,1988.08,No
1039-TR01353,Female,1,Yes,Yes,60,Yes,No,DSL,Yes,Yes,Yes,Yes,No,Yes,One year,Yes,Credit card (automatic),71.53,4386.23,No
4332-TR00733,Female,0,Yes,Yes,26,Yes,No,No,No internet service,No internet service,No internet service,No internet service,No internet service,No internet service,One year,No,Electronic check,22.42,627.62,No
1347-TR00737,Male,1,Yes,No,0,No,No phone service,DSL,No,Yes,No,No,Yes,No,Month-to-month,No,Electronic check,38.75,0.0,Yes
6511-TR00589,Male,0,No,No,6,Yes,No,Fiber optic,No,No,No,No,No,No,Month-to-month,Yes,Electronic check,71.42,442.05,Yes
5291-TR01042,Male,0,No,No,11,Yes,Yes,Fiber optic,No,No,No,No,Yes,Yes,Month-to-month,No,Mailed check,90.65,964.5,Yes
6772-TR02082,Female,0,Yes,Yes,40,Yes,No,DSL,Yes,No,No,Yes,Yes,Yes,One year,Yes,Credit card (automatic),73.69,3053.12,No
8723-TR00071,Male,0,Yes,Yes,36,Yes,No,DSL,Yes,No,Yes,No,Yes,Yes,One year,No,Credit card (automatic),78.73,2866.55,No
2019-TR01832,Female,1,No,No,9,Yes,No,Fiber optic,No,No,No,No,Yes,Yes,Month-to-month,Yes,Electronic check,89.34,796.8,No
2636-SJDOU,Male,0,No,No,64,Yes,Yes,Fiber optic,Yes,Yes,No,No,No,No,One year,Yes,Credit card (automatic),84.3,5289.05,No
7580-TR00180,Male,0,Yes,No,70,Yes,Yes,DSL,Yes,Yes,Yes,Yes,Yes,Yes,Two year,Yes,Bank transfer (automatic),84.61,5805.85,No
7766-TR00232,Male,0,No,No,46,No,No phone service,DSL,Yes,No,Yes,Yes,No,No,One year,No,Bank transfer (automatic),39.68,1780.78,No
5549-TR00432,Female,0,Yes,Yes,33,Yes,No,No,No internet service,No internet service,No internet service,No internet service,No internet service,No internet service,Two year,Yes,Mailed check,21.94,750.97,No
5524-KHNJP,Male,0,Yes,Yes,33,Yes,No,DSL,Yes,No,Yes,No,Yes,Yes,One year,No,Credit card (automatic),74.75,2453.3,No
2780-TR00345,Female,0,Yes,No,49,Yes,Yes,Fiber optic,No,Yes,Yes,No,Yes,Yes,Month-to-month,Yes,Electronic check,107.1,5660.41,Yes
3164-TR00009,Male,0,No,No,63,Yes,Yes,Fiber optic,Yes,Yes,No,No,No,No,One year,Yes,Credit card (automatic),85.2,5142.27,No
1830-TR02489,Female,0,No,No,7,Yes,No,Fiber optic,No,No,No,No,Yes,No,Month-to-month,Yes,Bank transfer (automatic),79.75,571.76,No
3562-TR00983,Male,0,No,No,2,Yes,Yes,DSL,No,Yes,No,No,No,No,Month-to-month,Yes,Mailed check,54.2,106.34,Yes
7249-TR02519,Male,0,Yes,Yes,51,Yes,Yes,No,No internet service,No internet service,No internet service,No internet service,No internet service,No internet service,Two year,No,Mailed check,26.09,1374.04,No
1941-TR00331,Female,0,No,No,17,Yes,No,Fiber optic,No,Yes,No,Yes,No,No,Month-to-month,Yes,Credit card (automatic),77.89,1257.04,No
7618-TR01762,Male,0,No,No,0,Yes,No,Fiber optic,No,No,No,No,No,No,Month-to-month,No,Mailed check,74.04,0.0,Yes
7569-TR00987,Male,0,No,No,54,Yes,Yes,DSL,No,Yes,Yes,Yes,No,Yes,Two year,Yes,Bank transfer (automatic),71.33,3764.32,No
5329-TR00756,Female,0,Yes,Yes,13,Yes,No,No,No internet service,No internet service,No internet service,No internet service,No internet service,No internet service,One year,No,Mailed check,18.0,220.09,No
6659-TR00043,Male,0,No,No,53,Yes,Yes,Fiber optic,Yes,Yes,No,Yes,Yes,Yes,Two year,Yes,Credit card (automatic),107.74,5945.22,No
4846-WHAFZ,Female,1,Yes,No,37,Yes,Yes,Fiber optic,No,No,No,No,No,No,Month-to-month,Yes,Electronic check,76.5,2868.15,Yes
7102-JJVTX,Female,0,Yes,Yes,9,Yes,No,DSL,Yes,No,No,No,No,No,One year,No,Mailed check,48.6,422.3,No
6737-TR00786,Female,0,No,No,3,Yes,No,Fiber optic,No,No,No,No,Yes,Yes,Month-to-month,Yes,Electronic check,90.04,258.54,Yes
7889-TR01993,Male,0,Yes,No,68,Yes,No,No,No internet service,No internet service,No internet service,No internet service,No internet service,No internet service,Two year,No,Mailed check,21.29,1365.19,No
1929-TR01968,Male,0,No,No,50,Yes,No,No,No internet service,No internet service,No internet service,No internet service,No internet service,No internet service,Two year,No,Bank transfer (automatic),22.18,1128.41,No
5707-TR00851,Female,0,Yes,Yes,28,Yes,No,DSL,Yes,No,Yes,Yes,Yes,Yes,One year,Yes,Mailed check,79.33,2382.48,No
7811-TR02254,Female,0,No,No,0,Yes,No,Fiber optic,No,No,No,No,No,No,Month-to-month,Yes,Electronic check,67.71,1.36,No
1661-TR02003,Female,0,Yes,No,37,Yes,Yes,No,No internet service,No internet service,No internet service,No internet service,No internet service,No internet service,Month-to-month,No,Electronic check,24.19,874.81,No
9409-TR01543,Male,0,No,Yes,33,Yes,No,DSL,No,Yes,Yes,No,Yes,No,One year,No,Credit card (automatic),61.99,1957.0,No
2279-TR01460,Male,0,No,No,12,Yes,No,No,No internet service,No internet service,No internet service,No internet service,No internet service,No internet service,Two year,No,Mailed check,20.55,217.97,No
2602-TR00808,Male,0,No,No,37,Yes,Yes,Fiber optic,No,Yes,Yes,No,Yes,Yes,Month-to-month,Yes,Electronic check,106.19,3903.98,Yes
5760-TR01675,Male,0,No,No,49,Yes,Yes,Fiber optic,No,Yes,Yes,No,Yes,Yes,Month-to-month,Yes,Bank transfer (automatic),106.62,5024.52,Yes
8113-TR02633,Female,1,Yes,No,72,Yes,Yes,Fiber optic,Yes,Yes,Yes,Yes,No,No,Two year,Yes,Credit card (automatic),93.2,6697.6,No
2200-TR00230,Female,0,No,No,13,Yes,Yes,Fiber optic,No,No,Yes,No,Yes,Yes,Month-to-month,Yes,Bank transfer (automatic),93.56,1189.52,Yes
7038-TR01987,Female,0,Yes,Yes,70,Yes,No,No,No internet service,No internet service,No internet service,No internet service,No internet service,No internet service,Two year,No,Bank transfer (automatic),21.43,1479.27,No
9188-TR01135,Male,0,No,Yes,45,Yes,Yes,DSL,Yes,No,Yes,No,Yes,Yes,One year,Yes,Credit card (automatic),80.58,3615.54,No
5153-TR02488,Female,0,No,No,0,Yes,No,Fiber optic,No,No,No,No,No,No,Month-to-month,Yes,Bank transfer (automatic),72.77,0.42,Yes
6050-TR00310,Male,1,No,No,25,Yes,Yes,Fiber optic,No,No,No,No,No,No,Month-to-month,Yes,Electronic check,75.62,1771.91,Yes
9106-TR01196,Female,1,No,No,31,Yes,Yes,Fiber optic,No,No,Yes,No,No,No,Month-to-month,Yes,Electronic check,76.93,2339.84,Yes
7381-TR02217,Male,0,Yes,Yes,51,Yes,Yes,No,No internet service,No internet service,No internet service,No internet service,No internet service,No internet service,Two year,No,Mailed check,25.17,1235.21,No
0123-CRBRT,Female,0,Yes,Yes,61,Yes,Yes,DSL,Yes,Yes,Yes,Yes,Yes,Yes,Two year,No,Mailed check,88.1,5526.75,No
7002-TR02640,Female,0,Yes,Yes,52,Yes,No,No,No internet service,No internet service,No internet service,No internet service,No internet service,No internet service,Two year,No,Bank transfer (automatic),20.2,1019.04,No
5414-TR00378,Female,0,Yes,No,47,Yes,Yes,Fiber optic,Yes,Yes,Yes,Yes,Yes,Yes,One year,No,Mailed check,115.27,5410.24,No
4648-YPBTM,Male,0,No,No,53,Yes,Yes,DSL,No,Yes,Yes,Yes,No,Yes,Two year,Yes,Bank transfer (automatic),73.9,3958.25,No
2801-TR00373,Female,0,No,No,42,Yes,No,Fiber optic,No,Yes,Yes,Yes,Yes,Yes,Month-to-month,Yes,Bank transfer (automatic),106.51,4400.14,No
8982-TR01594,Male,0,Yes,No,69,No,No phone service,DSL,Yes,Yes,Yes,No,No,No,Two year,No,Bank transfer (automatic),39.51,2808.01,No
6168-YBYNP,Male,0,No,No,59,Yes,Yes,Fiber optic,No,Yes,Yes,Yes,Yes,Yes,Month-to-month,Yes,Electronic check,111.35,6519.75,No
1919-TR01426,Female,0,No,No,20,Yes,No,Fiber optic,Yes,No,No,No,No,No,Month-to-month,Yes,Bank transfer (automatic),70.13,1388.29,No
1212-TR00066,Male,0,No,No,31,Yes,No,Fiber optic,Yes,No,No,Yes,Yes,No,Two year,Yes,Electronic check,88.84,2760.61,No
2190-TR00606,Female,0,Yes,Yes,71,Yes,Yes,DSL,Yes,No,Yes,Yes,No,No,Two year,Yes,Credit card (automatic),60.0,4022.48,No
7327-TR01642,Female,0,Yes,Yes,70,Yes,Yes,Fiber optic,Yes,Yes,No,Yes,Yes,No,Two year,No,Bank transfer (automatic),103.83,7110.94,No
7741-TR01701,Female,0,Yes,No,67,Yes,Yes,No,No internet service,No internet service,No internet service,No internet service,No internet service,No internet service,Two year,No,Bank transfer (automatic),22.24,1410.6,No
7654-TR02178,Male,0,Yes,Yes,62,Yes,No,DSL,Yes,Yes,Yes,Yes,Yes,Yes,Two year,No,Electronic check,84.26,5015.59,No
1151-TR00467,Male,0,No,No,19,Yes,No,DSL,No,No,No,No,Yes,Yes,One year,Yes,Bank transfer (automatic),69.22,1237.69,No
4029-TR01865,Male,1,Yes,No,22,Yes,Yes,Fiber optic,No,Yes,No,Yes,Yes,Yes,Month-to-month,No,Electronic check,106.5,2375.48,No
9064-TR02505,Female,0,Yes,No,2,Yes,No,DSL,No,No,No,No,No,No,Month-to-month,Yes,Credit card (automatic),48.26,89.21,Yes
3668-QPYBK,Male,0,No,No,2,Yes,No,DSL,Yes,Yes,No,No,No,No,Month-to-month,Yes,Mailed check,53.85,108.15,Yes
9956-TR01880,Male,0,Yes,No,71,Yes,Yes,DSL,Yes,Yes,Yes,Yes,Yes,Yes,Two year,Yes,Credit card (automatic),86.3,6065.59,No
6292-TOSSS,Male,0,No,No,50,Yes,Yes,No,No internet service,No internet service,No internet service,No internet service,No internet service,No internet service,Two year,No,Bank transfer (automatic),24.9,1195.25,No
6759-TR01180,Male,0,Yes,Yes,66,Yes,Yes,DSL,No,Yes,Yes,Yes,No,Yes,One year,Yes,Bank transfer (automatic),78.79,5250.84,Yes
8020-TR01807,Male,0,No,No,5,Yes,No,No,No internet service,No internet service,No internet service,No internet service,No internet service,No internet service,Month-to-month,No,Mailed check,18.0,87.7,No
2504-DSHIH,Male,1,Yes,No,23,Yes,Yes,Fiber optic,No,No,No,No,No,Yes,Month-to-month,No,Electronic check,86.8,1975.85,No
4546-TR01582,Male,0,Yes,No,65,Yes,Yes,Fiber optic,No,Yes,No,Yes,Yes,Yes,Two year,Yes,Electronic check,104.59,6739.67,No
7843-TR02247,Male,1,Yes,Yes,37,Yes,Yes,Fiber optic,No,Yes,No,No,Yes,Yes,Month-to-month,No,Electronic check,98.13,3777.82,No
7505-TR01938,Male,1,Yes,Yes,64,Yes,Yes,Fiber optic,No,Yes,Yes,Yes,Yes,Yes,One year,Yes,Electronic check,109.3,6902.18,No
5948-UJZLF,Male,0,No,No,2,Yes,No,DSL,No,Yes,No,No,No,No,Month-to-month,No,Mailed check,49.25,97.0,No
7462-TR00503,Male,0,No,No,9,Yes,Yes,Fiber optic,No,No,No,No,No,Yes,Month-to-month,No,Bank transfer (automatic),85.39,815.29,Yes
9070-TR01887,Male,0,No,No,6,Yes,Yes,Fiber optic,No,No,No,No,Yes,Yes,Month-to-month,No,Mailed check,94.34,575.15,Yes
9817-TR01835,Male,1,Yes,No,19,Yes,No,DSL,Yes,Yes,No,No,No,Yes,Month-to-month,Yes,Bank transfer (automatic),64.45,1219.41,No
8583-TR00465,Female,0,Yes,No,54,Yes,Yes,DSL,No,Yes,No,Yes,No,No,Two year,Yes,Credit card (automatic),59.25,3293.56,No
2085-TR00248,Female,0,Yes,Yes,42,Yes,No,DSL,Yes,Yes,No,Yes,Yes,Yes,One year,No,Credit card (automatic),81.8,3470.21,Yes
4056-TR00726,Female,0,No,No,11,Yes,Yes,Fiber optic,No,No,No,No,Yes,Yes,Month-to-month,No,Electronic check,91.06,1021.69,Yes
5612-TR02153,Male,0,Yes,Yes,22,Yes,No,Fiber optic,No,Yes,Yes,Yes,No,No,One year,No,Mailed check,86.84,1968.55,No
5697-GOMBF,Female,1,Yes,Yes,28,No,No phone service,DSL,No,No,No,No,Yes,No,Month-to-month,Yes,Electronic check,35.9,973.65,No
3091-FYHKI,Male,0,No,No,1,No,No phone service,DSL,No,No,No,No,No,Yes,Month-to-month,Yes,Electronic check,35.45,35.45,Yes
8288-TR01038,Male,0,Yes,Yes,69,Yes,Yes,Fiber optic,Yes,No,Yes,No,Yes,Yes,Two year,No,Electronic check,103.03,6912.56,No
8947-TR01724,Male,0,No,Yes,10,Yes,No,Fiber optic,No,No,No,No,Yes,No,Month-to-month,Yes,Credit card (automatic),80.0,826.35,No
2768-TR00153,Female,0,No,No,0,Yes,No,Fiber optic,No,No,No,No,No,No,Month-to-month,Yes,Electronic check,68.3,0.0,No
7870-TR01065,Male,0,Yes,No,66,Yes,No,Fiber optic,No,Yes,Yes,Yes,Yes,Yes,One year,Yes,Credit card (automatic),103.71,7154.71,No
8458-TR01852,Male,1,No,No,0,No,No phone service,DSL,No,No,Yes,No,No,Yes,Month-to-month,Yes,Electronic check,42.26,0.0,Yes
7459-TR01036,Female,0,No,Yes,0,Yes,Yes,No,No internet service,No internet service,No internet service,No internet service,No internet service,No internet service,Month-to-month,No,Mailed check,28.11,0.0,No
1832-TR02809,Male,0,Yes,Yes,35,Yes,No,DSL,Yes,No,Yes,No,Yes,Yes,One year,No,Credit card (automatic),74.45,2589.03,No
4983-TR01857,Male,0,No,No,37,Yes,No,DSL,Yes,No,Yes,No,No,No,One year,No,Mailed check,56.47,2083.6,No
4712-TR00141,Female,0,Yes,Yes,70,Yes,No,No,No internet service,No internet service,No internet service,No internet service,No internet service,No internet service,Two year,No,Bank transfer (automatic),19.97,1407.33,No
6421-TR01829,Female,0,Yes,No,41,Yes,Yes,DSL,No,Yes,No,No,No,No,Month-to-month,No,Credit card (automatic),55.55,2278.34,No
2330-TR00284,Female,0,No,No,7,Yes,Yes,Fiber optic,No,No,Yes,No,Yes,Yes,Month-to-month,Yes,Electronic check,99.16,704.54,Yes
5306-TR02259,Male,1,No,No,0,Yes,No,Fiber optic,No,No,No,Yes,No,No,Month-to-month,No,Electronic check,75.84,1.51,No
6173-TR02632,Male,0,Yes,Yes,72,Yes,Yes,DSL,Yes,Yes,No,Yes,No,No,One year,Yes,Credit card (automatic),68.42,5026.42,No
3492-TR02155,Male,0,Yes,Yes,60,Yes,No,No,No internet service,No internet service,No internet service,No internet service,No internet service,No internet service,Two year,No,Credit card (automatic),20.98,1251.42,No
1430-TR01555,Female,1,Yes,No,35,Yes,Yes,Fiber optic,No,No,No,No,No,No,Month-to-month,Yes,Electronic check,73.14,2455.28,Yes
5833-TR00469,Female,1,Yes,No,0,Yes,No,Fiber optic,No,No,No,No,No,No,Month-to-month,Yes,Mailed check,69.4,0.0,Yes
4982-TR00095,Female,0,Yes,No,18,Yes,No,Fiber optic,Yes,Yes,No,Yes,Yes,No,Month-to-month,Yes,Electronic check,97.06,1686.83,No
9142-KZXOP,Male,0,No,No,44,Yes,No,Fiber optic,No,No,No,No,No,No,Month-to-month,No,Credit card (automatic),68.85,2958.95,No
2920-TR02486,Male,0,No,No,1,Yes,No,No,No internet service,No internet service,No internet service,No internet service,No internet service,No internet service,Month-to-month,No,Bank transfer (automatic),24.6,24.6,No
2491-TR01691,Female,0,Yes,Yes,10,Yes,No,DSL,No,No,No,Yes,Yes,Yes,Month-to-month,Yes,Electronic check,68.32,683.91,No
9803-FTJCG,Male,0,Yes,Yes,71,Yes,Yes,DSL,Yes,Yes,No,Yes,No,No,One year,Yes,Credit card (automatic),66.85,4748.7,No
4847-TR00477,Male,0,No,No,44,No,No phone service,DSL,Yes,No,Yes,Yes,No,No,One year,No,Bank transfer (automatic),43.69,1935.89,No
2555-TR01872,Male,0,Yes,No,54,Yes,No,DSL,Yes,Yes,No,Yes,No,No,Two year,Yes,Electronic check,56.69,2960.27,No
1943-TR00144,Male,1,No,No,4,Yes,No,Fiber optic,No,No,No,Yes,No,No,Month-to-month,No,Electronic check,71.42,266.18,No
3723-TR00380,Female,0,No,No,5,Yes,Yes,Fiber optic,No,No,No,No,No,No,Month-to-month,Yes,Electronic check,75.1,354.91,Yes
6837-BJYDQ,Male,0,No,No,3,Yes,No,No,No internet service,No internet service,No internet service,No internet service,No internet service,No internet service,One year,No,Mailed check,19.6,61.35,No
6325-TR01908,Male,0,Yes,No,67,Yes,Yes,Fiber optic,No,Yes,Yes,No,Yes,Yes,Month-to-month,Yes,Electronic check,99.19,6812.41,Yes
3660-TR01281,Female,0,Yes,Yes,12,Yes,No,No,No internet service,No internet service,No internet service,No internet service,No internet service,No internet service,One year,No,Mailed check,21.52,255.51,No
5462-TR01849,Male,0,No,No,25,Yes,No,Fiber optic,Yes,No,Yes,Yes,Yes,Yes,Month-to-month,Yes,Electronic check,101.43,2470.82,No
6827-TR01788,Male,0,Yes,Yes,24,Yes,No,No,No internet service,No internet service,No internet service,No internet service,No internet service,No internet service,One year,No,Mailed check,18.0,440.32,No
7425-TR02500,Male,0,No,No,51,Yes,Yes,No,No internet service,No internet service,No internet service,No internet service,No internet service,No internet service,Two year,No,Bank transfer (automatic),22.03,1156.24,No
8817-TR02447,Male,0,No,No,0,Yes,Yes,DSL,No,Yes,No,No,No,No,Month-to-month,Yes,Mailed check,53.57,1.2,Yes
4449-TR02630,Male,0,Yes,No,68,Yes,Yes,DSL,Yes,Yes,Yes,Yes,Yes,Yes,Two year,Yes,Bank transfer (automatic),88.47,5987.07,No
7663-TR00155,Male,0,No,No,48,Yes,No,Fiber optic,Yes,Yes,No,Yes,No,Yes,Month-to-month,Yes,Credit card (automatic),98.02,4907.57,No
7903-TR01176,Male,0,No,No,54,Yes,Yes,DSL,No,Yes,Yes,Yes,No,Yes,Two year,Yes,Bank transfer (automatic),76.89,4164.91,No
1839-TR00423,Female,0,No,No,44,Yes,No,No,No internet service,No internet service,No internet service,No internet service,No internet service,No internet service,Two year,Yes,Mailed check,21.46,990.16,No
8378-TR02509,Male,0,No,No,22,No,No phone service,DSL,Yes,No,No,No,Yes,Yes,One year,Yes,Mailed check,54.53,1217.91,No
5698-TR02496,Female,0,Yes,Yes,34,Yes,No,DSL,Yes,No,Yes,Yes,Yes,Yes,One year,Yes,Mailed check,84.39,2965.29,No
3470-TR01755,Male,0,Yes,Yes,4,Yes,Yes,Fiber optic,No,Yes,Yes,No,No,No,Month-to-month,Yes,Bank transfer (automatic),84.99,337.93,Yes
8514-TR01608,Female,0,No,No,0,Yes,No,Fiber optic,No,No,No,No,Yes,No,Month-to-month,Yes,Electronic check,78.78,0.14,Yes
9663-TR00875,Female,0,No,No,70,Yes,No,No,No internet service,No internet service,No internet service,No internet service,No internet service,No internet service,Two year,No,Credit card (automatic),18.0,1200.15,No
3197-ARFOY,Female,1,No,No,19,Yes,No,Fiber optic,Yes,Yes,No,Yes,Yes,Yes,Month-to-month,Yes,Mailed check,105.0,2007.25,No
7974-TR02294,Female,1,No,No,25,Yes,Yes,Fiber optic,No,No,Yes,No,No,No,Month-to-month,Yes,Electronic check,79.05,2064.97,Yes
2825-TR01167,Female,0,Yes,Yes,5,Yes,No,No,No internet service,No internet service,No internet service,No internet service,No internet service,No internet service,Month-to-month,No,Mailed check,24.83,123.34,No
5186-TR01600,Female,0,Yes,Yes,9,Yes,Yes,Fiber optic,Yes,No,No,No,Yes,Yes,Month-to-month,Yes,Electronic check,98.33,885.91,Yes
2120-TR01375,Male,1,Yes,Yes,62,Yes,Yes,Fiber optic,No,Yes,Yes,Yes,Yes,Yes,One year,Yes,Electronic check,105.39,6567.89,No
7444-TR01707,Male,0,Yes,Yes,72,Yes,Yes,DSL,Yes,Yes,No,Yes,No,No,One year,Yes,Credit card (automatic),65.8,4580.92,No
4176-TR00182,Female,0,Yes,Yes,14,Yes,No,DSL,No,No,Yes,Yes,No,No,Month-to-month,No,Credit card (automatic),54.48,748.72,Yes
4160-TR00224,Female,0,No,No,6,Yes,Yes,Fiber optic,No,No,No,No,Yes,Yes,Month-to-month,No,Electronic check,94.8,587.27,Yes
7773-TR00111,Female,0,Yes,Yes,57,Yes,Yes,Fiber optic,Yes,Yes,Yes,Yes,Yes,Yes,Two year,No,Credit card (automatic),115.88,6507.23,No
4746-TR00091,Male,0,No,No,47,Yes,No,Fiber optic,No,No,No,No,No,No,Month-to-month,No,Credit card (automatic),69.47,3251.1,No
4490-TR02304,Female,1,Yes,Yes,59,Yes,No,DSL,Yes,Yes,Yes,Yes,No,Yes,One year,Yes,Credit card (automatic),76.05,4549.25,No
6187-TR01859,Female,0,Yes,Yes,71,Yes,Yes,Fiber optic,Yes,Yes,No,No,Yes,Yes,One year,Yes,Electronic check,104.49,7686.97,No
5079-TR01340,Male,0,No,Yes,12,Yes,No,Fiber optic,No,No,No,No,Yes,No,Month-to-month,Yes,Credit card (automatic),74.99,900.02,No
4483-TR02755,Male,0,Yes,Yes,72,No,No phone service,DSL,Yes,Yes,Yes,Yes,No,No,Two year,No,Credit card (automatic),43.87,3178.89,No
9198-TR00395,Female,0,No,No,4,Yes,No,No,No internet service,No internet service,No internet service,No internet service,No internet service,No internet service,Month-to-month,Yes,Bank transfer (automatic),18.0,69.4,No
9592-TR00947,Female,0,No,No,32,Yes,Yes,No,No internet service,No internet service,No internet service,No internet service,No internet service,No internet service,Month-to-month,No,Electronic check,26.65,858.23,No
2984-RGEYA,Female,0,Yes,Yes,69,Yes,No,No,No internet service,No internet service,No internet service,No internet service,No internet service,No internet service,Two year,No,Bank transfer (automatic),19.75,1375.4,No
8670-TR00559,Male,0,No,No,0,Yes,No,No,No internet service,No internet service,No internet service,No internet service,No internet service,No internet service,One year,No,Mailed check,18.0,0.23,No
5003-TR02642,Female,0,No,No,9,Yes,No,Fiber optic,No,Yes,Yes,No,No,No,Month-to-month,Yes,Electronic check,80.57,684.68,Yes
8845-TR02351,Female,1,No,No,2,Yes,Yes,Fiber optic,No,No,No,No,No,No,Month-to-month,Yes,Electronic check,73.83,143.46,No
5954-TR00969,Male,0,Yes,No,61,Yes,Yes,Fiber optic,No,Yes,Yes,No,Yes,Yes,Month-to-month,Yes,Electronic check,106.14,6333.51,Yes
5229-DTFYB,Female,0,No,No,41,Yes,No,Fiber optic,No,Yes,No,Yes,Yes,Yes,Two year,Yes,Bank transfer (automatic),98.8,3959.15,No
1069-TR01900,Male,0,No,Yes,13,Yes,No,Fiber optic,No,No,No,No,Yes,No,Month-to-month,Yes,Credit card (automatic),72.89,945.05,No
4032-TR00080,Female,0,No,Yes,15,Yes,No,DSL,Yes,Yes,No,No,No,No,Month-to-month,Yes,Electronic check,55.41,790.51,No
5252-TR01531,Male,0,No,No,5,Yes,No,Fiber optic,No,No,No,No,No,No,Month-to-month,No,Mailed check,71.69,360.52,Yes
3364-TR02414,Female,0,No,No,42,Yes,No,Fiber optic,No,Yes,Yes,Yes,Yes,Yes,Month-to-month,Yes,Bank transfer (automatic),104.8,4511.51,No
4190-TR02766,Female,0,No,No,11,Yes,No,Fiber optic,No,Yes,No,Yes,No,No,Month-to-month,Yes,Credit card (automatic),80.67,907.75,No
8111-TR02477,Male,1,Yes,Yes,41,Yes,Yes,Fiber optic,No,Yes,No,No,Yes,Yes,Month-to-month,No,Electronic check,105.37,4142.14,No
2598-TR02622,Male,0,No,No,5,Yes,Yes,Fiber optic,No,No,No,No,No,No,Month-to-month,Yes,Electronic check,74.92,363.34,Yes
2034-GDRCN,Female,0,No,No,2,Yes,No,Fiber optic,No,No,No,No,Yes,Yes,Month-to-month,Yes,Electronic check,90.4,168.2,Yes
2440-TR02204,Male,1,No,No,3,No,No phone service,DSL,No,No,Yes,No,No,Yes,Month-to-month,Yes,Electronic check,41.3,131.35,Yes
4269-TR01651,Male,0,No,No,46,No,No phone service,DSL,Yes,No,Yes,Yes,No,No,One year,No,Bank transfer (automatic),43.0,2132.74,No
3722-TR01545,Female,1,No,No,7,Yes,No,Fiber optic,No,No,No,No,Yes,Yes,Month-to-month,Yes,Electronic check,91.06,638.37,No
9652-TR00415,Female,0,No,No,6,Yes,No,No,No internet service,No internet service,No internet service,No internet service,No internet service,No internet service,One year,Yes,Mailed check,19.61,123.49,No
9286-BHDQG,Male,0,Yes,Yes,72,No,No phone service,DSL,Yes,Yes,Yes,Yes,No,No,Two year,No,Credit card (automatic),45.25,3139.8,No
3342-TR01324,Female,0,Yes,Yes,63,Yes,No,No,No internet service,No internet service,No internet service,No internet service,No internet service,No internet service,Two year,No,Mailed check,18.0,1131.98,No
9351-TR00096,Female,0,Yes,Yes,50,Yes,No,No,No internet service,No internet service,No internet service,No internet service,No internet service,No internet service,Two year,No,Bank transfer (automatic),21.0,974.43,No
7622-TR01288,Male,0,Yes,No,30,No,No phone service,DSL,No,No,No,No,Yes,No,Month-to-month,No,Mailed check,31.56,943.95,No
6504-TR00631,Female,0,Yes,Yes,38,Yes,No,DSL,Yes,No,No,Yes,Yes,Yes,One year,Yes,Credit card (automatic),74.55,2794.95,No
9158-TR02215,Male,0,No,No,38,Yes,Yes,Fiber optic,No,Yes,Yes,No,Yes,Yes,Month-to-month,Yes,Electronic check,106.6,3953.52,Yes
3411-TR01743,Female,0,Yes,Yes,28,No,No phone service,DSL,Yes,Yes,Yes,No,Yes,Yes,Month-to-month,Yes,Credit card (automatic),61.76,1775.99,Yes
2993-TR02271,Male,0,Yes,Yes,3,Yes,Yes,Fiber optic,No,Yes,Yes,No,No,No,Month-to-month,Yes,Bank transfer (automatic),84.54,257.8,Yes
6208-TR00931,Male,0,Yes,No,69,No,No phone service,DSL,Yes,Yes,Yes,No,No,No,Two year,No,Bank transfer (automatic),41.18,2778.67,No
6907-TR01653,Male,0,No,No,20,Yes,No,DSL,No,No,No,No,Yes,Yes,One year,Yes,Bank transfer (automatic),68.5,1376.93,No
8174-TR00446,Male,0,No,No,0,Yes,No,No,No internet service,No internet service,No internet service,No internet service,No internet service,No internet service,Month-to-month,No,Mailed check,22.3,1.16,No
3179-GBRWV,Male,1,Yes,No,21,Yes,No,DSL,Yes,Yes,No,No,No,Yes,Month-to-month,Yes,Bank transfer (automatic),64.95,1339.8,No
8632-TR00575,Female,0,No,No,46,Yes,No,Fiber optic,No,Yes,Yes,Yes,Yes,Yes,Month-to-month,Yes,Bank transfer (automatic),104.72,4914.38,No
1628-TR00246,Female,0,Yes,No,47,Yes,No,Fiber optic,Yes,Yes,Yes,No,Yes,No,One year,Yes,Electronic check,93.82,4401.08,No
6731-TR02718,Female,0,Yes,Yes,70,Yes,Yes,DSL,Yes,Yes,Yes,No,No,No,Month-to-month,Yes,Bank transfer (automatic),68.23,4623.54,No
5092-TR01078,Male,1,Yes,No,58,Yes,Yes,Fiber optic,No,Yes,No,No,No,Yes,Month-to-month,Yes,Electronic check,91.97,5630.47,No
1746-TR00852,Female,0,No,No,66,Yes,Yes,DSL,Yes,No,No,No,No,No,Month-to-month,No,Mailed check,53.43,3529.15,No
4794-TR00738,Female,0,Yes,Yes,10,Yes,No,No,No internet service,No internet service,No internet service,No internet service,No internet service,No internet service,One year,No,Mailed check,20.93,195.81,No
3605-TR00079,Female,0,No,No,27,Yes,No,Fiber optic,Yes,No,No,No,No,No,Month-to-month,Yes,Bank transfer (automatic),78.18,2145.36,No
6734-TR00374,Male,0,No,No,30,Yes,Yes,Fiber optic,No,No,No,Yes,No,Yes,Month-to-month,Yes,Credit card (automatic),91.26,2758.14,No
2905-TR00064,Female,0,No,No,6,Yes,No,No,No internet service,No internet service,No internet service,No internet service,No internet service,No internet service,Month-to-month,No,Mailed check,21.97,132.79,No
4863-TR00674,Male,0,No,Yes,72,Yes,Yes,Fiber optic,Yes,No,Yes,No,Yes,Yes,Two year,No,Bank transfer (automatic),104.25,8142.57,No
3524-TR01060,Male,0,No,No,72,Yes,No,No,No internet service,No internet service,No internet service,No internet service,No internet service,No internet service,Two year,Yes,Credit card (automatic),24.01,1745.18,No
8996-TR00742,Female,0,Yes,No,49,Yes,Yes,Fiber optic,No,No,Yes,No,Yes,Yes,Month-to-month,Yes,Electronic check,105.56,5179.67,No
5057-TR00177,Female,1,Yes,No,39,Yes,Yes,Fiber optic,No,No,No,No,No,No,Month-to-month,Yes,Electronic check,71.05,2739.01,Yes
7491-TR01103,Female,0,No,No,51,Yes,No,DSL,Yes,No,Yes,Yes,No,No,One year,No,Credit card (automatic),57.72,3040.1,No
2796-TR02745,Male,1,Yes,No,16,Yes,Yes,Fiber optic,No,Yes,No,Yes,Yes,Yes,Month-to-month,No,Electronic check,105.39,1649.81,No
6101-TR01256,Female,0,No,No,53,Yes,No,No,No internet service,No internet service,No internet service,No internet service,No internet service,No internet service,One year,No,Mailed check,22.3,1149.98,No
8416-TR00963,Female,0,Yes,No,57,Yes,No,Fiber optic,No,No,Yes,No,Yes,Yes,One year,Yes,Bank transfer (automatic),93.69,5274.18,Yes
9647-TR01801,Male,0,No,No,2,Yes,No,DSL,No,Yes,No,No,No,No,Month-to-month,No,Mailed check,50.55,109.45,No
6800-TR01262,Male,0,No,Yes,40,Yes,Yes,Fiber optic,No,Yes,No,No,No,No,Month-to-month,Yes,Mailed check,80.77,3137.14,No
9677-TR02468,Male,0,No,No,1,Yes,No,DSL,No,No,No,Yes,No,No,Month-to-month,No,Mailed check,52.6,52.72,No
1325-TR00957,Female,0,Yes,No,48,Yes,Yes,Fiber optic,No,No,Yes,No,Yes,Yes,Month-to-month,Yes,Electronic check,99.31,4651.77,No
5399-TR01406,Female,0,Yes,Yes,8,Yes,No,No,No internet service,No internet service,No internet service,No internet service,No internet service,No internet service,Month-to-month,No,Mailed check,20.42,161.39,No
4831-TR00959,Female,0,No,No,3,Yes,No,No,No internet service,No internet service,No internet service,No internet service,No internet service,No internet service,Month-to-month,No,Mailed check,18.0,55.03,No
9835-TR02676,Male,1,Yes,Yes,66,Yes,Yes,Fiber optic,No,Yes,Yes,Yes,Yes,Yes,One year,Yes,Electronic check,110.69,7463.76,No
5918-VUKWP,Female,0,No,No,32,Yes,No,No,No internet service,No internet service,No internet service,No internet service,No internet service,No internet service,One year,No,Bank transfer (automatic),20.55,654.55,No
6740-TR00879,Female,0,Yes,Yes,63,Yes,Yes,Fiber optic,Yes,No,No,No,Yes,Yes,One year,Yes,Credit card (automatic),97.84,6193.98,No
9202-TR00521,Male,0,No,No,6,Yes,No,DSL,Yes,Yes,No,No,No,No,Month-to-month,Yes,Mailed check,52.15,334.0,Yes
3596-TR01559,Female,1,No,No,10,Yes,No,Fiber optic,No,No,No,No,Yes,Yes,Month-to-month,Yes,Electronic check,89.11,908.97,No
2270-TR01927,Male,0,No,No,34,Yes,No,DSL,Yes,Yes,Yes,No,No,No,One year,No,Mailed check,63.63,2192.08,No
9460-TR02512,Female,0,No,No,68,Yes,Yes,DSL,Yes,No,No,No,No,No,Month-to-month,No,Mailed check,51.36,3567.72,No
7813-TR01812,Female,0,Yes,No,48,Yes,Yes,Fiber optic,No,Yes,No,Yes,Yes,Yes,Month-to-month,Yes,Credit card (automatic),104.23,5104.42,No
8779-QRDMV,Male,1,No,No,1,No,No phone service,DSL,No,No,Yes,No,No,Yes,Month-to-month,Yes,Electronic check,39.65,39.65,Yes
7947-TR00847,Female,1,No,No,19,Yes,Yes,Fiber optic,No,No,No,No,No,No,Month-to-month,Yes,Mailed check,74.62,1482.23,Yes
5480-TR00640,Female,0,No,No,19,Yes,No,Fiber optic,Yes,No,No,No,No,No,Month-to-month,Yes,Bank transfer (automatic),77.28,1481.11,No
5702-TR00635,Male,0,No,No,3,Yes,No,Fiber optic,Yes,No,No,No,No,Yes,Month-to-month,Yes,Mailed check,83.49,246.16,Yes
6860-TR00530,Female,1,No,No,53,Yes,Yes,DSL,Yes,Yes,No,Yes,Yes,Yes,One year,No,Bank transfer (automatic),81.24,4205.95,Yes
8192-TR01238,Male,0,No,No,0,Yes,No,Fiber optic,No,No,No,No,No,Yes,Month-to-month,No,Electronic check,77.71,1.61,Yes
5518-TR00921,Male,0,Yes,Yes,36,Yes,Yes,DSL,No,No,Yes,No,Yes,Yes,Month-to-month,Yes,Electronic check,75.69,2614.65,No
3392-TR00211,Female,0,No,No,9,Yes,No,DSL,No,Yes,No,No,No,No,Month-to-month,No,Electronic check,48.71,447.74,No
7111-TR02868,Female,1,Yes,No,6,Yes,Yes,Fiber optic,No,Yes,No,No,No,No,Month-to-month,Yes,Credit card (automatic),84.98,520.25,Yes
8840-TR02102,Male,0,No,No,70,Yes,No,DSL,No,No,No,Yes,No,No,Two year,No,Bank transfer (automatic),53.63,3871.82,No
2553-TR01703,Female,0,Yes,Yes,0,Yes,No,No,No internet service,No internet service,No internet service,No internet service,No internet service,No internet service,Month-to-month,No,Electronic check,18.83,0.0,No
7170-TR02141,Female,0,No,No,5,Yes,No,No,No internet service,No internet service,No internet service,No internet service,No internet service,No internet service,Month-to-month,Yes,Bank transfer (automatic),18.7,95.77,No
7915-TR01665,Female,0,Yes,Yes,2,Yes,No,No,No internet service,No internet service,No internet service,No internet service,No internet service,No internet service,Month-to-month,No,Mailed check,25.13,47.74,No
6869-TR01091,Female,0,Yes,Yes,70,Yes,Yes,Fiber optic,Yes,Yes,No,Yes,Yes,No,Two year,No,Bank transfer (automatic),101.32,6943.9,No
2440-TR00601,Female,0,Yes,Yes,57,Yes,Yes,Fiber optic,Yes,Yes,Yes,Yes,Yes,Yes,Two year,No,Credit card (automatic),115.9,6809.65,No
3247-TR00535,Female,1,Yes,No,64,No,No phone service,DSL,No,Yes,Yes,No,Yes,No,One year,No,Bank transfer (automatic),47.4,3250.72,No
1956-TR02819,Female,0,Yes,Yes,46,Yes,No,No,No internet service,No internet service,No internet service,No internet service,No internet service,No internet service,Two year,No,Bank transfer (automatic),18.0,810.63,No
1334-TR02230,Female,0,Yes,No,44,Yes,Yes,Fiber optic,No,No,Yes,No,Yes,Yes,Month-to-month,Yes,Electronic check,102.71,4548.62,No
7823-TR01390,Female,0,No,No,33,No,No phone service,DSL,Yes,No,No,No,No,No,One year,No,Mailed check,31.95,1049.19,No
3264-TR02453,Male,0,No,No,1,Yes,No,DSL,No,Yes,No,No,No,No,Month-to-month,No,Mailed check,52.34,52.34,No
1433-TR02437,Female,0,No,No,4,Yes,No,No,No internet service,No internet service,No internet service,No internet service,No internet service,No internet service,One year,Yes,Mailed check,18.17,72.8,No
7696-TR02389,Male,0,Yes,Yes,70,No,No phone service,DSL,Yes,Yes,Yes,Yes,No,No,Two year,No,Credit card (automatic),44.44,3105.78,No
5675-TR00359,Female,1,No,No,1,Yes,Yes,Fiber optic,No,No,No,No,No,No,Month-to-month,Yes,Electronic check,72.37,75.06,No
4115-NZRKS,Female,1,No,No,7,Yes,No,Fiber optic,No,No,No,No,Yes,Yes,Month-to-month,Yes,Electronic check,89.15,574.35,No
7605-BDWDC,Female,0,No,No,31,No,No phone service,DSL,Yes,Yes,No,Yes,No,Yes,Two year,Yes,Bank transfer (automatic),49.85,1520.1,No
5253-TR02757,Female,0,Yes,No,49,Yes,Yes,Fiber optic,No,No,Yes,No,Yes,Yes,Month-to-month,Yes,Electronic check,93.69,4617.17,No
9088-TR00420,Male,0,No,No,0,No,No phone service,DSL,No,No,No,Yes,No,No,Month-to-month,No,Electronic check,29.4,0.0,No
4671-VJLCL,Female,0,No,No,63,Yes,Yes,DSL,Yes,Yes,Yes,Yes,Yes,No,Two year,Yes,Credit card (automatic),79.85,4861.45,No
1814-TR02856,Male,0,No,Yes,26,Yes,No,DSL,No,Yes,Yes,No,Yes,No,One year,No,Credit card (automatic),69.1,1900.06,No
7210-TR00912,Male,0,Yes,No,72,Yes,Yes,No,No internet service,No internet service,No internet service,No internet service,No internet service,No internet service,Two year,Yes,Bank transfer (automatic),23.37,1628.44,No
3258-TR02348,Female,0,No,No,11,Yes,No,Fiber optic,No,Yes,Yes,No,No,No,Month-to-month,Yes,Electronic check,78.27,877.92,Yes
4711-TR02464,Female,0,No,No,12,Yes,Yes,Fiber optic,No,No,Yes,No,Yes,Yes,Month-to-month,Yes,Bank transfer (automatic),97.78,1094.07,Yes
3229-TR01534,Male,1,Yes,No,60,No,No phone service,DSL,No,Yes,Yes,No,No,Yes,Month-to-month,Yes,Electronic check,41.79,2450.2,Yes
9387-TR00862,Male,0,No,No,25,No,No phone service,DSL,Yes,No,No,No,Yes,Yes,One year,Yes,Mailed check,47.18,1150.18,No
1310-TR01031,Male,0,No,No,65,Yes,No,DSL,No,No,No,Yes,No,No,Two year,No,Bank transfer (automatic),54.78,3447.44,No
2907-ILJBN,Female,0,Yes,Yes,11,Yes,No,No,No internet service,No internet service,No internet service,No internet service,No internet service,No internet service,One year,No,Mailed check,20.6,233.9,No
8036-TR00217,Female,0,Yes,No,32,Yes,No,DSL,Yes,No,No,No,Yes,No,One year,Yes,Bank transfer (automatic),63.1,2000.17,No
9887-TR01387,Female,0,Yes,Yes,41,Yes,No,DSL,Yes,No,No,Yes,Yes,Yes,One year,Yes,Credit card (automatic),75.63,3157.47,No
7360-TR00206,Female,0,No,No,41,Yes,No,Fiber optic,No,Yes,No,Yes,Yes,Yes,Two year,Yes,Bank transfer (automatic),102.07,4122.42,No
3299-TR02354,Female,0,No,No,59,Yes,Yes,DSL,Yes,Yes,Yes,Yes,Yes,No,Two year,Yes,Credit card (automatic),80.57,4699.92,No
4389-TR01563,Female,0,No,No,19,Yes,No,Fiber optic,Yes,No,No,Yes,No,Yes,Month-to-month,Yes,Electronic check,90.66,1760.43,No
9379-TR01095,Female,0,Yes,Yes,70,Yes,Yes,Fiber optic,Yes,Yes,Yes,No,Yes,Yes,One year,Yes,Credit card (automatic),108.53,7660.16,No
3823-TR01226,Male,0,No,No,48,Yes,Yes,DSL,Yes,No,No,Yes,Yes,Yes,Two year,Yes,Credit card (automatic),79.01,3833.58,No
3999-TR02093,Male,0,Yes,No,49,Yes,Yes,Fiber optic,No,Yes,No,No,No,No,One year,Yes,Electronic check,80.04,4067.41,No
3502-TR02876,Female,0,No,No,15,Yes,No,Fiber optic,Yes,No,Yes,Yes,Yes,Yes,Month-to-month,Yes,Electronic check,104.0,1498.78,Yes
3494-TR01783,Female,0,Yes,Yes,69,Yes,No,Fiber optic,No,No,Yes,No,No,No,Two year,No,Electronic check,71.27,4910.75,No
4503-TR01247,Female,1,Yes,No,8,Yes,No,Fiber optic,No,No,No,No,No,No,Month-to-month,Yes,Electronic check,72.78,587.1,No
5478-TR00924,Male,0,Yes,No,20,Yes,Yes,Fiber optic,No,No,No,No,No,No,Month-to-month,Yes,Electronic check,72.91,1480.74,No
6171-TR01123,Male,0,No,No,1,Yes,No,No,No internet service,No internet service,No internet service,No internet service,No internet service,No internet service,Month-to-month,No,Bank transfer (automatic),22.34,22.34,No
7005-TR01924,Female,0,Yes,No,4,Yes,No,DSL,No,No,No,No,Yes,No,Month-to-month,No,Mailed check,56.25,214.31,Yes
3938-TR02396,Female,1,Yes,No,24,Yes,Yes,DSL,Yes,No,No,Yes,Yes,No,Month-to-month,Yes,Credit card (automatic),68.29,1748.4,No
9934-TR01383,Female,0,No,No,41,Yes,No,No,No internet service,No internet service,No internet service,No internet service,No internet service,No internet service,Two year,No,Mailed check,20.56,824.06,No
7124-TR00904,Female,0,Yes,No,36,Yes,Yes,No,No internet service,No internet service,No internet service,No internet service,No internet service,No internet service,Month-to-month,No,Electronic check,24.77,907.23,No
8427-TR01249,Female,0,No,No,4,No,No phone service,DSL,No,No,No,No,No,No,Month-to-month,No,Electronic check,21.83,85.37,No
2328-TR02246,Female,0,No,No,39,Yes,Yes,Fiber optic,Yes,Yes,Yes,Yes,Yes,Yes,Two year,No,Credit card (automatic),119.5,4836.12,No
4477-TR00660,Male,1,Yes,Yes,38,Yes,Yes,Fiber optic,No,Yes,No,No,Yes,Yes,Month-to-month,No,Electronic check,99.48,3771.83,No
4426-TR00457,Female,0,Yes,No,46,Yes,Yes,Fiber optic,No,No,Yes,No,Yes,Yes,Month-to-month,Yes,Electronic check,101.89,4621.26,No
6341-JVQGF,Female,0,Yes,Yes,31,Yes,No,DSL,Yes,No,Yes,Yes,Yes,Yes,One year,Yes,Mailed check,81.15,2545.75,No
7420-TR00439,Female,0,Yes,Yes,1,Yes,No,No,No internet service,No internet service,No internet service,No internet service,No internet service,No internet service,Month-to-month,No,Mailed check,21.3,21.3,No
6745-TR02897,Male,0,Yes,Yes,62,Yes,No,DSL,Yes,Yes,Yes,Yes,Yes,Yes,Two year,No,Electronic check,87.36,5766.4,No
3642-TR00863,Female,0,Yes,Yes,29,Yes,No,No,No internet service,No internet service,No internet service,No internet service,No internet service,No internet service,One year,No,Electronic check,18.0,529.33,No
1661-TR02452,Male,0,No,No,63,Yes,Yes,Fiber optic,Yes,Yes,No,No,No,No,One year,Yes,Credit card (automatic),87.24,5511.2,No
1909-TR02152,Female,1,No,No,10,Yes,No,Fiber optic,No,No,No,No,Yes,Yes,Month-to-month,Yes,Electronic check,86.76,880.23,No
5151-TR00916,Male,0,Yes,Yes,26,Yes,No,Fiber optic,No,Yes,Yes,Yes,No,No,One year,No,Mailed check,90.35,2217.52,No
3457-TR00772,Female,0,No,No,4,Yes,Yes,Fiber optic,No,No,No,No,No,No,Month-to-month,Yes,Electronic check,71.7,294.19,Yes
5161-TR01863,Female,0,No,No,11,Yes,No,Fiber optic,No,Yes,No,Yes,No,No,Month-to-month,Yes,Credit card (automatic),79.21,888.17,No
2070-TR00769,Male,0,Yes,No,68,Yes,Yes,No,No internet service,No internet service,No internet service,No internet service,No internet service,No internet service,Two year,Yes,Bank transfer (automatic),23.1,1599.53,No
9760-TR02323,Female,0,No,No,13,Yes,Yes,Fiber optic,Yes,No,No,No,No,No,Month-to-month,Yes,Electronic check,79.55,1009.33,Yes
3862-TR00874,Male,0,No,No,52,Yes,Yes,No,No internet service,No internet service,No internet service,No internet service,No internet service,No internet service,Two year,No,Bank transfer (automatic),24.91,1303.11,No
8726-TR01199,Female,0,No,No,11,No,No phone service,DSL,Yes,No,No,No,No,No,Month-to-month,No,Mailed check,34.5,361.68,No
8745-TR02349,Female,0,No,No,69,Yes,No,No,No internet service,No internet service,No internet service,No internet service,No internet service,No internet service,Two year,No,Credit card (automatic),22.11,1530.73,No
7072-TR00591,Female,0,No,Yes,1,Yes,Yes,No,No internet service,No internet service,No internet service,No internet service,No internet service,No internet service,Month-to-month,No,Mailed check,25.84,26.95,No
2146-EGVDT,Male,0,Yes,Yes,59,Yes,No,No,No internet service,No internet service,No internet service,No internet service,No internet service,No internet service,Two year,No,Credit card (automatic),19.3,1192.7,No
6836-TR02843,Male,0,No,No,4,Yes,No,No,No internet service,No internet service,No internet service,No internet service,No internet service,No internet service,Month-to-month,No,Mailed check,20.79,80.93,No
2485-TR00557,Female,0,No,No,4,Yes,No,No,No internet service,No internet service,No internet service,No internet service,No internet service,No internet service,Month-to-month,Yes,Bank transfer (automatic),18.0,71.97,No
5801-TR00424,Male,1,Yes,No,58,Yes,Yes,Fiber optic,No,Yes,No,No,No,Yes,Month-to-month,Yes,Electronic check,85.42,5022.29,No
2909-TR02738,Male,1,Yes,No,31,Yes,Yes,Fiber optic,No,No,Yes,No,Yes,Yes,Month-to-month,Yes,Electronic check,100.18,3192.45,No
5813-TR02209,Male,1,Yes,No,23,Yes,No,DSL,Yes,Yes,No,No,No,Yes,Month-to-month,Yes,Bank transfer (automatic),64.72,1471.77,No
2080-SRCDE,Female,0,No,Yes,1,Yes,Yes,No,No internet service,No internet service,No internet service,No internet service,No internet service,No internet service,Month-to-month,No,Mailed check,25.4,25.4,No
6551-GNYDG,Female,0,Yes,Yes,14,Yes,No,Fiber optic,No,No,No,No,No,Yes,Month-to-month,Yes,Bank transfer (automatic),80.9,1152.8,No
3029-TR02199,Male,1,Yes,Yes,64,Yes,Yes,Fiber optic,Yes,No,Yes,Yes,Yes,Yes,Two year,Yes,Bank transfer (automatic),113.29,7207.29,No
4423-TR00102,Male,0,No,No,41,Yes,No,Fiber optic,No,No,No,No,No,No,Month-to-month,No,Credit card (automatic),71.47,2806.0,No
9441-TR02424,Female,1,Yes,No,61,Yes,No,Fiber optic,Yes,Yes,Yes,No,No,Yes,Month-to-month,No,Electronic check,94.85,6047.1,No
2155-TR01931,Male,0,No,No,1,Yes,No,No,No internet service,No internet service,No internet service,No internet service,No internet service,No internet service,Month-to-month,No,Mailed check,19.97,20.32,No
8712-TR02695,Female,0,No,No,12,Yes,No,Fiber optic,No,Yes,No,Yes,No,No,Month-to-month,Yes,Credit card (automatic),76.47,885.04,No
1270-TR00103,Male,0,No,No,0,Yes,No,Fiber optic,No,No,No,No,No,No,Month-to-month,No,Mailed check,75.41,1.13,Yes
7956-TR01072,Female,0,Yes,No,51,Yes,No,Fiber optic,Yes,Yes,Yes,No,Yes,No,One year,Yes,Electronic check,93.97,4639.32,No
1945-TR02376,Female,1,No,No,4,Yes,No,Fiber optic,No,No,No,No,Yes,Yes,Month-to-month,Yes,Electronic check,89.06,352.15,No
9116-TR01610,Female,0,Yes,Yes,7,Yes,No,DSL,Yes,No,No,No,No,No,Month-to-month,No,Mailed check,50.54,334.84,No
4148-TR00302,Male,0,No,No,0,Yes,No,Fiber optic,No,No,No,No,No,No,Month-to-month,No,Mailed check,71.61,2.23,Yes
9388-TR01816,Male,1,Yes,No,19,Yes,Yes,Fiber optic,No,No,No,No,No,Yes,Month-to-month,No,Electronic check,86.91,1623.99,No
4463-TR01003,Male,0,No,No,29,Yes,Yes,Fiber optic,No,No,No,Yes,No,Yes,Month-to-month,Yes,Credit card (automatic),88.19,2677.76,No
1021-TR01528,Female,0,Yes,Yes,24,No,No phone service,DSL,Yes,Yes,Yes,No,Yes,Yes,Month-to-month,Yes,Credit card (automatic),55.09,1387.02,Yes
8360-TR00579,Male,0,Yes,No,26,No,No phone service,DSL,No,No,No,No,Yes,No,Month-to-month,No,Mailed check,41.33,1067.02,No
9919-TR02810,Female,0,No,No,10,Yes,No,No,No internet service,No internet service,No internet service,No internet service,No internet service,No internet service,One year,No,Electronic check,18.03,192.39,No
9789-TR02033,Female,0,No,No,10,Yes,No,No,No internet service,No internet service,No internet service,No internet service,No internet service,No internet service,One year,Yes,Mailed check,19.5,198.05,No
9254-TR01255,Male,0,Yes,No,69,No,No phone service,DSL,Yes,Yes,Yes,Yes,Yes,No,Two year,Yes,Bank transfer (automatic),56.39,3896.4,No
3727-OWVYD,Male,0,No,No,35,Yes,No,DSL,Yes,Yes,Yes,No,No,No,One year,No,Mailed check,61.2,2021.2,No
3716-TR02404,Male,0,Yes,No,69,Yes,Yes,DSL,Yes,Yes,Yes,Yes,Yes,Yes,Two year,Yes,Credit card (automatic),87.59,6126.67,No
6559-TR01850,Female,0,Yes,Yes,72,Yes,Yes,Fiber optic,Yes,Yes,Yes,No,Yes,Yes,One year,Yes,Credit card (automatic),107.11,7634.6,No
2493-TR02435,Female,1,Yes,Yes,27,No,No phone service,DSL,No,No,No,No,Yes,No,Month-to-month,Yes,Electronic check,37.41,1029.0,No
7411-TR00684,Male,1,Yes,Yes,66,Yes,Yes,Fiber optic,Yes,No,Yes,Yes,Yes,Yes,Two year,Yes,Bank transfer (automatic),113.4,7814.08,No
7284-TR01278,Male,0,No,No,2,Yes,No,Fiber optic,No,No,No,No,No,No,Month-to-month,No,Mailed check,72.1,149.13,Yes
7183-TR00829,Male,1,No,No,0,No,No phone service,DSL,No,No,Yes,No,No,Yes,Month-to-month,Yes,Electronic check,39.26,0.06,Yes
3082-TR01946,Female,1,No,No,11,Yes,No,Fiber optic,Yes,No,No,No,No,No,Month-to-month,No,Bank transfer (automatic),74.41,851.47,Yes
9847-TR02211,Female,0,Yes,Yes,30,Yes,No,No,No internet service,No internet service,No internet service,No internet service,No internet service,No internet service,One year,No,Electronic check,18.54,547.26,No
3352-TR01599,Female,0,Yes,Yes,47,Yes,No,No,No internet service,No internet service,No internet service,No internet service,No internet service,No internet service,Two year,No,Bank transfer (automatic),18.0,891.14,No
3697-TR00382,Female,1,Yes,No,27,Yes,Yes,DSL,Yes,No,No,Yes,Yes,No,Month-to-month,Yes,Credit card (automatic),68.55,1732.19,No
6419-TR00435,Male,0,No,No,38,Yes,No,DSL,Yes,Yes,Yes,No,No,No,One year,No,Mailed check,62.97,2387.42,No
1334-TR00119,Female,0,Yes,No,0,Yes,No,DSL,No,No,No,No,No,No,Month-to-month,Yes,Credit card (automatic),43.82,0.0,Yes
5012-TR01223,Female,0,No,No,8,Yes,Yes,Fiber optic,Yes,No,No,No,No,No,Month-to-month,Yes,Electronic check,78.91,625.84,Yes
7650-TR01356,Female,0,Yes,No,56,No,No phone service,DSL,Yes,Yes,Yes,No,Yes,Yes,Month-to-month,Yes,Bank transfer (automatic),58.25,3175.96,No
5852-TR00532,Female,1,Yes,No,62,No,No phone service,DSL,No,Yes,Yes,No,Yes,No,One year,No,Bank transfer (automatic),48.67,3080.48,No
8912-TR00323,Female,1,Yes,Yes,62,Yes,No,DSL,Yes,Yes,Yes,Yes,No,Yes,One year,Yes,Credit card (automatic),74.17,4708.36,No
5380-WJKOV,Male,0,No,No,34,Yes,Yes,Fiber optic,No,Yes,Yes,No,Yes,Yes,Month-to-month,Yes,Electronic check,106.35,3549.25,Yes
9712-TR00124,Female,1,No,No,10,Yes,No,Fiber optic,No,No,No,No,Yes,Yes,Month-to-month,Yes,Electronic check,91.07,945.05,No
6992-TR01332,Female,0,Yes,Yes,19,Yes,No,No,No internet service,No internet service,No internet service,No internet service,No internet service,No internet service,Month-to-month,No,Electronic check,23.46,436.15,No
2721-TR02359,Male,0,No,No,41,Yes,Yes,Fiber optic,No,No,No,No,Yes,Yes,One year,No,Mailed check,96.48,4045.34,No
8329-TR02839,Male,0,Yes,Yes,29,Yes,Yes,Fiber optic,No,Yes,No,Yes,No,No,Month-to-month,Yes,Credit card (automatic),82.19,2326.39,No
9750-BOOHV,Female,0,No,No,32,No,No phone service,DSL,Yes,No,No,No,No,No,One year,No,Mailed check,30.15,927.65,No
8271-TR01789,Female,0,No,No,46,Yes,No,Fiber optic,No,Yes,Yes,No,Yes,No,Month-to-month,Yes,Electronic check,96.11,4555.77,No
6606-TR00460,Female,0,No,No,5,Yes,Yes,Fiber optic,No,No,No,No,Yes,Yes,Month-to-month,No,Electronic check,94.64,473.36,Yes
9382-TR02253,Female,0,No,No,11,Yes,No,No,No internet service,No internet service,No internet service,No internet service,No internet service,No internet service,One year,Yes,Bank transfer (automatic),19.98,226.78,No
2234-TR01337,Female,0,No,No,0,Yes,No,Fiber optic,No,No,No,No,No,No,Month-to-month,Yes,Electronic check,71.25,0.44,No
9947-OTFQU,Male,1,No,No,15,Yes,No,Fiber optic,No,Yes,No,No,No,No,Month-to-month,Yes,Electronic check,74.4,1074.3,Yes
3791-TR02151,Female,0,Yes,Yes,72,Yes,Yes,DSL,Yes,No,Yes,Yes,No,No,Two year,Yes,Credit card (automatic),62.58,4131.26,No
9445-ZUEQE,Male,0,Yes,Yes,27,Yes,Yes,Fiber optic,No,Yes,No,Yes,No,No,Month-to-month,Yes,Credit card (automatic),85.2,2151.6,No
8094-TR00773,Female,0,No,No,6,Yes,No,DSL,No,Yes,No,No,No,No,Month-to-month,No,Electronic check,52.34,316.97,No
9528-TR00898,Female,0,No,No,0,Yes,Yes,Fiber optic,No,No,Yes,No,No,No,Month-to-month,No,Mailed check,80.75,0.0,Yes
6220-TR01147,Male,0,No,No,72,Yes,No,No,No internet service,No internet service,No internet service,No internet service,No internet service,No internet service,Two year,Yes,Credit card (automatic),19.29,1443.66,No
5521-TR02697,Male,1,Yes,No,60,Yes,Yes,Fiber optic,No,Yes,No,No,No,Yes,Month-to-month,Yes,Electronic check,88.44,5174.2,No
8256-TR02696,Male,0,No,No,18,Yes,No,No,No internet service,No internet service,No internet service,No internet service,No internet service,No internet service,Two year,No,Credit card (automatic),22.22,406.86,No
1350-TR02599,Male,0,No,No,36,Yes,Yes,Fiber optic,No,Yes,Yes,No,Yes,Yes,Month-to-month,Yes,Electronic check,107.41,3921.85,Yes
7481-TR01275,Male,0,No,Yes,21,Yes,Yes,Fiber optic,No,Yes,No,No,Yes,No,Month-to-month,Yes,Credit card (automatic),90.05,1933.78,No
3878-TR02134,Female,0,No,No,7,Yes,Yes,Fiber optic,No,No,Yes,No,Yes,Yes,Month-to-month,Yes,Electronic check,99.55,708.99,Yes
5222-TR02456,Female,1,No,No,53,Yes,Yes,Fiber optic,Yes,Yes,Yes,No,Yes,Yes,One year,No,Electronic check,112.89,6109.93,No
6322-TR01394,Female,0,Yes,No,50,Yes,No,Fiber optic,No,No,Yes,No,Yes,Yes,One year,Yes,Bank transfer (automatic),95.97,4606.58,Yes
4562-TR00558,Female,0,No,No,6,Yes,No,DSL,No,Yes,No,No,No,No,Month-to-month,No,Bank transfer (automatic),47.4,294.39,No
8788-TR01914,Female,1,No,No,19,Yes,Yes,DSL,Yes,No,No,No,No,No,Month-to-month,Yes,Electronic check,55.5,1022.45,No
2230-TR00602,Female,0,Yes,Yes,8,Yes,No,No,No internet service,No internet service,No internet service,No internet service,No internet service,No internet service,One year,No,Mailed check,20.7,165.23,No
8927-TR00203,Male,0,Yes,No,72,No,No phone service,DSL,Yes,Yes,Yes,No,No,No,Two year,No,Bank transfer (automatic),40.13,2900.75,No
3906-TR02012,Female,0,No,No,49,Yes,No,DSL,Yes,No,Yes,Yes,No,No,One year,No,Credit card (automatic),61.82,2893.08,No
6620-TR01489,Male,1,No,No,13,Yes,Yes,Fiber optic,No,Yes,Yes,No,Yes,Yes,Month-to-month,Yes,Electronic check,110.5,1468.81,Yes
2153-TR00042,Male,0,Yes,No,72,No,No phone service,DSL,Yes,Yes,Yes,No,No,No,Two year,No,Bank transfer (automatic),41.45,3060.44,No
4074-TR00222,Male,0,No,No,0,Yes,No,DSL,Yes,No,No,No,No,No,Month-to-month,Yes,Mailed check,48.68,0.0,Yes
4525-TR01055,Male,0,Yes,Yes,12,Yes,No,DSL,Yes,No,No,No,No,No,Month-to-month,Yes,Mailed check,51.93,598.4,No
5861-TR00722,Male,0,No,No,3,Yes,No,Fiber optic,No,No,No,No,No,No,Month-to-month,Yes,Electronic check,66.72,203.6,Yes
7067-TR02704,Female,0,No,No,2,Yes,Yes,Fiber optic,No,No,Yes,No,No,No,Month-to-month,No,Mailed check,78.72,147.99,Yes
5143-TR02699,Female,0,No,No,42,Yes,No,Fiber optic,No,No,Yes,No,No,No,Month-to-month,Yes,Credit card (automatic),77.93,3402.95,No
2214-TR01488,Male,0,No,No,6,Yes,Yes,Fiber optic,No,Yes,No,No,Yes,Yes,Month-to-month,Yes,Credit card (automatic),98.6,591.39,No
2027-TR02276,Male,0,No,No,42,Yes,Yes,Fiber optic,No,No,No,No,Yes,Yes,One year,No,Mailed check,96.0,4056.4,No
5195-TR01492,Male,1,No,No,0,No,No phone service,DSL,No,No,Yes,No,No,Yes,Month-to-month,Yes,Electronic check,37.51,0.0,Yes
3874-TR01777,Female,1,Yes,No,38,Yes,Yes,Fiber optic,No,No,No,No,No,No,Month-to-month,Yes,Electronic check,74.54,2981.69,Yes
4631-TR00063,Female,0,Yes,No,58,Yes,Yes,DSL,No,Yes,No,Yes,No,No,Two year,Yes,Credit card (automatic),56.35,3237.36,No
5201-TR02748,Male,0,No,No,7,Yes,Yes,Fiber optic,No,No,No,No,Yes,Yes,Month-to-month,No,Mailed check,90.73,634.26,Yes
5663-TR01019,Female,0,Yes,No,0,Yes,No,DSL,No,No,No,No,No,No,Month-to-month,Yes,Credit card (automatic),42.68,0.0,Yes
1132-TR01342,Female,0,No,No,42,Yes,No,Fiber optic,No,No,Yes,No,No,No,Month-to-month,Yes,Credit card (automatic),72.09,3074.2,No
8997-TR00257,Male,0,No,No,4,Yes,Yes,Fiber optic,No,No,No,No,No,No,Month-to-month,Yes,Electronic check,69.74,269.57,Yes
9317-TR02095,Female,0,Yes,Yes,9,Yes,No,DSL,Yes,No,No,No,No,No,Month-to-month,No,Mailed check,43.2,369.43,No
7655-TR02186,Female,0,No,No,36,No,No phone service,DSL,Yes,No,No,No,No,No,One year,No,Mailed check,35.82,1288.73,No
3573-TR02228,Female,0,Yes,No,16,Yes,No,Fiber optic,Yes,Yes,No,Yes,Yes,No,Month-to-month,Yes,Electronic check,97.46,1420.94,No
4172-TR01972,Male,0,No,No,1,Yes,No,No,No internet service,No internet service,No internet service,No internet service,No internet service,No internet service,Month-to-month,No,Mailed check,19.93,21.93,Yes
2570-TR00934,Female,0,No,No,11,Yes,Yes,Fiber optic,No,No,Yes,No,Yes,Yes,Month-to-month,Yes,Electronic check,100.36,1048.03,Yes
3723-TR02566,Female,0,Yes,Yes,31,Yes,No,DSL,Yes,No,Yes,Yes,Yes,Yes,One year,Yes,Mailed check,82.28,2514.78,No
7200-TR00664,Female,1,No,No,54,Yes,Yes,DSL,Yes,Yes,No,Yes,Yes,Yes,One year,No,Bank transfer (automatic),83.95,4409.47,Yes
1764-TR01480,Female,0,No,No,51,Yes,No,DSL,Yes,No,Yes,Yes,No,No,One year,No,Credit card (automatic),57.28,2960.14,No
4482-TR01848,Male,0,Yes,No,56,Yes,No,DSL,No,No,Yes,No,No,No,One year,No,Credit card (automatic),48.82,2790.79,No
5651-TR00715,Female,0,Yes,Yes,28,Yes,No,DSL,Yes,No,Yes,Yes,Yes,Yes,One year,Yes,Mailed check,85.16,2460.57,No
1777-TR00799,Female,0,No,No,8,Yes,Yes,Fiber optic,No,No,Yes,No,Yes,Yes,Month-to-month,Yes,Electronic check,99.22,752.58,Yes
8568-TR02886,Female,1,Yes,No,0,Yes,No,Fiber optic,No,No,No,No,No,No,Month-to-month,Yes,Mailed check,72.37,0.87,Yes
3355-TR00703,Male,0,No,No,65,Yes,No,DSL,No,No,No,Yes,No,No,Two year,No,Bank transfer (automatic),51.83,3226.68,No
3058-TR01386,Female,1,Yes,No,72,Yes,Yes,Fiber optic,Yes,Yes,Yes,Yes,No,No,Two year,Yes,Credit card (automatic),97.76,6781.54,No
3376-BMGFE,Female,0,No,No,4,Yes,No,Fiber optic,No,No,No,No,No,No,Month-to-month,Yes,Bank transfer (automatic),70.9,273.0,Yes
2808-TR02678,Female,0,Yes,Yes,66,Yes,Yes,DSL,Yes,Yes,Yes,No,No,No,Month-to-month,Yes,Bank transfer (automatic),66.68,4757.23,No
3636-TR00287,Male,0,Yes,Yes,36,Yes,Yes,DSL,No,No,Yes,No,Yes,Yes,Month-to-month,Yes,Electronic check,76.13,2816.28,No
2159-TR01177,Female,1,No,No,10,Yes,No,DSL,No,Yes,Yes,No,No,No,Month-to-month,Yes,Electronic check,54.67,551.59,No
8662-TR00410,Male,1,Yes,Yes,34,Yes,Yes,Fiber optic,No,Yes,No,No,Yes,Yes,Month-to-month,No,Electronic check,100.62,3489.92,No
2376-TR00919,Male,0,Yes,No,4,Yes,No,Fiber optic,No,No,No,No,No,No,Month-to-month,No,Electronic check,67.9,265.33,Yes
5167-TR00603,Female,0,No,No,28,Yes,Yes,No,No internet service,No internet service,No internet service,No internet service,No internet service,No internet service,Month-to-month,No,Electronic check,22.59,652.83,No
7926-TR00194,Male,1,Yes,Yes,67,Yes,Yes,Fiber optic,No,Yes,Yes,Yes,Yes,Yes,One year,Yes,Electronic check,108.67,7366.91,No
5847-TR00266,Male,0,No,Yes,34,Yes,Yes,Fiber optic,No,Yes,No,No,No,No,Month-to-month,Yes,Mailed check,80.76,2811.74,No
6908-TR00848,Female,1,No,No,44,Yes,Yes,Fiber optic,No,Yes,No,No,Yes,No,Month-to-month,Yes,Electronic check,89.49,3837.75,No
1626-TR00826,Male,0,No,No,5,Yes,No,No,No internet service,No internet service,No internet service,No internet service,No internet service,No internet service,Month-to-month,No,Mailed check,20.04,95.7,Yes
9502-TR00219,Female,0,No,Yes,5,Yes,Yes,No,No internet service,No internet service,No internet service,No internet service,No internet service,No internet service,Month-to-month,No,Mailed check,24.91,122.93,No
8697-TR00340,Male,0,Yes,No,0,Yes,No,Fiber optic,No,No,No,No,No,No,Month-to-month,No,Electronic check,72.57,0.0,Yes
7934-TR02463,Male,0,No,No,34,Yes,No,DSL,Yes,No,Yes,No,No,No,One year,No,Mailed check,51.6,1829.92,No
6777-TR01371,Female,0,Yes,No,59,No,No phone service,DSL,Yes,Yes,Yes,No,Yes,Yes,Month-to-month,Yes,Bank transfer (automatic),59.63,3454.17,No
4948-TR00719,Female,1,No,No,50,Yes,Yes,DSL,Yes,Yes,No,Yes,Yes,Yes,One year,No,Bank transfer (automatic),83.9,4090.18,Yes
1492-TR01638,Male,0,No,Yes,64,Yes,No,DSL,Yes,Yes,No,No,No,No,One year,No,Bank transfer (automatic),56.34,3512.11,No
2876-TR00857,Female,0,Yes,Yes,70,No,No phone service,DSL,No,Yes,Yes,Yes,Yes,Yes,Two year,No,Credit card (automatic),58.75,3983.81,No
6422-TR02701,Female,0,No,No,1,Yes,No,DSL,No,Yes,No,No,No,No,Month-to-month,No,Bank transfer (automatic),54.63,55.7,No
7219-TLZHO,Female,0,Yes,Yes,4,Yes,No,No,No internet service,No internet service,No internet service,No internet service,No internet service,No internet service,Month-to-month,No,Mailed check,20.85,62.9,No
2809-TR00447,Female,0,Yes,Yes,68,Yes,No,Fiber optic,No,No,Yes,No,No,No,Two year,No,Electronic check,74.88,5066.2,No
3495-TR02656,Male,0,No,Yes,44,Yes,Yes,DSL,Yes,No,Yes,No,Yes,Yes,One year,Yes,Credit card (automatic),84.18,3891.99,No
9526-TR01681,Female,0,No,No,6,Yes,No,Fiber optic,No,No,No,No,No,No,Month-to-month,Yes,Electronic check,69.91,397.76,Yes
8614-TR00788,Male,0,Yes,Yes,22,Yes,No,Fiber optic,No,Yes,Yes,Yes,No,No,One year,No,Mailed check,87.56,1961.02,No
1250-TR01517,Female,1,No,No,20,Yes,No,Fiber optic,No,No,No,Yes,Yes,Yes,Month-to-month,Yes,Electronic check,95.93,1928.67,Yes
7709-TR00537,Female,0,Yes,No,0,Yes,No,DSL,No,No,No,No,No,No,Month-to-month,Yes,Credit card (automatic),43.18,0.0,Yes
6745-JEFZB,Male,0,Yes,No,35,Yes,Yes,Fiber optic,No,No,No,Yes,Yes,No,Month-to-month,Yes,Credit card (automatic),91.5,3236.35,No
9931-TR00363,Female,0,Yes,No,5,No,No phone service,DSL,No,Yes,No,No,No,No,Month-to-month,Yes,Electronic check,28.48,148.89,No
4571-TR02623,Male,0,No,No,2,Yes,No,No,No internet service,No internet service,No internet service,No internet service,No internet service,No internet service,Month-to-month,No,Mailed check,18.22,33.9,Yes
8043-TR02578,Male,0,Yes,Yes,25,Yes,Yes,Fiber optic,No,Yes,No,Yes,No,No,Month-to-month,Yes,Credit card (automatic),82.18,2066.01,No
4395-TR02831,Male,0,Yes,Yes,34,Yes,Yes,DSL,Yes,No,Yes,Yes,No,No,Two year,Yes,Credit card (automatic),64.67,2286.93,No
2684-TR00342,Male,0,No,Yes,67,Yes,Yes,Fiber optic,Yes,No,Yes,No,Yes,Yes,Two year,No,Bank transfer (automatic),102.51,6664.62,No
9880-TR00076,Female,1,No,No,19,Yes,Yes,DSL,Yes,No,No,No,No,No,Month-to-month,Yes,Electronic check,48.06,931.55,No
4667-QONEA,Female,1,Yes,Yes,60,Yes,No,DSL,Yes,Yes,Yes,Yes,No,Yes,One year,Yes,Credit card (automatic),74.85,4456.35,No
5275-TR02410,Male,0,Yes,No,7,Yes,Yes,Fiber optic,No,Yes,No,Yes,No,No,Month-to-month,Yes,Electronic check,87.16,566.81,Yes
2070-FNEXE,Female,1,No,No,7,Yes,No,Fiber optic,Yes,No,No,No,No,No,Month-to-month,No,Bank transfer (automatic),76.45,503.6,Yes
2395-TR00698,Female,1,No,No,19,Yes,No,Fiber optic,No,No,No,Yes,Yes,Yes,Month-to-month,Yes,Electronic check,94.35,1847.62,Yes
2512-TR00583,Female,1,No,No,12,Yes,Yes,Fiber optic,No,No,No,No,No,No,Month-to-month,Yes,Mailed check,74.11,872.48,Yes
5650-TR00480,Female,0,Yes,No,21,Yes,No,Fiber optic,Yes,Yes,No,Yes,Yes,No,Month-to-month,Yes,Electronic check,93.94,1938.57,No
7313-TR00926,Female,0,Yes,Yes,21,Yes,No,No,No internet service,No internet service,No internet service,No internet service,No internet service,No internet service,One year,No,Mailed check,18.54,379.88,No
8931-TR00833,Female,0,No,Yes,1,Yes,No,Fiber optic,No,No,No,No,Yes,No,Month-to-month,Yes,Electronic check,75.93,81.8,Yes
6655-LHBYW,Male,0,No,No,50,Yes,Yes,Fiber optic,Yes,Yes,Yes,Yes,Yes,Yes,One year,No,Credit card (automatic),114.35,5791.1,No
1398-TR01302,Male,0,Yes,No,68,No,No phone service,DSL,Yes,Yes,Yes,No,No,No,Two year,No,Bank transfer (automatic),39.86,2738.38,No
2258-TR02018,Female,0,No,No,14,Yes,No,DSL,No,Yes,No,No,No,No,Month-to-month,No,Electronic check,48.04,677.1,No
7025-TR02769,Male,0,No,No,60,Yes,Yes,Fiber optic,No,Yes,Yes,Yes,Yes,Yes,Month-to-month,Yes,Electronic check,111.25,6701.51,No
2980-TR02198,Male,0,Yes,Yes,43,Yes,Yes,DSL,No,No,Yes,No,Yes,Yes,Month-to-month,Yes,Electronic check,70.38,3013.53,No
4213-TR00784,Female,0,Yes,No,3,Yes,No,Fiber optic,No,No,Yes,No,No,No,Month-to-month,Yes,Bank transfer (automatic),73.57,219.35,Yes
4381-TR00544,Female,0,No,No,53,Yes,Yes,Fiber optic,No,No,No,No,No,Yes,Month-to-month,Yes,Electronic check,84.85,4484.02,No
7289-TR00388,Female,0,Yes,No,1,No,No phone service,DSL,No,Yes,No,No,No,No,Month-to-month,Yes,Electronic check,30.31,30.31,No
2173-TR01422,Female,1,No,No,11,Yes,No,Fiber optic,No,No,No,No,Yes,Yes,Month-to-month,Yes,Electronic check,91.97,949.35,No
2349-TR02059,Male,1,Yes,No,17,Yes,Yes,Fiber optic,No,Yes,No,Yes,Yes,Yes,Month-to-month,No,Electronic check,106.04,1770.35,No
8314-TR02324,Female,1,No,No,25,No,No phone service,DSL,Yes,No,No,No,Yes,No,Month-to-month,Yes,Electronic check,38.93,1041.06,Yes
5088-TR02068,Female,1,No,No,13,Yes,Yes,DSL,Yes,No,No,No,No,No,Month-to-month,Yes,Electronic check,55.49,662.51,No
4170-TR01904,Male,1,Yes,No,1,No,No phone service,DSL,No,Yes,No,No,Yes,No,Month-to-month,No,Electronic check,41.04,43.78,Yes
2067-TR00855,Male,0,No,No,4,No,No phone service,DSL,No,No,No,No,No,Yes,Month-to-month,Yes,Electronic check,36.74,144.5,Yes
8077-TR00281,Female,1,Yes,No,11,Yes,No,Fiber optic,No,No,No,Yes,Yes,No,Month-to-month,Yes,Electronic check,85.48,905.74,No
8587-XYZSF,Male,0,No,No,67,Yes,No,DSL,No,No,No,Yes,No,No,Two year,No,Bank transfer (automatic),50.55,3260.1,No
7986-TR00560,Female,0,Yes,No,67,Yes,Yes,DSL,Yes,Yes,Yes,Yes,Yes,Yes,Two year,No,Credit card (automatic),84.57,5792.6,No
1988-TR01689,Male,0,No,No,66,Yes,Yes,Fiber optic,Yes,Yes,No,No,No,No,One year,Yes,Credit card (automatic),87.03,5879.79,No
8642-TR02481,Female,1,Yes,No,10,Yes,Yes,Fiber optic,No,Yes,No,No,No,No,Month-to-month,Yes,Credit card (automatic),79.78,816.93,Yes
2813-TR01530,Female,1,No,No,7,Yes,No,Fiber optic,No,Yes,No,No,Yes,Yes,Month-to-month,Yes,Electronic check,94.79,666.06,Yes
9444-TR00540,Female,0,Yes,Yes,46,Yes,No,No,No internet service,No internet service,No internet service,No internet service,No internet service,No internet service,Two year,No,Bank transfer (automatic),19.72,907.49,No
2193-TR00822,Male,1,Yes,No,17,Yes,No,DSL,Yes,Yes,No,No,No,Yes,Month-to-month,Yes,Bank transfer (automatic),60.66,996.33,No
9015-TR00873,Male,0,No,No,35,Yes,No,DSL,Yes,Yes,Yes,No,No,No,One year,No,Mailed check,64.97,2340.92,No
9240-TR02225,Female,0,No,No,7,No,No phone service,DSL,Yes,No,No,No,No,No,Month-to-month,No,Mailed check,29.42,196.01,No
4259-TR01613,Female,0,No,No,24,Yes,Yes,Fiber optic,No,No,No,No,Yes,No,Month-to-month,Yes,Bank transfer (automatic),84.67,2079.24,No
8287-TR00678,Female,0,No,No,5,Yes,No,Fiber optic,No,No,No,No,No,No,Month-to-month,Yes,Bank transfer (automatic),72.22,353.39,Yes
8225-TR02408,Female,0,No,No,12,Yes,Yes,Fiber optic,No,No,Yes,No,Yes,Yes,Month-to-month,Yes,Bank transfer (automatic),95.38,1102.4,Yes
4730-TR00106,Female,0,Yes,Yes,62,Yes,Yes,Fiber optic,Yes,Yes,Yes,Yes,Yes,Yes,Two year,No,Credit card (automatic),114.56,6794.02,No
7317-TR02266,Male,0,No,No,5,Yes,No,Fiber optic,Yes,No,No,No,No,Yes,Month-to-month,Yes,Mailed check,85.87,426.6,Yes
1695-TR02075,Male,0,Yes,No,38,Yes,Yes,Fiber optic,No,No,No,Yes,Yes,No,Month-to-month,Yes,Credit card (automatic),89.11,3503.75,No
6614-FHDBO,Male,0,No,No,72,Yes,Yes,Fiber optic,No,Yes,Yes,Yes,Yes,Yes,Two year,No,Bank transfer (automatic),109.2,7878.3,No
3581-TR00391,Female,0,Yes,No,72,Yes,Yes,No,No internet service,No internet service,No internet service,No internet service,No internet service,No internet service,Two year,No,Bank transfer (automatic),24.53,1784.5,No
6778-JFCMK,Male,0,No,No,24,No,No phone service,DSL,Yes,No,No,No,Yes,Yes,One year,Yes,Mailed check,50.6,1288.75,No
9812-TR02725,Female,0,No,No,6,No,No phone service,DSL,Yes,No,No,No,No,No,Month-to-month,No,Mailed check,25.89,149.52,No
8224-TR00231,Female,1,No,No,2,Yes,No,Fiber optic,No,No,No,No,Yes,Yes,Month-to-month,Yes,Electronic check,88.65,174.06,No
8953-TR02162,Male,1,Yes,No,17,Yes,Yes,Fiber optic,No,Yes,No,Yes,Yes,Yes,Month-to-month,No,Electronic check,108.04,1752.68,No
2129-TR00627,Female,1,No,No,31,Yes,No,DSL,No,Yes,No,Yes,No,No,Month-to-month,No,Bank transfer (automatic),57.17,1698.66,No
1080-TR01548,Male,1,Yes,No,36,Yes,Yes,Fiber optic,No,No,Yes,No,Yes,Yes,Month-to-month,Yes,Electronic check,96.53,3459.64,No
7629-TR01597,Male,0,Yes,Yes,48,Yes,Yes,Fiber optic,No,Yes,No,No,Yes,Yes,Month-to-month,Yes,Electronic check,92.68,4439.66,Yes
3341-TR00244,Female,0,Yes,Yes,60,Yes,Yes,Fiber optic,Yes,No,No,No,Yes,Yes,One year,Yes,Credit card (automatic),100.64,5907.34,No
3817-TR02513,Female,0,Yes,No,53,Yes,No,Fiber optic,Yes,Yes,Yes,No,Yes,No,One year,Yes,Electronic check,96.67,5261.2,No
3997-TR01412,Female,1,No,No,0,Yes,Yes,Fiber optic,No,No,No,No,Yes,Yes,Month-to-month,Yes,Electronic check,95.18,0.0,Yes
6072-TR02830,Male,0,No,No,0,Yes,No,No,No internet service,No internet service,No internet service,No internet service,No internet service,No internet service,Month-to-month,No,Mailed check,18.0,0.54,Yes
3212-KXOCR,Male,0,No,No,52,Yes,No,No,No internet service,No internet service,No internet service,No internet service,No internet service,No internet service,Two year,No,Bank transfer (automatic),21.0,1107.2,No
7698-TR00491,Male,0,No,No,11,Yes,Yes,Fiber optic,No,No,No,No,No,Yes,Month-to-month,No,Bank transfer (automatic),82.42,917.8,Yes
5675-TR01116,Male,0,Yes,Yes,10,Yes,No,DSL,Yes,No,No,No,No,No,Month-to-month,Yes,Mailed check,48.0,493.86,No
8135-TR02244,Male,0,No,Yes,22,Yes,Yes,Fiber optic,No,Yes,No,No,Yes,No,Month-to-month,Yes,Credit card (automatic),89.35,1887.87,No
0557-ASKVU,Female,0,Yes,Yes,18,Yes,No,DSL,No,No,Yes,Yes,No,No,One year,Yes,Credit card (automatic),54.4,957.1,No
2574-TR01393,Female,0,Yes,Yes,34,Yes,Yes,No,No internet service,No internet service,No internet service,No internet service,No internet service,No internet service,Two year,No,Credit card (automatic),21.59,771.47,No
5992-TR00332,Female,0,No,No,61,Yes,Yes,DSL,Yes,Yes,Yes,Yes,Yes,No,Two year,Yes,Credit card (automatic),78.96,4471.41,No
3390-TR02440,Female,0,Yes,Yes,9,Yes,No,DSL,Yes,No,No,No,No,No,One year,No,Mailed check,50.22,447.23,No
1030-TR02773,Male,0,No,No,3,Yes,No,DSL,Yes,No,No,No,No,No,Month-to-month,Yes,Mailed check,48.54,161.18,Yes
4669-TR01053,Male,0,No,No,56,Yes,Yes,Fiber optic,No,Yes,Yes,Yes,Yes,Yes,Month-to-month,Yes,Electronic check,109.63,6205.64,No
2484-TR00276,Female,1,Yes,No,2,Yes,No,Fiber optic,No,No,No,No,No,No,Month-to-month,Yes,Electronic check,68.59,143.47,No
1591-TR02832,Male,0,No,No,1,Yes,No,Fiber optic,No,No,No,No,No,Yes,Month-to-month,No,Electronic check,77.34,77.34,Yes
5979-TR01465,Male,0,No,No,6,Yes,Yes,Fiber optic,No,Yes,No,No,Yes,Yes,Month-to-month,Yes,Credit card (automatic),102.08,661.66,No
1459-TR01523,Female,0,No,No,51,Yes,No,DSL,Yes,No,Yes,Yes,No,No,One year,No,Credit card (automatic),60.06,2980.52,No
2617-TR01772,Female,0,Yes,Yes,6,Yes,No,DSL,Yes,No,No,No,No,No,One year,No,Mailed check,44.3,273.15,No
3363-DTIVD,Male,0,Yes,Yes,71,Yes,Yes,Fiber optic,Yes,No,Yes,No,Yes,Yes,Two year,No,Electronic check,105.55,7405.5,No
2625-TR02906,Male,0,Yes,Yes,62,Yes,No,DSL,Yes,Yes,Yes,Yes,Yes,Yes,Two year,No,Electronic check,91.99,5832.29,No
1906-TR01713,Male,1,Yes,No,70,Yes,Yes,No,No internet service,No internet service,No internet service,No internet service,No internet service,No internet service,Two year,No,Bank transfer (automatic),24.94,1711.01,No
4795-TR00687,Male,0,No,No,8,Yes,Yes,No,No internet service,No internet service,No internet service,No internet service,No internet service,No internet service,Two year,No,Bank transfer (automatic),22.41,170.47,No
5654-TR02893,Male,0,Yes,Yes,70,Yes,Yes,DSL,Yes,Yes,No,Yes,No,No,One year,Yes,Credit card (automatic),67.65,4821.27,No
6680-NENYN,Female,0,No,No,43,Yes,Yes,Fiber optic,No,Yes,Yes,No,Yes,Yes,Two year,Yes,Electronic check,104.6,4759.85,Yes
6828-TR00846,Female,1,Yes,No,67,No,No phone service,DSL,No,Yes,Yes,No,Yes,No,One year,No,Bank transfer (automatic),46.07,3198.99,No
6637-TR00699,Male,0,No,No,60,Yes,Yes,Fiber optic,Yes,Yes,No,No,No,No,One year,Yes,Credit card (automatic),83.72,5113.41,No
2536-TR00406,Male,0,Yes,Yes,72,Yes,Yes,Fiber optic,Yes,No,Yes,No,Yes,Yes,Two year,No,Electronic check,109.22,7670.33,No
7225-TR00313,Female,1,No,No,19,Yes,No,Fiber optic,Yes,Yes,No,Yes,Yes,Yes,Month-to-month,Yes,Mailed check,106.63,2064.37,No
1091-SOZGA,Female,0,Yes,Yes,56,Yes,Yes,Fiber optic,No,No,Yes,No,Yes,Yes,One year,Yes,Credit card (automatic),99.8,5515.45,No
9294-TR00008,Female,0,No,No,17,Yes,No,Fiber optic,No,Yes,Yes,No,No,No,Month-to-month,Yes,Electronic check,76.13,1338.85,Yes
4237-TR02251,Female,0,Yes,No,0,No,No phone service,DSL,No,No,No,No,No,No,Month-to-month,Yes,Electronic check,26.62,0.0,Yes
2794-TR02671,Female,1,No,No,9,Yes,No,Fiber optic,No,No,No,No,Yes,Yes,Month-to-month,Yes,Electronic check,92.55,852.22,No
6584-TR00767,Female,0,Yes,No,11,Yes,No,Fiber optic,No,No,Yes,No,No,No,Month-to-month,Yes,Bank transfer (automatic),75.02,802.26,Yes
1572-TR02715,Female,0,No,No,10,Yes,Yes,Fiber optic,No,No,Yes,No,Yes,Yes,Month-to-month,Yes,Bank transfer (automatic),95.96,923.22,Yes
6239-TR02775,Female,0,Yes,Yes,8,Yes,Yes,Fiber optic,Yes,No,No,No,Yes,Yes,Month-to-month,Yes,Electronic check,96.83,807.84,Yes
4496-TR02272,Male,0,No,No,3,Yes,No,Fiber optic,No,No,No,No,No,Yes,Month-to-month,No,Electronic check,78.19,233.29,Yes
9918-TR00776,Female,0,Yes,Yes,12,Yes,No,No,No internet service,No internet service,No internet service,No internet service,No internet service,No internet service,Month-to-month,No,Electronic check,21.98,266.27,No
8242-TR02231,Female,0,No,No,0,Yes,Yes,Fiber optic,No,No,Yes,No,No,No,Month-to-month,No,Mailed check,79.81,0.12,Yes
7930-TR01912,Male,0,No,No,40,Yes,Yes,Fiber optic,No,No,Yes,Yes,Yes,No,One year,No,Bank transfer (automatic),97.58,3881.19,No
7550-TR00950,Male,0,No,No,68,Yes,Yes,Fiber optic,Yes,Yes,No,No,No,No,One year,Yes,Credit card (automatic),84.86,5765.79,No
8181-YHCMF,Female,0,Yes,Yes,68,No,No phone service,DSL,No,Yes,Yes,Yes,Yes,Yes,Two year,No,Credit card (automatic),60.3,4109.0,No
4241-TR02884,Female,0,No,No,7,Yes,No,Fiber optic,No,No,No,No,Yes,No,Month-to-month,Yes,Bank transfer (automatic),79.29,569.67,No
7636-TR00253,Female,1,No,No,14,Yes,Yes,DSL,Yes,No,No,No,No,No,Month-to-month,Yes,Electronic check,51.97,702.98,No
2038-TR00365,Male,0,Yes,No,54,Yes,No,DSL,No,No,Yes,No,No,No,One year,No,Credit card (automatic),53.34,2960.73,No
9794-TR02592,Male,0,Yes,No,6,Yes,Yes,Fiber optic,No,Yes,No,Yes,No,No,Month-to-month,Yes,Electronic check,84.25,515.8,Yes
5097-TR02644,Female,0,Yes,Yes,8,No,No phone service,DSL,Yes,No,No,No,Yes,Yes,Month-to-month,No,Electronic check,52.46,419.64,No
7703-TR01211,Male,0,Yes,Yes,2,No,No phone service,DSL,No,Yes,No,No,No,No,Month-to-month,No,Electronic check,32.41,62.53,Yes
4060-TR00666,Female,0,No,No,72,Yes,No,No,No internet service,No internet service,No internet service,No internet service,No internet service,No internet service,Two year,No,Credit card (automatic),22.31,1571.25,No
4798-TR02038,Female,0,Yes,Yes,45,Yes,Yes,No,No internet service,No internet service,No internet service,No internet service,No internet service,No internet service,One year,Yes,Credit card (automatic),24.47,1133.86,No
5476-TR00504,Male,1,Yes,No,28,No,No phone service,DSL,Yes,No,No,No,No,No,Month-to-month,No,Credit card (automatic),35.33,957.96,Yes
3973-SKMLN,Male,0,No,No,71,Yes,No,No,No internet service,No internet service,No internet service,No internet service,No internet service,No internet service,Two year,Yes,Credit card (automatic),19.9,1355.1,No
7550-TR01781,Female,0,No,No,14,Yes,Yes,Fiber optic,No,No,No,No,No,Yes,Month-to-month,Yes,Electronic check,86.41,1180.57,No
7657-TR01506,Male,0,Yes,Yes,72,Yes,Yes,DSL,Yes,Yes,No,Yes,No,No,One year,Yes,Credit card (automatic),66.31,4857.41,No
2701-TR02192,Male,0,Yes,No,7,Yes,No,Fiber optic,No,Yes,Yes,No,No,Yes,Month-to-month,Yes,Electronic check,91.86,655.06,Yes
6329-TR02864,Male,1,No,No,4,Yes,No,Fiber optic,No,Yes,No,No,No,No,Month-to-month,Yes,Electronic check,71.94,290.49,Yes
9854-TR01984,Male,0,Yes,No,3,Yes,No,Fiber optic,No,No,No,No,No,No,Month-to-month,No,Electronic check,69.58,201.94,Yes
1417-TR01792,Female,0,Yes,No,59,No,No phone service,DSL,Yes,Yes,Yes,No,Yes,Yes,Month-to-month,Yes,Bank transfer (automatic),58.44,3502.8,No
3020-TR01400,Female,1,No,No,2,Yes,No,Fiber optic,No,No,No,No,Yes,Yes,Month-to-month,Yes,Electronic check,90.32,183.79,No
8139-TR02504,Female,1,No,No,18,Yes,No,Fiber optic,No,No,No,Yes,Yes,Yes,Month-to-month,Yes,Electronic check,93.15,1650.39,Yes
1130-TR00752,Male,1,No,No,5,Yes,No,Fiber optic,No,Yes,No,No,No,No,Month-to-month,Yes,Electronic check,75.37,373.98,Yes
1855-TR00176,Female,0,No,No,11,Yes,No,DSL,No,Yes,No,No,No,No,Month-to-month,No,Electronic check,48.01,529.71,No
1634-TR00661,Female,0,Yes,Yes,70,Yes,Yes,Fiber optic,Yes,Yes,No,No,Yes,Yes,One year,Yes,Electronic check,104.09,7176.37,No
6468-TR02880,Male,1,No,No,17,Yes,No,Fiber optic,No,Yes,No,No,No,No,Month-to-month,Yes,Electronic check,69.81,1167.42,Yes
2954-TR02442,Male,0,No,No,4,Yes,No,Fiber optic,No,No,No,No,No,No,Month-to-month,No,Mailed check,74.09,296.1,Yes
5475-TR00346,Male,1,No,No,0,Yes,No,Fiber optic,No,No,No,Yes,No,No,Month-to-month,No,Electronic check,73.55,0.77,No
8298-TR02674,Female,0,No,No,37,Yes,No,Fiber optic,No,Yes,No,No,Yes,Yes,Month-to-month,Yes,Credit card (automatic),99.75,3718.82,No
5563-TR00925,Female,1,Yes,No,28,Yes,Yes,DSL,Yes,No,No,Yes,Yes,No,Month-to-month,Yes,Credit card (automatic),71.02,1993.03,No
2375-TR00865,Male,0,No,No,54,Yes,Yes,No,No internet service,No internet service,No internet service,No internet service,No internet service,No internet service,Two year,No,Bank transfer (automatic),24.14,1275.87,No
7374-TR01122,Female,0,No,No,4,Yes,No,DSL,Yes,Yes,No,No,No,No,Month-to-month,No,Mailed check,59.61,233.48,No
4222-TR02603,Female,1,Yes,No,70,Yes,Yes,Fiber optic,Yes,Yes,Yes,Yes,No,No,Two year,Yes,Credit card (automatic),97.52,6645.86,No
7858-TR01234,Male,0,Yes,No,1,Yes,No,Fiber optic,No,No,No,No,No,No,Month-to-month,No,Electronic check,66.41,72.49,Yes
3956-TR02820,Female,0,Yes,Yes,15,Yes,No,No,No internet service,No internet service,No internet service,No internet service,No internet service,No internet service,One year,No,Mailed check,18.0,271.07,No
7601-TR01007,Female,0,No,No,70,Yes,No,No,No internet service,No internet service,No internet service,No internet service,No internet service,No internet service,Two year,No,Credit card (automatic),19.84,1351.82,No
4196-TR02763,Male,0,Yes,No,66,Yes,Yes,Fiber optic,No,Yes,Yes,No,Yes,Yes,Month-to-month,Yes,Electronic check,105.35,6716.15,Yes
3200-TR02555,Male,0,No,No,4,Yes,Yes,Fiber optic,No,No,No,No,No,No,Month-to-month,Yes,Electronic check,74.86,320.72,Yes
1017-TR01310,Female,0,No,No,1,Yes,No,Fiber optic,No,No,No,No,No,No,Month-to-month,Yes,Bank transfer (automatic),73.58,76.01,Yes
4111-BNXIF,Female,0,Yes,Yes,67,No,No phone service,DSL,No,Yes,Yes,Yes,Yes,Yes,Two year,Yes,Electronic check,59.55,4103.9,No
3078-TR01411,Female,1,Yes,No,72,Yes,Yes,Fiber optic,Yes,Yes,Yes,Yes,No,No,Two year,Yes,Credit card (automatic),99.98,7365.83,No
8141-TR00663,Female,0,No,No,17,Yes,No,Fiber optic,No,Yes,Yes,No,No,No,Month-to-month,Yes,Electronic check,77.26,1271.11,Yes
5580-TR02576,Female,0,No,No,28,Yes,No,No,No internet service,No internet service,No internet service,No internet service,No internet service,No internet service,One year,No,Bank transfer (automatic),19.56,553.68,No
8539-TR02814,Female,0,Yes,Yes,0,Yes,No,No,No internet service,No internet service,No internet service,No internet service,No internet service,No internet service,Month-to-month,No,Electronic check,18.96,0.58,No
4297-TR00584,Male,1,Yes,No,19,Yes,Yes,Fiber optic,No,Yes,No,Yes,Yes,Yes,Month-to-month,No,Electronic check,113.73,2143.53,No
9376-TR01626,Female,0,Yes,Yes,65,Yes,Yes,DSL,Yes,Yes,Yes,No,No,No,Month-to-month,Yes,Bank transfer (automatic),69.97,4469.51,No
4047-TR01591,Female,0,Yes,Yes,10,Yes,No,No,No internet service,No internet service,No internet service,No internet service,No internet service,No internet service,Month-to-month,No,Mailed check,22.92,224.15,No
4279-TR01907,Female,1,Yes,No,33,Yes,Yes,Fiber optic,No,No,No,No,No,No,Month-to-month,Yes,Electronic check,78.59,2590.15,Yes
4572-DVCGN,Female,0,No,No,10,Yes,No,Fiber optic,No,No,No,No,No,Yes,Month-to-month,Yes,Bank transfer (automatic),80.25,846.0,Yes
3158-TR02723,Male,0,Yes,No,72,Yes,Yes,No,No internet service,No internet service,No internet service,No internet service,No internet service,No internet service,Two year,Yes,Bank transfer (automatic),25.92,1861.74,No
6773-TR02264,Male,0,No,No,55,Yes,Yes,DSL,Yes,No,No,Yes,Yes,Yes,Two year,Yes,Credit card (automatic),82.49,4584.9,No
3774-VBNXY,Female,0,Yes,Yes,64,Yes,No,No,No internet service,No internet service,No internet service,No internet service,No internet service,No internet service,Two year,No,Mailed check,20.2,1277.75,No
2651-ZCBXV,Male,0,No,No,54,Yes,Yes,Fiber optic,Yes,Yes,No,Yes,Yes,Yes,Two year,Yes,Credit card (automatic),108.0,5760.65,No
4085-TR01152,Male,0,No,No,10,Yes,No,No,No internet service,No internet service,No internet service,No internet service,No internet service,No internet service,Month-to-month,Yes,Mailed check,18.0,172.71,No
7048-TR01150,Female,0,No,No,17,Yes,No,Fiber optic,No,Yes,No,Yes,No,No,Month-to-month,Yes,Credit card (automatic),75.01,1235.21,No
5895-TR01355,Female,0,Yes,Yes,13,Yes,No,DSL,No,No,Yes,Yes,No,No,Month-to-month,No,Credit card (automatic),55.11,745.58,Yes
5652-TR00293,Male,1,Yes,No,0,No,No phone service,DSL,No,Yes,No,No,Yes,No,Month-to-month,No,Electronic check,41.32,1.14,Yes
4419-TR00334,Female,0,Yes,No,31,Yes,Yes,No,No internet service,No internet service,No internet service,No internet service,No internet service,No internet service,Month-to-month,No,Electronic check,21.1,676.99,No
7928-TR01403,Female,0,Yes,Yes,72,Yes,Yes,DSL,Yes,No,Yes,Yes,No,No,Two year,Yes,Credit card (automatic),61.67,4449.07,No
9384-TR01808,Female,1,No,No,12,Yes,No,Fiber optic,No,Yes,No,No,Yes,Yes,Month-to-month,Yes,Electronic check,94.06,1141.12,Yes
2383-TR01906,Female,0,No,No,2,Yes,No,Fiber optic,No,No,No,No,No,No,Month-to-month,Yes,Electronic check,69.48,135.38,No
8932-TR00110,Male,0,No,No,18,Yes,No,DSL,No,Yes,No,No,No,No,Month-to-month,Yes,Mailed check,53.48,939.49,No
4935-TR00861,Male,0,No,No,0,No,No phone service,DSL,No,No,No,Yes,No,No,Month-to-month,No,Electronic check,31.22,0.0,No
4833-TR01962,Female,0,No,Yes,3,Yes,No,Fiber optic,No,No,No,No,Yes,No,Month-to-month,Yes,Electronic check,79.1,238.13,Yes
3059-TR02570,Male,0,No,No,42,Yes,No,Fiber optic,No,No,No,No,No,No,Month-to-month,No,Credit card (automatic),71.11,3123.69,No
7724-TR01389,Female,1,Yes,No,32,No,No phone service,DSL,Yes,No,Yes,No,No,Yes,Month-to-month,Yes,Electronic check,47.47,1534.76,No
1814-TR01763,Male,0,Yes,No,53,Yes,No,DSL,Yes,Yes,No,Yes,No,No,Two year,Yes,Electronic check,62.43,3127.27,No
5861-TR02740,Male,0,Yes,Yes,11,Yes,No,DSL,No,Yes,Yes,Yes,No,Yes,Month-to-month,Yes,Mailed check,71.18,798.71,No
8781-TR00159,Male,0,Yes,Yes,4,No,No phone service,DSL,No,Yes,No,No,No,No,Month-to-month,No,Electronic check,31.56,131.14,Yes
5825-TR02008,Female,0,Yes,Yes,37,Yes,No,DSL,Yes,Yes,No,Yes,Yes,Yes,One year,No,Credit card (automatic),80.07,2851.53,Yes
6791-TR01034,Male,0,No,No,71,Yes,Yes,Fiber optic,No,Yes,Yes,Yes,Yes,Yes,Two year,No,Bank transfer (automatic),105.77,7401.38,No
7127-TR01756,Female,0,Yes,Yes,8,Yes,No,No,No internet service,No internet service,No internet service,No internet service,No internet service,No internet service,Month-to-month,No,Mailed check,20.2,165.97,No
7418-TR00587,Male,0,Yes,No,27,No,No phone service,DSL,No,No,No,No,Yes,No,Month-to-month,No,Mailed check,34.6,908.77,No
9448-TR02817,Male,0,No,No,12,Yes,Yes,Fiber optic,No,No,No,No,No,Yes,Month-to-month,No,Bank transfer (automatic),86.73,1051.98,Yes
3568-TR00330,Female,0,Yes,Yes,68,No,No phone service,DSL,No,Yes,Yes,Yes,Yes,Yes,Two year,Yes,Electronic check,62.0,4251.84,No
8151-TR02100,Male,0,Yes,Yes,72,Yes,Yes,DSL,Yes,Yes,No,Yes,No,No,One year,Yes,Credit card (automatic),69.54,4986.8,No
4579-TR02666,Female,0,Yes,Yes,49,Yes,No,No,No internet service,No internet service,No internet service,No internet service,No internet service,No internet service,Two year,No,Bank transfer (automatic),18.08,873.87,No
4215-TR01494,Female,0,No,No,7,Yes,No,No,No internet service,No internet service,No internet service,No internet service,No internet service,No internet service,Month-to-month,No,Mailed check,23.99,175.17,No
8402-OOOHJ,Female,0,No,No,41,Yes,No,No,No internet service,No internet service,No internet service,No internet service,No internet service,No internet service,Two year,No,Mailed check,20.65,835.15,No
7687-TR01341,Male,1,Yes,No,19,Yes,No,DSL,Yes,Yes,No,No,No,Yes,Month-to-month,Yes,Bank transfer (automatic),67.84,1226.07,No
9403-TR01145,Male,0,No,No,0,Yes,No,No,No internet service,No internet service,No internet service,No internet service,No internet service,No internet service,Month-to-month,No,Mailed check,18.52,1.47,No
9375-TR01905,Male,0,No,No,0,Yes,No,No,No internet service,No internet service,No internet service,No internet service,No internet service,No internet service,Month-to-month,No,Bank transfer (automatic),19.86,0.88,No
7460-TR01676,Female,0,No,Yes,7,Yes,No,DSL,Yes,No,No,Yes,No,Yes,Month-to-month,Yes,Bank transfer (automatic),66.3,480.27,No
9008-TR02227,Female,1,Yes,No,1,Yes,No,Fiber optic,No,No,No,No,No,No,Month-to-month,Yes,Mailed check,72.34,72.34,Yes
4914-TR01509,Male,0,No,No,0,Yes,No,Fiber optic,Yes,No,No,No,No,Yes,Month-to-month,Yes,Mailed check,88.9,0.0,Yes
6389-TR00347,Male,0,Yes,No,72,Yes,Yes,DSL,Yes,Yes,Yes,Yes,Yes,Yes,Two year,Yes,Bank transfer (automatic),87.71,6238.34,No
8117-TR02892,Female,0,Yes,Yes,5,Yes,No,DSL,Yes,No,No,No,No,No,One year,No,Mailed check,44.62,217.61,No
5024-TR02092,Male,0,No,No,47,Yes,No,Fiber optic,No,No,No,No,No,No,Month-to-month,No,Credit card (automatic),71.0,3202.3,No
1539-TR02305,Female,0,Yes,No,33,Yes,No,DSL,Yes,No,No,No,Yes,No,One year,Yes,Bank transfer (automatic),63.69,2174.21,No
7631-TR02726,Female,0,No,No,31,Yes,Yes,No,No internet service,No internet service,No internet service,No internet service,No internet service,No internet service,Month-to-month,No,Electronic check,24.6,758.42,No
5185-TR01666,Female,0,No,No,39,Yes,No,Fiber optic,No,Yes,Yes,No,Yes,No,Month-to-month,Yes,Electronic check,95.68,3802.06,No
9846-TR00195,Male,1,No,No,11,Yes,No,Fiber optic,No,Yes,No,No,No,No,Month-to-month,Yes,Electronic check,74.27,803.43,Yes
3025-TR01550,Female,1,No,No,18,Yes,No,Fiber optic,Yes,Yes,No,Yes,Yes,Yes,Month-to-month,Yes,Mailed check,103.39,1909.59,No
3453-TR01441,Female,0,No,No,13,Yes,No,No,No internet service,No internet service,No internet service,No internet service,No internet service,No internet service,One year,No,Electronic check,22.51,298.49,No
3219-TR02618,Male,0,No,No,5,Yes,No,DSL,No,No,No,No,No,No,Month-to-month,Yes,Credit card (automatic),45.89,224.24,Yes
5961-VUSRV,Female,0,No,No,12,Yes,No,No,No internet service,No internet service,No internet service,No internet service,No internet service,No internet service,One year,Yes,Bank transfer (automatic),19.35,219.35,No
7845-TR01241,Female,0,Yes,Yes,11,Yes,No,DSL,Yes,No,No,No,No,No,Month-to-month,No,Mailed check,52.22,570.99,No
1148-TR01693,Male,0,Yes,No,54,Yes,Yes,Fiber optic,Yes,Yes,No,No,Yes,No,Month-to-month,Yes,Electronic check,100.41,5553.14,Yes
7802-TR01076,Male,0,No,Yes,20,Yes,Yes,Fiber optic,No,Yes,No,No,Yes,No,Month-to-month,Yes,Credit card (automatic),86.59,1876.43,No
3998-TR02157,Female,0,Yes,No,47,Yes,Yes,Fiber optic,No,No,Yes,No,Yes,Yes,Month-to-month,Yes,Electronic check,101.21,4836.28,No
3730-TR02836,Female,0,No,No,65,Yes,Yes,DSL,Yes,No,No,No,No,No,Month-to-month,No,Mailed check,54.83,3360.1,No
9852-TR02518,Female,0,No,Yes,2,Yes,No,Fiber optic,No,No,No,No,Yes,No,Month-to-month,Yes,Electronic check,81.3,153.51,Yes
3907-TR00366,Male,0,No,No,4,Yes,No,DSL,No,Yes,No,No,No,No,Month-to-month,No,Mailed check,50.15,206.95,No
7593-TR01501,Female,0,Yes,Yes,69,Yes,Yes,Fiber optic,Yes,Yes,No,Yes,Yes,No,Two year,Yes,Credit card (automatic),101.88,6952.97,No
8497-TR02218,Male,0,Yes,No,5,Yes,No,Fiber optic,No,Yes,Yes,No,No,Yes,Month-to-month,Yes,Electronic check,93.89,478.32,Yes
5583-SXDAG,Male,0,Yes,No,1,Yes,No,Fiber optic,No,No,No,No,No,No,Month-to-month,No,Electronic check,70.0,70.0,Yes
3850-TR00854,Female,0,Yes,No,20,Yes,No,Fiber optic,Yes,Yes,No,Yes,Yes,No,Month-to-month,Yes,Electronic check,94.48,1965.14,No
8852-TR00315,Male,0,No,No,48,Yes,No,Fiber optic,Yes,Yes,No,Yes,No,Yes,Month-to-month,Yes,Credit card (automatic),93.88,4550.36,No
1931-TR01898,Female,1,No,No,21,No,No phone service,DSL,Yes,No,No,No,Yes,No,Month-to-month,Yes,Electronic check,40.18,860.25,Yes
5930-TR02506,Female,0,Yes,No,31,Yes,Yes,No,No internet service,No internet service,No internet service,No internet service,No internet service,No internet service,Month-to-month,No,Electronic check,24.4,731.92,No
1081-TR01637,Male,0,No,Yes,68,Yes,Yes,Fiber optic,Yes,No,Yes,No,Yes,Yes,Two year,No,Bank transfer (automatic),103.5,7299.53,No
4983-CLMLV,Female,0,Yes,No,52,Yes,Yes,Fiber optic,No,Yes,No,Yes,Yes,Yes,Month-to-month,Yes,Credit card (automatic),102.7,5138.1,No
2201-TR02638,Female,0,No,No,50,Yes,No,DSL,Yes,No,Yes,Yes,No,No,One year,No,Credit card (automatic),57.77,2871.34,No
2816-TR02034,Male,0,No,No,45,Yes,Yes,Fiber optic,No,Yes,Yes,No,Yes,Yes,Month-to-month,Yes,Bank transfer (automatic),105.8,4782.42,Yes
5246-TR00000,Female,1,No,No,15,Yes,No,Fiber optic,No,Yes,No,No,Yes,Yes,Month-to-month,Yes,Electronic check,98.42,1437.71,Yes
8952-TR00473,Female,1,Yes,No,1,Yes,No,Fiber optic,No,No,No,No,No,No,Month-to-month,Yes,Electronic check,69.37,69.37,No
1613-TR00107,Female,0,No,No,19,Yes,No,Fiber optic,Yes,No,Yes,Yes,Yes,Yes,Month-to-month,Yes,Electronic check,108.89,1982.61,Yes
7529-ZDFXI,Male,1,Yes,No,57,Yes,Yes,Fiber optic,No,Yes,No,No,No,Yes,Month-to-month,Yes,Electronic check,89.85,4925.35,No
9178-JHUVJ,Male,0,Yes,Yes,24,Yes,Yes,No,No internet service,No internet service,No internet service,No internet service,No internet service,No internet service,Two year,Yes,Bank transfer (automatic),24.1,587.4,No
6216-TR00542,Male,0,Yes,No,49,Yes,Yes,Fiber optic,No,Yes,No,No,No,No,One year,Yes,Electronic check,78.65,3920.54,No
8884-TR02001,Male,0,No,No,70,Yes,Yes,Fiber optic,No,Yes,Yes,No,Yes,Yes,Two year,Yes,Bank transfer (automatic),104.27,7441.41,No
5265-TR01146,Male,0,Yes,No,5,Yes,Yes,Fiber optic,No,Yes,No,Yes,No,No,Month-to-month,Yes,Electronic check,87.3,427.33,Yes
8979-TR01440,Female,0,Yes,Yes,61,Yes,Yes,Fiber optic,Yes,Yes,Yes,Yes,Yes,Yes,Two year,No,Credit card (automatic),113.57,6542.06,No
7049-TR01402,Male,0,No,No,3,Yes,No,Fiber optic,No,No,No,No,No,Yes,Month-to-month,No,Electronic check,78.49,241.79,Yes
2494-TR02827,Male,0,Yes,Yes,47,Yes,Yes,DSL,Yes,No,No,Yes,No,Yes,One year,Yes,Credit card (automatic),71.42,3312.98,No
1159-TR01414,Male,0,No,No,31,Yes,No,DSL,Yes,No,Yes,No,No,No,One year,No,Mailed check,58.61,1723.3,No
8378-TR02812,Male,0,Yes,No,49,Yes,Yes,Fiber optic,No,Yes,No,No,No,No,One year,Yes,Electronic check,80.34,3989.3,No
9994-TR00860,Female,0,Yes,No,57,Yes,Yes,DSL,No,Yes,No,Yes,No,No,Two year,Yes,Credit card (automatic),59.27,3454.57,No
6692-TR01368,Female,0,No,No,71,Yes,Yes,DSL,Yes,No,No,No,No,No,Month-to-month,No,Mailed check,59.22,4115.13,No
3231-TR02139,Male,0,Yes,Yes,46,Yes,No,DSL,Yes,Yes,No,Yes,No,No,Month-to-month,No,Credit card (automatic),60.27,2756.45,No
6020-TR01466,Male,0,Yes,No,1,Yes,No,Fiber optic,No,No,No,No,No,No,Month-to-month,No,Electronic check,70.29,70.82,Yes
1492-TR00561,Female,0,No,No,26,Yes,Yes,Fiber optic,No,No,No,No,No,No,One year,Yes,Credit card (automatic),73.74,1926.26,No
3328-TR01296,Male,1,No,No,3,Yes,No,DSL,No,No,No,No,No,No,Month-to-month,No,Bank transfer (automatic),46.73,136.75,No
9894-TR01974,Female,0,No,Yes,4,Yes,No,Fiber optic,Yes,No,No,No,No,No,Month-to-month,Yes,Mailed check,77.45,303.56,Yes
8024-TR00348,Female,0,Yes,No,72,Yes,Yes,No,No internet service,No internet service,No internet service,No internet service,No internet service,No internet service,Two year,No,Bank transfer (automatic),22.68,1612.44,No
0122-OAHPZ,Female,0,No,No,7,Yes,Yes,Fiber optic,No,No,No,No,No,No,Month-to-month,Yes,Electronic check,73.85,511.25,Yes
4148-TR01867,Male,0,No,Yes,20,Yes,No,DSL,No,No,No,No,No,No,One year,No,Mailed check,50.59,1045.89,No
8052-TR00405,Female,0,No,No,9,Yes,No,No,No internet service,No internet service,No internet service,No internet service,No internet service,No internet service,One year,Yes,Bank transfer (automatic),18.0,161.09,No
6200-TR01343,Female,0,No,No,44,Yes,Yes,Fiber optic,Yes,Yes,Yes,Yes,Yes,Yes,Two year,No,Credit card (automatic),118.27,5119.82,No
7711-TR00998,Male,1,Yes,Yes,66,Yes,Yes,Fiber optic,No,Yes,Yes,Yes,Yes,Yes,One year,Yes,Electronic check,109.98,6902.32,No
5592-TR02752,Female,0,No,No,44,Yes,No,No,No internet service,No internet service,No internet service,No internet service,No internet service,No internet service,Two year,Yes,Mailed check,22.21,1000.9,No
6763-TR02196,Male,0,No,No,58,Yes,Yes,Fiber optic,No,Yes,No,No,Yes,No,Month-to-month,Yes,Bank transfer (automatic),93.09,5166.52,No
7689-TR01227,Male,0,No,No,50,Yes,Yes,Fiber optic,No,Yes,Yes,No,Yes,Yes,Month-to-month,Yes,Bank transfer (automatic),105.93,5188.25,Yes
1711-TR01560,Male,0,No,No,57,Yes,Yes,Fiber optic,No,Yes,No,No,Yes,No,Month-to-month,Yes,Bank transfer (automatic),87.27,4939.25,No
9053-TR00843,Male,0,Yes,No,63,Yes,Yes,Fiber optic,No,Yes,Yes,No,Yes,Yes,Month-to-month,Yes,Electronic check,105.38,6354.35,Yes
4140-TR02797,Male,0,No,Yes,31,Yes,No,DSL,No,Yes,Yes,No,Yes,No,One year,No,Credit card (automatic),59.8,1904.85,No
7567-TR01338,Female,0,Yes,Yes,4,Yes,No,DSL,Yes,No,No,No,No,No,Month-to-month,No,Mailed check,52.16,217.17,No
9262-TR01705,Female,0,No,No,3,No,No phone service,DSL,No,Yes,No,No,No,No,Month-to-month,No,Bank transfer (automatic),28.55,85.41,Yes
8208-TR00370,Female,0,No,No,10,Yes,No,Fiber optic,No,No,No,No,No,Yes,Month-to-month,Yes,Bank transfer (automatic),75.97,754.58,Yes
7417-TR00390,Female,1,No,No,18,No,No phone service,DSL,Yes,No,No,No,Yes,No,Month-to-month,Yes,Electronic check,45.33,790.69,Yes
2098-TR00964,Female,1,No,No,19,Yes,Yes,Fiber optic,No,No,Yes,No,No,No,Month-to-month,Yes,Credit card (automatic),80.86,1504.32,No
8219-TR00024,Female,0,Yes,Yes,58,Yes,Yes,Fiber optic,Yes,Yes,Yes,Yes,Yes,Yes,Two year,No,Credit card (automatic),117.3,6521.79,No
5843-TR00355,Male,1,No,No,5,Yes,No,Fiber optic,No,No,No,Yes,No,No,Month-to-month,No,Electronic check,72.43,362.58,No
6957-TR01141,Female,0,No,No,11,Yes,Yes,Fiber optic,No,No,No,No,No,Yes,Month-to-month,Yes,Electronic check,85.79,945.66,No
1374-TR01186,Female,0,No,Yes,5,Yes,No,Fiber optic,No,No,No,No,Yes,No,Month-to-month,Yes,Electronic check,78.95,419.01,Yes
4636-TR00416,Male,0,Yes,Yes,25,Yes,Yes,Fiber optic,No,Yes,No,Yes,No,No,Month-to-month,Yes,Credit card (automatic),85.15,2090.75,No
6342-TR00989,Female,0,Yes,Yes,42,Yes,No,DSL,Yes,Yes,No,Yes,Yes,Yes,One year,No,Credit card (automatic),81.18,3444.57,Yes
8190-TR01475,Female,0,Yes,Yes,13,Yes,Yes,Fiber optic,Yes,No,No,No,Yes,Yes,Month-to-month,Yes,Electronic check,102.0,1371.59,Yes
8575-TR00679,Male,0,Yes,No,72,Yes,Yes,DSL,Yes,Yes,Yes,Yes,Yes,Yes,Two year,Yes,Bank transfer (automatic),88.34,6729.73,No
4486-TR02382,Female,1,Yes,Yes,59,Yes,No,DSL,Yes,Yes,Yes,Yes,No,Yes,One year,Yes,Credit card (automatic),72.03,4256.17,No
7077-TR02387,Female,0,No,No,23,No,No phone service,DSL,No,No,No,No,Yes,Yes,Month-to-month,Yes,Electronic check,45.96,1039.45,No
1900-TR01013,Male,0,No,No,49,Yes,Yes,DSL,No,Yes,Yes,Yes,No,Yes,Two year,Yes,Bank transfer (automatic),75.22,3727.95,No
8051-TR01107,Male,0,No,No,30,Yes,No,Fiber optic,Yes,No,No,Yes,Yes,No,Two year,Yes,Electronic check,90.33,2745.0,No
3874-TR01115,Male,0,Yes,Yes,56,Yes,No,No,No internet service,No internet service,No internet service,No internet service,No internet service,No internet service,Two year,No,Credit card (automatic),18.0,995.87,No
4660-TR01944,Female,0,Yes,No,41,Yes,Yes,Fiber optic,Yes,Yes,Yes,Yes,Yes,Yes,One year,No,Mailed check,115.38,4851.59,No
9538-TR01203,Female,0,No,No,45,Yes,No,Fiber optic,No,Yes,No,Yes,Yes,Yes,Two year,Yes,Bank transfer (automatic),101.49,4519.68,No
5753-TR01745,Female,0,No,No,1,No,No phone service,DSL,No,No,No,No,No,No,Month-to-month,No,Electronic check,21.89,21.89,No
1632-TR01236,Female,0,No,No,6,Yes,Yes,Fiber optic,No,No,No,No,No,No,Month-to-month,Yes,Electronic check,75.12,447.05,Yes
4079-TR01370,Female,0,Yes,Yes,71,Yes,Yes,DSL,Yes,Yes,No,No,Yes,No,Two year,Yes,Credit card (automatic),68.68,4796.07,No
1046-TR01061,Female,0,Yes,Yes,72,Yes,Yes,Fiber optic,Yes,Yes,Yes,No,Yes,Yes,Two year,No,Credit card (automatic),112.31,8174.64,No
6932-TR02823,Female,0,No,No,22,No,No phone service,DSL,No,No,No,No,Yes,Yes,Month-to-month,Yes,Electronic check,41.65,892.22,No
3942-TR02845,Male,1,No,No,0,No,No phone service,DSL,No,No,Yes,No,No,Yes,Month-to-month,Yes,Electronic check,43.24,0.0,Yes
6547-TR01350,Male,0,No,Yes,45,Yes,Yes,DSL,Yes,No,Yes,No,Yes,Yes,One year,Yes,Credit card (automatic),76.03,3526.94,No
4634-TR00758,Male,0,No,No,13,Yes,No,No,No internet service,No internet service,No internet service,No internet service,No internet service,No internet service,Two year,No,Credit card (automatic),18.0,223.08,No
2569-TR00502,Female,0,No,No,70,Yes,Yes,DSL,Yes,No,No,No,No,No,Month-to-month,No,Mailed check,59.17,4141.76,No
1979-TR02400,Female,0,No,No,8,Yes,Yes,Fiber optic,No,No,No,No,No,No,Month-to-month,Yes,Electronic check,73.53,579.04,Yes
2193-TR01304,Male,0,Yes,Yes,71,Yes,Yes,DSL,No,Yes,Yes,Yes,No,Yes,One year,Yes,Bank transfer (automatic),75.69,5474.5,Yes
1112-TR02311,Male,0,No,No,72,Yes,Yes,Fiber optic,No,Yes,Yes,Yes,Yes,Yes,Two year,No,Bank transfer (automatic),113.11,8041.36,No
4482-TR02436,Male,0,Yes,No,72,Yes,No,No,No internet service,No internet service,No internet service,No internet service,No internet service,No internet service,Two year,No,Mailed check,19.66,1405.07,No
4927-TR02332,Female,0,No,No,8,Yes,No,DSL,Yes,Yes,No,No,No,No,Month-to-month,No,Mailed check,53.26,393.17,No
7715-TR01526,Male,0,Yes,Yes,5,Yes,Yes,Fiber optic,No,Yes,Yes,No,No,No,Month-to-month,Yes,Bank transfer (automatic),85.12,413.05,Yes
6538-TR01429,Female,0,Yes,Yes,39,Yes,No,DSL,Yes,Yes,No,Yes,Yes,Yes,One year,No,Credit card (automatic),80.06,3152.41,Yes
1292-TR00890,Male,0,Yes,No,32,No,No phone service,DSL,No,No,No,No,Yes,No,Month-to-month,No,Mailed check,33.56,1070.8,No
4878-TR02279,Female,0,No,No,25,Yes,No,Fiber optic,Yes,No,No,No,No,No,Month-to-month,Yes,Bank transfer (automatic),71.77,1737.6,No
2753-TR00766,Male,0,No,Yes,0,Yes,No,No,No internet service,No internet service,No internet service,No internet service,No internet service,No internet service,Month-to-month,No,Mailed check,20.34,0.0,No
3350-TR00247,Male,0,No,No,8,Yes,Yes,Fiber optic,No,No,No,No,Yes,Yes,Month-to-month,No,Mailed check,92.88,717.99,Yes
6242-TR01385,Male,1,Yes,No,24,Yes,Yes,Fiber optic,No,No,No,No,No,Yes,Month-to-month,No,Electronic check,83.91,1958.92,No
4893-TR02503,Male,0,No,No,54,Yes,Yes,DSL,Yes,No,No,Yes,Yes,Yes,Two year,Yes,Credit card (automatic),79.69,4485.05,No
6864-TR02787,Male,0,No,Yes,46,Yes,Yes,DSL,Yes,No,Yes,No,Yes,Yes,One year,Yes,Credit card (automatic),80.37,3790.96,No
7946-TR02239,Male,0,No,No,29,Yes,Yes,Fiber optic,No,No,No,Yes,No,Yes,Month-to-month,Yes,Credit card (automatic),91.44,2851.54,No
7900-TR01464,Male,0,No,No,4,Yes,No,No,No internet service,No internet service,No internet service,No internet service,No internet service,No internet service,One year,No,Mailed check,22.61,92.61,No
3086-TR01630,Male,0,Yes,Yes,36,Yes,Yes,DSL,No,No,Yes,No,Yes,Yes,Month-to-month,Yes,Electronic check,74.68,2594.83,No
7576-ASEJU,Female,0,Yes,Yes,41,Yes,No,DSL,Yes,No,No,Yes,Yes,Yes,One year,Yes,Credit card (automatic),74.7,3187.65,No
1966-TR00727,Male,1,No,No,5,Yes,No,Fiber optic,No,Yes,No,No,No,No,Month-to-month,Yes,Electronic check,74.7,372.75,Yes
6316-TR00270,Female,0,No,No,3,Yes,No,Fiber optic,No,No,No,No,No,No,Month-to-month,Yes,Electronic check,67.78,203.95,No
4958-TR02497,Female,0,Yes,Yes,9,Yes,No,DSL,No,No,No,Yes,Yes,Yes,Month-to-month,Yes,Electronic check,62.48,569.3,No
3617-TR00570,Female,1,No,No,20,Yes,Yes,Fiber optic,No,No,Yes,No,No,No,Month-to-month,Yes,Credit card (automatic),83.37,1705.61,No
4908-TR01191,Male,0,No,No,22,Yes,No,DSL,No,Yes,No,No,No,No,Month-to-month,Yes,Mailed check,49.54,1067.53,No
2204-TR02646,Male,0,No,Yes,26,Yes,No,DSL,No,Yes,Yes,No,Yes,No,One year,No,Credit card (automatic),61.7,1621.37,No
9533-TR01588,Female,1,Yes,No,10,Yes,Yes,Fiber optic,No,Yes,No,No,No,No,Month-to-month,Yes,Credit card (automatic),84.84,857.8,Yes
2337-TR00745,Female,0,Yes,Yes,10,Yes,No,DSL,Yes,No,No,No,No,No,One year,No,Mailed check,48.17,461.76,No
0322-YINQP,Male,0,No,No,1,Yes,No,DSL,Yes,No,No,No,No,No,Month-to-month,Yes,Mailed check,48.55,48.55,Yes
2156-TR00099,Male,1,Yes,No,24,Yes,No,DSL,Yes,Yes,No,No,No,Yes,Month-to-month,Yes,Bank transfer (automatic),59.26,1450.23,No
9682-TR02549,Male,0,No,No,12,Yes,No,No,No internet service,No internet service,No internet service,No internet service,No internet service,No internet service,Two year,No,Credit card (automatic),18.0,224.88,No
2567-TR00577,Female,0,No,No,0,Yes,No,Fiber optic,No,No,No,No,No,No,Month-to-month,Yes,Bank transfer (automatic),68.09,1.27,Yes
1765-TR00104,Male,0,Yes,Yes,34,Yes,Yes,DSL,Yes,No,Yes,Yes,No,No,Two year,Yes,Credit card (automatic),60.45,2022.14,No
1263-TR02521,Female,0,No,No,23,Yes,Yes,Fiber optic,No,No,No,No,No,No,One year,Yes,Credit card (automatic),73.26,1714.1,No
7460-TR02779,Male,0,Yes,Yes,69,Yes,No,No,No internet service,No internet service,No internet service,No internet service,No internet service,No internet service,Two year,No,Credit card (automatic),20.85,1484.68,No
8089-TR00735,Female,0,No,No,19,Yes,No,Fiber optic,Yes,No,No,No,No,No,Month-to-month,Yes,Bank transfer (automatic),70.88,1407.5,No
5423-TR02397,Female,0,Yes,No,17,Yes,No,Fiber optic,Yes,Yes,No,Yes,Yes,No,Month-to-month,Yes,Electronic check,101.11,1729.74,No
1727-TR01192,Male,1,Yes,Yes,63,Yes,Yes,Fiber optic,Yes,No,Yes,Yes,Yes,Yes,Two year,Yes,Bank transfer (automatic),112.24,6967.09,No
5447-TR02367,Male,1,Yes,Yes,34,Yes,Yes,Fiber optic,No,Yes,No,No,Yes,Yes,Month-to-month,No,Electronic check,102.11,3415.65,No
5924-TR00667,Female,1,Yes,No,10,Yes,Yes,Fiber optic,No,Yes,No,No,No,No,Month-to-month,Yes,Credit card (automatic),76.86,738.58,Yes
7377-TR01277,Female,0,Yes,Yes,28,Yes,No,No,No internet service,No internet service,No internet service,No internet service,No internet service,No internet service,One year,No,Electronic check,18.04,524.45,No
8769-TR02480,Female,0,No,No,45,Yes,Yes,Fiber optic,No,Yes,Yes,No,Yes,Yes,Two year,Yes,Electronic check,107.63,5012.77,Yes
6254-TR01602,Female,0,Yes,Yes,34,Yes,No,No,No internet service,No internet service,No internet service,No internet service,No internet service,No internet service,Two year,Yes,Mailed check,18.0,604.62,No
3495-TR02438,Male,0,No,No,7,Yes,No,Fiber optic,No,No,No,No,No,No,Month-to-month,Yes,Electronic check,69.9,512.94,Yes
4229-TR01853,Female,1,No,No,8,Yes,No,Fiber optic,Yes,No,No,No,No,No,Month-to-month,No,Bank transfer (automatic),73.08,580.38,Yes
5806-TR00511,Female,1,No,No,17,No,No phone service,DSL,Yes,No,No,No,Yes,No,Month-to-month,Yes,Electronic check,40.9,678.89,Yes
8633-TR01458,Male,1,No,No,4,Yes,No,DSL,No,No,No,No,No,No,Month-to-month,No,Bank transfer (automatic),48.04,199.93,No
6113-TR02161,Male,0,No,No,1,Yes,No,No,No internet service,No internet service,No internet service,No internet service,No internet service,No internet service,Month-to-month,No,Bank transfer (automatic),22.5,24.17,No
4604-TR00209,Female,0,Yes,Yes,63,Yes,Yes,Fiber optic,Yes,Yes,Yes,Yes,Yes,Yes,Two year,No,Credit card (automatic),115.84,7500.84,No
3426-TR02684,Male,1,No,No,15,Yes,Yes,Fiber optic,No,Yes,Yes,No,Yes,Yes,Month-to-month,Yes,Electronic check,110.7,1582.76,Yes
5628-TR00486,Male,1,Yes,No,2,No,No phone service,DSL,No,Yes,No,No,Yes,No,Month-to-month,No,Electronic check,47.85,91.5,Yes
5464-TR01570,Female,0,Yes,Yes,69,Yes,Yes,Fiber optic,Yes,Yes,Yes,No,Yes,Yes,One year,Yes,Credit card (automatic),109.93,7999.32,No
8937-RDTHP,Male,0,No,No,1,Yes,No,Fiber optic,Yes,No,No,No,No,Yes,Month-to-month,Yes,Mailed check,84.6,84.6,Yes
5875-TR01889,Female,0,Yes,Yes,72,Yes,Yes,Fiber optic,Yes,Yes,No,Yes,Yes,No,Two year,No,Bank transfer (automatic),98.75,6850.05,No
4066-TR01795,Female,0,No,No,13,Yes,No,Fiber optic,No,Yes,Yes,No,No,No,Month-to-month,Yes,Electronic check,77.25,1022.92,Yes
6354-TR02772,Female,0,No,No,17,Yes,No,Fiber optic,No,Yes,Yes,No,No,No,Month-to-month,Yes,Electronic check,82.0,1345.66,Yes
7073-TR01985,Female,0,No,No,5,Yes,No,DSL,No,Yes,No,No,No,No,Month-to-month,No,Bank transfer (automatic),44.15,212.15,No
6111-TR01503,Female,0,Yes,Yes,72,Yes,Yes,DSL,Yes,No,Yes,Yes,No,No,Two year,Yes,Credit card (automatic),65.07,4964.59,No
6489-TR00085,Male,0,Yes,No,70,No,No phone service,DSL,Yes,Yes,Yes,No,No,No,Two year,No,Bank transfer (automatic),40.35,2816.84,No
5725-TR02043,Female,1,No,No,5,Yes,Yes,Fiber optic,No,No,No,No,No,No,Month-to-month,Yes,Electronic check,69.39,364.16,No
4833-TR00125,Female,1,Yes,Yes,32,No,No phone service,DSL,No,No,No,No,Yes,No,Month-to-month,Yes,Electronic check,31.92,1030.98,No
2226-TR01405,Female,1,Yes,No,64,No,No phone service,DSL,No,Yes,Yes,No,Yes,No,One year,No,Bank transfer (automatic),46.35,2949.46,No
8533-TR00098,Male,0,Yes,No,2,Yes,No,Fiber optic,No,No,No,No,No,No,Month-to-month,No,Electronic check,72.56,144.24,Yes
9695-TR02347,Female,0,No,No,47,Yes,No,Fiber optic,No,Yes,Yes,No,Yes,No,Month-to-month,Yes,Electronic check,93.58,4334.67,No
7735-TR01229,Female,0,Yes,No,24,Yes,No,Fiber optic,Yes,Yes,No,Yes,Yes,No,Month-to-month,Yes,Electronic check,95.86,2387.38,No
4958-TR00869,Male,1,No,No,16,Yes,No,Fiber optic,No,Yes,No,No,No,No,Month-to-month,Yes,Electronic check,77.97,1235.7,Yes
1222-TR01202,Male,0,No,No,51,Yes,Yes,Fiber optic,No,Yes,Yes,No,Yes,Yes,Month-to-month,Yes,Bank transfer (automatic),102.29,5110.11,Yes
6004-TR02402,Female,1,No,No,17,No,No phone service,DSL,Yes,No,No,No,Yes,No,Month-to-month,Yes,Electronic check,38.88,642.31,Yes
3745-TR01734,Female,1,Yes,No,6,Yes,Yes,Fiber optic,No,Yes,No,No,No,No,Month-to-month,Yes,Credit card (automatic),84.37,487.64,Yes
7922-TR00859,Female,0,Yes,Yes,33,Yes,No,DSL,Yes,No,Yes,Yes,Yes,Yes,One year,Yes,Mailed check,79.48,2646.43,No
2448-TR01074,Female,1,Yes,No,3,Yes,No,Fiber optic,No,No,No,No,No,No,Month-to-month,Yes,Electronic check,74.33,219.74,No
6089-TR02275,Female,0,Yes,Yes,15,Yes,No,No,No internet service,No internet service,No internet service,No internet service,No internet service,No internet service,Month-to-month,No,Electronic check,18.0,286.0,No
3712-PKXZA,Male,0,Yes,No,61,Yes,No,No,No internet service,No internet service,No internet service,No internet service,No internet service,No internet service,One year,Yes,Credit card (automatic),20.55,1252.0,No
6230-TR01769,Male,0,Yes,No,48,Yes,Yes,Fiber optic,No,Yes,No,No,No,No,One year,Yes,Electronic check,78.56,3725.48,No
4695-TR00887,Female,1,No,No,13,Yes,No,DSL,No,Yes,Yes,No,No,No,Month-to-month,Yes,Electronic check,56.27,729.25,No
2361-TR00199,Male,1,Yes,Yes,69,Yes,Yes,Fiber optic,No,Yes,Yes,Yes,Yes,Yes,One year,Yes,Electronic check,110.01,7301.46,No
3245-TR00086,Female,0,Yes,No,39,Yes,No,DSL,Yes,No,No,No,Yes,No,One year,Yes,Bank transfer (automatic),62.49,2470.46,No
1638-TR01942,Female,0,No,No,0,Yes,No,No,No internet service,No internet service,No internet service,No internet service,No internet service,No internet service,Month-to-month,Yes,Bank transfer (automatic),18.0,0.0,No
3831-TR00470,Female,0,Yes,Yes,7,Yes,No,No,No internet service,No internet service,No internet service,No internet service,No internet service,No internet service,One year,No,Mailed check,19.26,127.44,No
7664-TR01971,Female,0,No,No,23,Yes,No,Fiber optic,Yes,No,No,Yes,No,Yes,Month-to-month,Yes,Electronic check,87.2,2076.1,No
2429-TR00498,Male,0,No,No,3,No,No phone service,DSL,No,No,No,Yes,No,No,Month-to-month,No,Electronic check,32.42,95.06,No
9870-TR00783,Male,0,No,No,22,No,No phone service,DSL,Yes,No,No,No,Yes,Yes,One year,Yes,Mailed check,48.78,1116.29,No
5036-TR00585,Male,0,No,No,0,Yes,No,No,No internet service,No internet service,No internet service,No internet service,No internet service,No internet service,Month-to-month,No,Mailed check,18.4,0.0,Yes
6530-TR00044,Male,0,No,No,72,Yes,Yes,Fiber optic,No,Yes,Yes,Yes,Yes,Yes,Two year,No,Bank transfer (automatic),104.75,7359.46,No
2438-TR02474,Male,0,No,No,7,Yes,Yes,Fiber optic,No,No,No,No,No,No,Month-to-month,Yes,Electronic check,75.15,528.34,Yes
7929-TR02050,Male,0,No,No,67,Yes,No,DSL,No,No,No,Yes,No,No,Two year,No,Bank transfer (automatic),50.22,3445.39,No
5517-TR00723,Male,0,No,No,21,No,No phone service,DSL,Yes,No,No,No,Yes,Yes,One year,Yes,Mailed check,52.41,1127.31,No
9140-TR00982,Female,0,Yes,Yes,70,No,No phone service,DSL,No,Yes,Yes,Yes,Yes,Yes,Two year,Yes,Electronic check,58.93,3870.78,No
6106-TR00162,Male,0,Yes,No,34,Yes,Yes,Fiber optic,No,No,No,Yes,Yes,No,Month-to-month,Yes,Credit card (automatic),90.38,2972.67,No
9080-TR00522,Female,1,No,No,9,Yes,No,DSL,No,Yes,Yes,No,No,No,Month-to-month,Yes,Electronic check,57.37,515.45,No
4077-TR02024,Female,0,Yes,Yes,65,Yes,Yes,Fiber optic,Yes,Yes,Yes,Yes,Yes,Yes,Two year,No,Credit card (automatic),113.53,7213.73,No
1545-TR00702,Male,1,Yes,Yes,67,Yes,Yes,Fiber optic,Yes,No,Yes,Yes,Yes,Yes,Two year,Yes,Bank transfer (automatic),112.72,7676.46,No
8419-TR01688,Female,0,No,Yes,10,Yes,No,DSL,Yes,Yes,No,No,No,No,Month-to-month,Yes,Electronic check,56.85,572.21,No
9680-NIAUV,Female,0,Yes,Yes,72,Yes,Yes,Fiber optic,Yes,Yes,Yes,No,Yes,Yes,Two year,No,Credit card (automatic),109.7,8129.3,No
1024-GUALD,Female,0,Yes,No,1,No,No phone service,DSL,No,No,No,No,No,No,Month-to-month,Yes,Electronic check,24.8,24.8,Yes
6364-TR01286,Male,0,No,No,36,Yes,No,Fiber optic,Yes,No,No,Yes,Yes,No,Two year,Yes,Electronic check,91.01,3381.11,No
5667-TR02484,Female,0,Yes,No,56,No,No phone service,DSL,Yes,Yes,Yes,No,Yes,Yes,Month-to-month,Yes,Bank transfer (automatic),59.63,3388.51,No
8067-TR02156,Female,0,No,No,12,Yes,Yes,Fiber optic,No,No,Yes,No,Yes,Yes,Month-to-month,Yes,Electronic check,98.57,1258.34,Yes
5887-TR00409,Male,0,No,No,53,Yes,Yes,Fiber optic,Yes,Yes,Yes,Yes,Yes,Yes,One year,No,Credit card (automatic),116.07,6375.75,No
2620-TR01207,Female,0,No,No,6,Yes,Yes,Fiber optic,No,No,No,No,Yes,Yes,Month-to-month,No,Electronic check,95.46,557.94,Yes
2187-TR00836,Male,0,No,No,0,Yes,No,Fiber optic,No,No,Yes,Yes,No,Yes,Month-to-month,Yes,Electronic check,96.52,0.0,No
5419-TR02320,Female,0,Yes,No,36,Yes,No,DSL,Yes,No,No,No,Yes,No,One year,Yes,Bank transfer (automatic),67.19,2457.72,No
7652-TR00728,Male,0,Yes,Yes,60,Yes,No,No,No internet service,No internet service,No internet service,No internet service,No internet service,No internet service,Two year,No,Credit card (automatic),24.38,1416.85,No
7569-TR02780,Male,0,No,No,0,Yes,No,No,No internet service,No internet service,No internet service,No internet service,No internet service,No internet service,Month-to-month,No,Mailed check,25.78,0.0,No
3600-TR01292,Male,0,No,Yes,34,Yes,Yes,Fiber optic,No,Yes,No,No,No,No,Month-to-month,Yes,Mailed check,84.11,2902.89,No
9129-TR01662,Male,0,Yes,Yes,19,Yes,No,DSL,No,Yes,Yes,Yes,No,Yes,Month-to-month,Yes,Mailed check,71.34,1403.24,No
9993-TR01960,Female,1,No,No,60,Yes,Yes,Fiber optic,Yes,Yes,Yes,No,Yes,Yes,One year,No,Electronic check,111.57,6877.15,No
6572-ADKRS,Female,0,No,No,46,Yes,No,Fiber optic,No,No,Yes,No,No,No,Month-to-month,Yes,Credit card (automatic),74.8,3548.3,No
8895-TR00482,Female,1,No,No,1,Yes,Yes,Fiber optic,No,No,No,No,Yes,Yes,Month-to-month,Yes,Electronic check,99.03,104.46,Yes
7566-TR02263,Male,0,Yes,No,60,Yes,Yes,Fiber optic,No,Yes,No,Yes,Yes,Yes,Two year,Yes,Electronic check,106.23,6339.79,No
2896-TR01185,Female,0,No,No,60,Yes,Yes,DSL,Yes,Yes,Yes,Yes,Yes,No,Two year,Yes,Credit card (automatic),78.55,4675.35,No
5509-TR02710,Male,0,No,No,72,Yes,Yes,Fiber optic,No,Yes,Yes,Yes,Yes,Yes,Two year,No,Bank transfer (automatic),106.82,7468.95,No
6021-TR01097,Female,0,Yes,No,48,Yes,No,Fiber optic,Yes,Yes,Yes,No,Yes,No,One year,Yes,Electronic check,90.76,4569.05,No
9445-TR01846,Male,0,Yes,Yes,52,Yes,No,DSL,Yes,Yes,No,Yes,No,No,Month-to-month,No,Credit card (automatic),61.5,3098.53,No
1520-TR01070,Female,0,Yes,No,49,Yes,Yes,Fiber optic,No,Yes,No,Yes,Yes,Yes,Month-to-month,Yes,Credit card (automatic),107.43,5382.09,No
4521-TR02652,Female,0,Yes,Yes,41,Yes,Yes,No,No internet service,No internet service,No internet service,No internet service,No internet service,No internet service,One year,Yes,Credit card (automatic),23.35,950.2,No
5278-TR02319,Female,0,Yes,Yes,26,Yes,No,No,No internet service,No internet service,No internet service,No internet service,No internet service,No internet service,One year,No,Electronic check,21.14,558.03,No
1075-TR02531,Male,0,No,No,3,Yes,No,Fiber optic,No,No,Yes,Yes,No,Yes,Month-to-month,Yes,Electronic check,93.28,292.04,No
6195-TR01748,Male,0,No,No,43,Yes,No,Fiber optic,No,No,No,No,No,No,Month-to-month,No,Credit card (automatic),73.06,3197.09,No
8865-TNMNX,Male,0,Yes,Yes,10,Yes,No,DSL,No,Yes,No,No,No,No,One year,No,Mailed check,49.55,475.7,No
3300-TR01768,Male,0,No,No,72,Yes,Yes,Fiber optic,No,Yes,Yes,Yes,Yes,Yes,Two year,No,Bank transfer (automatic),105.08,8020.05,No
3638-TR02070,Male,0,Yes,Yes,31,Yes,No,DSL,Yes,No,Yes,No,Yes,Yes,One year,No,Credit card (automatic),74.27,2295.21,No
2021-TR00307,Male,0,Yes,Yes,40,Yes,Yes,Fiber optic,Yes,No,No,No,Yes,Yes,One year,No,Electronic check,97.75,3906.02,No
4591-TR02142,Male,1,Yes,Yes,65,Yes,Yes,Fiber optic,No,Yes,Yes,Yes,Yes,Yes,One year,Yes,Electronic check,107.56,6895.42,No
8001-TR01004,Male,0,No,No,18,Yes,No,No,No internet service,No internet service,No internet service,No internet service,No internet service,No internet service,Two year,No,Credit card (automatic),22.13,391.43,No
3077-TR01921,Female,0,Yes,No,72,Yes,Yes,DSL,Yes,Yes,Yes,Yes,Yes,Yes,Two year,No,Credit card (automatic),85.8,6205.17,No
1581-TR02595,Male,0,No,No,27,Yes,No,Fiber optic,Yes,No,Yes,Yes,Yes,Yes,Month-to-month,Yes,Electronic check,107.91,2755.13,No
3552-TR01775,Female,0,No,No,29,No,No phone service,DSL,Yes,Yes,No,Yes,No,Yes,Two year,Yes,Bank transfer (automatic),48.6,1362.34,No
3626-TR00353,Male,0,Yes,Yes,72,Yes,Yes,Fiber optic,Yes,No,Yes,No,Yes,Yes,Two year,No,Electronic check,107.2,7722.15,No
3183-TR01235,Female,0,Yes,Yes,10,Yes,No,No,No internet service,No internet service,No internet service,No internet service,No internet service,No internet service,Month-to-month,No,Mailed check,20.9,199.26,No
8874-TR02586,Female,0,No,No,14,Yes,No,Fiber optic,No,Yes,No,Yes,No,No,Month-to-month,Yes,Credit card (automatic),82.38,1122.24,No
6793-TR00974,Female,0,No,Yes,0,Yes,No,DSL,Yes,No,No,Yes,No,Yes,Month-to-month,Yes,Bank transfer (automatic),64.37,0.61,No
6598-TR01606,Female,0,No,Yes,3,Yes,No,DSL,Yes,No,No,Yes,No,Yes,Month-to-month,Yes,Bank transfer (automatic),65.83,195.96,No
6382-TR00269,Male,0,No,No,10,Yes,Yes,No,No internet service,No internet service,No internet service,No internet service,No internet service,No internet service,Two year,No,Bank transfer (automatic),24.08,228.58,No
4102-TR02867,Female,1,No,No,3,Yes,No,Fiber optic,Yes,No,No,No,No,No,Month-to-month,No,Bank transfer (automatic),78.44,243.55,Yes
3640-TR02441,Male,0,No,No,39,Yes,Yes,Fiber optic,No,No,Yes,Yes,Yes,No,One year,No,Bank transfer (automatic),95.55,3743.69,No
6740-TR02712,Female,0,No,Yes,9,Yes,No,DSL,Yes,Yes,No,No,No,No,Month-to-month,Yes,Electronic check,51.43,464.5,No
1251-KRREG,Male,0,No,No,2,Yes,Yes,DSL,No,Yes,No,No,No,No,Month-to-month,Yes,Mailed check,54.4,114.1,Yes
8916-TR01513,Female,1,No,No,19,Yes,Yes,DSL,Yes,No,No,No,No,No,Month-to-month,Yes,Electronic check,54.25,1035.15,No
9808-TR00682,Male,1,Yes,Yes,69,Yes,Yes,Fiber optic,No,Yes,Yes,Yes,Yes,Yes,One year,Yes,Electronic check,110.9,7527.99,No
7341-TR02454,Female,0,No,No,51,Yes,Yes,Fiber optic,No,No,No,No,No,Yes,Month-to-month,Yes,Electronic check,88.01,4496.11,No
3659-TR01754,Male,0,Yes,Yes,59,Yes,No,DSL,Yes,Yes,Yes,Yes,Yes,Yes,Two year,No,Electronic check,85.2,4957.92,No
4734-TR02265,Male,0,No,No,67,Yes,Yes,Fiber optic,Yes,Yes,No,No,No,No,One year,Yes,Credit card (automatic),83.82,5320.49,No
4412-TR00789,Female,0,No,No,1,Yes,No,Fiber optic,No,No,No,No,No,No,Month-to-month,Yes,Electronic check,73.62,76.59,Yes
8207-TR00181,Female,0,No,No,52,Yes,No,DSL,Yes,No,Yes,Yes,No,No,One year,No,Credit card (automatic),55.39,2959.65,No
3727-TR02611,Male,0,No,No,3,No,No phone service,DSL,No,No,No,Yes,No,No,Month-to-month,No,Electronic check,32.59,95.63,No
5919-TR00454,Male,0,No,No,25,Yes,No,DSL,No,No,No,No,Yes,Yes,One year,Yes,Bank transfer (automatic),69.28,1775.73,No
2933-TR02007,Female,0,No,No,53,Yes,No,DSL,Yes,No,Yes,Yes,No,No,One year,No,Credit card (automatic),59.69,3183.06,No
3655-SNQYZ,Female,0,Yes,Yes,69,Yes,Yes,Fiber optic,Yes,Yes,Yes,Yes,Yes,Yes,Two year,No,Credit card (automatic),113.25,7895.15,No
8103-TR00166,Female,0,Yes,Yes,72,Yes,Yes,DSL,Yes,No,Yes,Yes,No,No,Two year,Yes,Credit card (automatic),62.2,4547.41,No
4587-TR00891,Male,0,No,Yes,20,Yes,Yes,Fiber optic,No,Yes,No,No,Yes,No,Month-to-month,Yes,Credit card (automatic),88.55,1762.48,No
5222-TR02031,Male,1,Yes,Yes,40,Yes,Yes,Fiber optic,No,Yes,No,No,Yes,Yes,Month-to-month,No,Electronic check,99.54,3975.28,No
8143-TR00662,Male,0,Yes,No,64,Yes,Yes,Fiber optic,No,Yes,Yes,No,Yes,Yes,Month-to-month,Yes,Electronic check,102.12,6324.09,Yes
7558-TR00922,Male,0,No,Yes,42,Yes,Yes,Fiber optic,No,Yes,No,No,No,No,Month-to-month,Yes,Mailed check,83.18,3351.2,No
5595-TR02140,Male,0,Yes,No,72,No,No phone service,DSL,Yes,Yes,Yes,No,No,No,Two year,No,Bank transfer (automatic),41.51,2887.55,No
1096-TR02560,Female,0,Yes,Yes,67,Yes,Yes,DSL,Yes,Yes,Yes,No,No,No,Month-to-month,Yes,Bank transfer (automatic),63.86,4455.88,No
6430-TR01222,Male,1,Yes,Yes,63,Yes,Yes,Fiber optic,No,Yes,Yes,Yes,Yes,Yes,One year,Yes,Electronic check,111.19,6850.68,No
1395-TR02098,Female,0,No,No,43,Yes,No,Fiber optic,No,Yes,Yes,No,Yes,No,Month-to-month,Yes,Electronic check,92.23,3871.21,No
2119-TR00476,Male,0,No,No,0,No,No phone service,DSL,No,No,No,No,No,Yes,Month-to-month,Yes,Electronic check,32.96,0.49,Yes
3171-TR01392,Male,0,No,No,53,Yes,Yes,Fiber optic,No,Yes,Yes,No,Yes,Yes,Month-to-month,Yes,Bank transfer (automatic),104.32,5611.35,Yes
2240-HSJQD,Male,0,No,Yes,38,Yes,Yes,Fiber optic,No,Yes,No,No,No,No,Month-to-month,Yes,Mailed check,81.85,3141.7,No
6459-TR02626,Female,0,No,No,0,No,No phone service,DSL,No,No,No,No,No,No,Month-to-month,No,Electronic check,26.42,0.01,No
3319-TR02878,Male,0,Yes,Yes,68,No,No phone service,DSL,Yes,Yes,Yes,Yes,No,No,Two year,No,Credit card (automatic),47.54,3310.6,No
8041-TR01842,Male,1,Yes,No,57,No,No phone service,DSL,No,Yes,Yes,No,No,Yes,Month-to-month,Yes,Electronic check,47.65,2708.43,Yes
4585-TR01189,Male,0,No,No,1,Yes,No,Fiber optic,No,No,No,No,No,No,Month-to-month,No,Mailed check,66.05,69.4,Yes
7393-TR00037,Female,0,Yes,Yes,38,Yes,No,No,No internet service,No internet service,No internet service,No internet service,No internet service,No internet service,Two year,Yes,Mailed check,22.55,888.91,No
6821-TR00945,Female,0,No,No,49,Yes,No,Fiber optic,No,No,Yes,No,No,No,Month-to-month,Yes,Credit card (automatic),77.06,3908.78,No
5688-TR00173,Female,0,No,No,6,Yes,Yes,Fiber optic,No,No,No,No,Yes,Yes,Month-to-month,No,Electronic check,93.39,544.97,Yes
8528-TR01876,Male,1,Yes,No,23,Yes,Yes,Fiber optic,No,No,No,No,No,Yes,Month-to-month,No,Electronic check,89.51,2039.27,No
9748-TR01345,Male,0,Yes,Yes,54,Yes,Yes,No,No internet service,No internet service,No internet service,No internet service,No internet service,No internet service,Two year,No,Mailed check,27.2,1457.14,No
4319-TR02799,Female,0,Yes,Yes,2,Yes,No,No,No internet service,No internet service,No internet service,No internet service,No internet service,No internet service,Month-to-month,No,Mailed check,20.2,43.76,No
7682-TR00802,Male,0,Yes,No,64,Yes,Yes,Fiber optic,No,Yes,No,Yes,Yes,Yes,Two year,Yes,Electronic check,107.71,6347.93,No
9504-TR00837,Female,0,Yes,Yes,0,Yes,No,No,No internet service,No internet service,No internet service,No internet service,No internet service,No internet service,Month-to-month,No,Electronic check,18.0,0.0,No
7943-TR01001,Female,0,Yes,Yes,72,Yes,Yes,Fiber optic,Yes,Yes,No,No,Yes,Yes,One year,Yes,Electronic check,104.31,7405.22,No
7836-TR00567,Female,1,No,No,0,Yes,Yes,Fiber optic,No,No,No,No,Yes,Yes,Month-to-month,Yes,Electronic check,95.56,0.76,Yes
5176-TR02881,Female,0,No,No,0,Yes,No,Fiber optic,No,No,No,No,Yes,No,Month-to-month,Yes,Electronic check,79.08,1.62,Yes
